user_id,recency,frequency,tenure,capacity score,last gift amount,region,age,gender,marital status
1,5,0.55,44,52,6208.18,8,62,m,y
2,13,0.31,170,99,569918.75,8,52,m,y
3,15,0.2,104,37,5123.45,9,64,m,w
4,1,0.37,134,65,3498.95,6,77,m,w
5,4,0.19,24,11,491.08,7,51,f,y
6,7,0.23,20,37,1918.01,7,51,m,y
7,6,0.15,6,25,0.0,5,78,m,y
8,36,0.16,36,28,0.0,7,66,f,y
9,3,0.4,176,0,314.68,9,47,m,y
10,16,0.23,179,55,4465.21,4,63,f,y
11,1,0.26,91,42,659.6,2,48,f,n
12,19,0.25,55,82,0.0,8,48,m,n
13,0,0.21,25,48,461.78,7,58,f,w
14,10,0.29,110,16,0.0,6,26,f,y
15,5,0.3,48,71,20632.99,7,29,m,n
16,0,0.8,10,75,2124.86,3,46,m,y
17,17,0.27,71,28,3806.7,6,39,f,y
18,8,0.24,145,48,0.0,10,59,f,w
19,10,0.2,133,33,4171.14,7,41,f,y
20,7,0.22,76,46,14533.14,7,33,m,y
21,19,0.41,71,63,1131.17,5,76,f,y
22,13,0.12,78,23,10023.61,3,51,m,y
23,2,0.16,160,43,95.33,2,56,f,n
24,3,0.52,161,88,17966.55,7,33,f,w
25,1,0.57,170,53,18865.94,4,46,f,n
26,0,0.16,84,34,4876.11,2,56,f,w
27,12,0.33,24,50,0.0,8,37,f,n
28,3,0.29,18,38,655.29,2,60,f,w
29,6,0.34,50,48,817.41,6,45,m,y
30,9,0.41,11,57,39174.46,4,50,f,n
31,10,0.43,134,30,1160.99,9,45,f,y
32,16,0.24,111,61,0.0,5,82,m,w
33,13,0.18,126,28,180.53,4,54,f,y
34,9,0.27,30,49,614.62,8,39,m,n
35,1,0.18,159,37,723.12,3,67,f,n
36,14,0.29,146,56,8116.76,9,36,f,w
37,0,0.19,24,30,546.92,8,58,m,n
38,2,0.22,143,67,73967.75,8,25,f,y
39,3,0.29,178,42,19118.56,10,35,m,n
40,6,0.19,76,44,2542.02,5,57,f,y
41,23,0.18,20,58,0.0,1,66,m,y
42,6,0.32,112,46,1761.09,10,57,m,y
43,8,0.35,164,64,0.0,9,53,m,y
44,7,0.32,131,57,39.97,2,50,m,n
45,0,0.2,141,64,725.79,1,32,f,n
46,2,0.18,35,41,15761.85,6,44,f,n
47,20,0.2,103,54,2499.84,1,48,m,y
48,2,0.28,102,73,53551.03,10,70,m,y
49,4,0.22,6,44,96620.59,10,60,m,y
50,6,0.41,21,94,5455.38,10,28,f,y
51,11,0.2,119,23,9579.31,7,59,f,y
52,6,0.09,16,10,0.0,7,49,m,y
53,4,0.26,160,81,4901.72,1,44,f,n
54,9,0.14,91,30,12460.57,10,64,m,y
55,7,0.4,173,45,8903.23,5,70,f,y
56,5,0.39,177,65,791.39,3,68,f,y
57,7,0.42,75,79,2099.94,2,42,f,n
58,4,0.15,125,32,38.43,5,50,f,n
59,5,0.33,173,51,3537.63,5,59,f,y
60,4,0.28,44,58,4406.56,2,69,f,y
61,36,0.32,136,87,0.0,6,47,f,y
62,0,0.28,6,46,1616.56,7,52,m,y
63,8,0.18,28,55,5495.34,1,38,m,y
64,2,0.29,120,61,5817.48,3,37,m,y
65,3,0.27,167,36,0.0,4,67,f,y
66,1,0.21,150,67,19166.56,2,75,m,y
67,11,0.24,53,40,2073.15,10,53,m,n
68,2,0.26,96,32,6345.35,5,70,m,y
69,8,0.25,58,64,2608.04,4,60,m,y
70,6,0.27,66,20,2945.97,2,45,f,y
71,4,0.12,108,24,622.98,1,60,f,y
72,3,0.23,107,64,2626.12,8,78,f,w
73,9,0.15,144,45,934.57,2,54,f,n
74,6,0.51,148,13,77.53,4,78,f,y
75,0,0.31,95,59,2260.49,10,25,f,n
76,10,0.26,123,40,225.57,5,67,m,n
77,11,0.31,144,69,3606.88,2,56,f,y
78,4,0.23,140,43,5406.83,10,50,m,y
79,0,0.29,52,63,7549.05,9,56,m,w
80,1,0.21,141,43,2721.81,2,25,f,y
81,6,0.16,10,31,536.71,6,51,m,y
82,11,0.22,92,28,0.0,7,60,m,y
83,0,0.34,96,75,10565.59,6,77,m,w
84,8,0.19,68,42,1239.28,4,47,m,n
85,5,0.39,26,79,13653.96,1,42,m,n
86,2,0.27,124,86,88219.02,2,47,m,n
87,5,0.36,126,95,14737.11,10,68,f,w
88,0,0.07,107,1,136.54,10,59,f,n
89,8,0.22,95,37,554.28,6,47,m,n
90,1,0.3,145,56,5835.99,8,62,f,w
91,0,0.21,117,45,2833.1,3,56,m,y
92,0,0.16,144,30,4018.33,7,69,m,n
93,9,0.34,143,69,0.0,9,44,m,n
94,2,0.28,124,39,808.76,4,50,f,n
95,6,0.51,21,54,8811.14,7,49,m,n
96,0,0.2,148,18,1361.75,7,33,f,n
97,0,0.28,124,50,2122.65,10,59,f,w
98,15,0.2,89,30,0.0,9,58,f,y
99,9,0.15,137,24,5779.65,3,55,f,y
100,0,0.59,27,94,47150.37,1,51,f,y
101,6,0.34,168,71,4055.52,8,33,m,n
102,1,0.27,147,51,1907.3,4,48,m,y
103,12,0.2,99,39,0.0,2,49,f,y
104,8,0.55,36,61,21875.6,5,42,f,y
105,23,0.24,75,42,2807.06,4,52,m,w
106,6,0.58,96,23,283.54,1,61,m,y
107,3,0.31,133,60,3289.54,7,83,m,w
108,9,0.46,16,54,0.0,4,57,m,w
109,7,0.27,41,45,131.62,8,58,m,y
110,4,0.15,85,30,1822.78,9,53,f,y
111,4,0.25,29,50,17633.3,8,26,f,n
112,1,0.51,173,68,1813.69,1,54,f,n
113,5,0.25,118,67,89078.26,8,55,f,y
114,1,0.24,47,48,1260.27,5,91,f,y
115,1,0.31,26,99,1551078.57,1,52,m,y
116,1,0.21,101,30,389.5,9,59,m,y
117,5,0.26,56,58,49036.26,9,54,f,y
118,5,0.36,86,54,25213.4,7,37,f,y
119,0,0.13,60,20,5691.17,7,72,m,w
120,8,0.35,129,72,7333.07,1,66,f,w
121,1,0.21,137,37,528.12,9,66,m,n
122,4,0.52,67,77,2413.61,1,41,m,n
123,7,0.24,92,35,140.83,7,76,m,w
124,0,0.35,158,26,217.78,9,33,m,n
125,6,0.33,147,83,457269.86,9,63,f,y
126,19,0.51,46,55,408.85,5,87,f,y
127,1,0.17,171,33,2032.14,6,40,m,n
128,19,0.52,46,74,0.0,2,46,f,n
129,13,0.37,50,52,4584.23,2,56,f,y
130,6,0.21,131,46,35487.79,10,47,f,y
131,1,0.3,101,48,32748.16,9,31,f,n
132,10,0.31,149,85,4035.62,1,56,m,y
133,8,0.29,24,62,7448.55,10,39,f,y
134,8,0.26,42,68,11417.51,5,62,m,n
135,1,0.41,90,60,10555.4,7,41,f,n
136,5,0.19,31,35,2952.73,10,78,m,w
137,8,0.33,99,46,0.0,6,43,f,n
138,5,0.3,109,54,2923.89,6,50,f,n
139,7,0.49,130,28,22.66,6,67,m,y
140,6,0.24,146,71,2372.4,8,36,m,y
141,4,0.21,96,42,2561.79,7,58,f,y
142,1,0.19,92,39,378.49,5,74,f,w
143,13,0.39,167,54,126.39,10,30,m,y
144,8,0.17,128,43,2294.7,2,57,f,y
145,8,0.16,103,28,5706.33,10,58,m,y
146,0,0.27,28,45,4773.66,6,66,m,y
147,11,0.12,113,6,0.0,10,36,m,y
148,1,0.36,153,49,10250.42,5,35,m,n
149,9,0.31,59,39,1841.18,4,62,f,y
150,9,0.19,64,42,5391.35,10,59,f,y
151,0,0.37,153,41,5976.64,5,58,m,y
152,6,0.55,44,33,7107.17,9,60,f,w
153,9,0.33,83,63,101099.02,2,44,m,y
154,12,0.31,96,29,1512.26,6,58,f,n
155,4,0.4,165,34,1312.0,9,59,m,y
156,0,0.27,174,22,813.39,10,44,f,n
157,9,0.21,74,23,826.27,5,82,f,y
158,3,0.13,73,25,3282.27,6,62,m,w
159,2,0.33,92,70,16479.47,10,37,f,n
160,12,0.32,26,38,0.0,4,64,m,n
161,3,0.25,157,58,499.28,5,40,m,y
162,5,0.23,149,40,6016.46,8,66,m,n
163,3,0.23,37,61,4043.23,1,72,m,w
164,19,0.37,159,57,0.0,1,42,m,y
165,4,0.24,8,47,8224.28,10,69,m,y
166,3,0.19,87,46,1807.52,4,61,m,n
167,1,0.28,126,46,4280.22,10,67,m,y
168,4,0.18,121,43,157.55,3,83,f,w
169,5,0.16,140,30,1751.42,5,51,f,y
170,8,0.27,93,51,940.19,10,43,m,y
171,10,0.27,149,35,245.99,8,41,m,n
172,2,0.21,58,54,296.26,1,42,m,y
173,23,0.2,9,38,211.26,5,53,f,w
174,7,0.32,178,86,73247.52,5,60,f,w
175,0,0.3,37,68,1126.49,2,59,m,n
176,11,0.23,88,34,2099.68,5,67,m,n
177,9,0.22,107,71,8088.82,8,55,m,w
178,9,0.43,63,86,1973.97,10,76,m,y
179,12,0.28,18,55,7644.17,7,51,f,n
180,8,0.26,155,75,507.03,2,95,f,y
181,0,0.34,49,54,4750.18,6,64,m,y
182,8,0.41,177,65,0.0,10,42,f,n
183,12,0.24,35,48,0.0,1,38,m,n
184,6,0.29,156,76,27013.5,10,62,m,y
185,1,0.45,17,56,1461.44,10,51,f,y
186,8,0.12,19,24,0.0,3,65,f,n
187,0,0.23,41,51,9401.31,6,62,m,y
188,4,0.16,50,25,0.0,9,53,m,n
189,5,0.24,29,64,521.93,1,42,f,n
190,32,0.25,124,53,0.0,6,32,f,y
191,1,0.28,136,15,391.02,2,48,m,y
192,6,0.34,83,42,672.6,9,67,m,n
193,9,0.2,43,56,1004.02,2,58,m,y
194,0,0.49,97,45,2905.75,3,36,f,y
195,18,0.18,92,45,411.39,2,57,f,y
196,9,0.21,25,46,1858.63,4,60,m,y
197,7,0.47,102,43,0.0,4,41,f,y
198,8,0.31,7,58,2928.33,10,57,f,y
199,0,0.2,159,34,7167.39,1,55,m,n
200,25,0.34,7,75,6840.77,8,37,m,n
201,4,0.44,47,97,4965.44,5,60,f,n
202,6,0.34,45,78,56496.26,8,63,f,y
203,2,0.29,142,80,43806.14,6,71,f,y
204,0,0.26,135,47,490.34,2,70,f,n
205,12,0.42,161,77,0.0,7,34,m,n
206,7,0.25,8,67,2010.5,10,40,m,n
207,3,0.39,21,80,155350.95,9,62,f,n
208,1,0.24,137,54,3390.84,7,62,m,n
209,4,0.36,28,70,18196.52,5,62,f,y
210,0,0.24,107,53,4021.86,4,95,f,w
211,29,0.12,82,36,1509.62,8,63,f,n
212,8,0.32,139,84,52986.89,6,72,m,w
213,2,0.42,60,39,1935.71,5,69,f,n
214,15,0.23,141,40,0.0,7,64,f,n
215,0,0.5,78,67,21092.28,3,50,f,n
216,2,0.25,103,46,1299.6,9,66,f,w
217,3,0.37,86,30,0.0,4,43,m,w
218,18,0.22,119,29,2296.14,4,51,m,n
219,2,0.25,72,68,10629.77,8,47,m,n
220,4,0.32,46,83,1522.64,6,56,m,y
221,7,0.22,45,57,3424.27,1,89,f,w
222,11,0.22,108,66,250.44,2,26,f,n
223,8,0.56,160,37,31687.17,9,65,f,n
224,9,0.31,44,73,103139.76,6,30,f,y
225,10,0.22,58,31,175.29,7,47,m,n
226,7,0.76,45,47,16993.75,9,71,f,y
227,5,0.36,57,79,0.0,3,55,m,n
228,14,0.22,42,45,11046.69,5,38,m,y
229,9,0.3,72,50,12192.97,5,44,f,n
230,5,0.38,152,53,2979.79,10,65,f,y
231,15,0.3,167,53,1021.57,7,44,f,y
232,1,0.3,90,90,2480.23,2,58,m,n
233,17,0.18,71,36,7201.76,4,55,f,y
234,1,0.28,143,33,7794.74,4,45,m,n
235,2,0.27,57,27,597.25,8,87,m,w
236,2,0.31,175,48,4580.1,10,64,f,w
237,0,0.33,7,91,10077777.78,3,25,f,y
238,2,0.3,134,86,12902.69,2,57,f,n
239,2,0.3,169,46,0.0,9,45,f,y
240,7,0.27,102,32,3475.8,4,67,f,w
241,7,0.25,27,47,175.41,9,43,f,n
242,6,0.16,118,26,0.0,6,53,f,y
243,7,0.16,87,50,377.46,1,62,f,y
244,0,0.17,169,38,67.25,3,67,f,y
245,9,0.21,126,49,1194.06,7,36,f,n
246,23,0.31,8,73,881.94,9,49,m,y
247,7,0.26,177,53,0.0,8,47,f,n
248,2,0.36,123,42,10115.5,5,45,f,n
249,2,0.18,149,50,1495.22,8,81,m,w
250,11,0.23,144,74,0.0,2,61,f,w
251,0,0.6,15,72,34726.85,3,36,m,y
252,3,0.26,175,54,15937.15,8,68,f,n
253,1,0.2,30,46,1676.97,9,86,f,w
254,1,0.28,125,67,7031.03,10,70,m,w
255,0,0.22,11,54,960.52,8,32,m,y
256,17,0.5,115,37,11899.5,4,47,f,y
257,3,0.16,177,32,435.72,6,74,m,y
258,3,0.29,13,62,382.85,5,44,m,y
259,0,0.33,167,75,7941.46,4,61,m,y
260,0,0.68,46,50,36729.12,9,66,f,y
261,2,0.16,115,30,12590.31,10,41,f,n
262,1,0.22,6,37,1873.24,3,54,f,y
263,14,0.62,136,61,8561.31,1,25,m,n
264,24,0.41,57,83,0.0,7,39,f,y
265,21,0.2,107,43,4280.99,10,51,f,w
266,1,0.49,82,71,11473.59,8,36,m,n
267,1,0.17,176,15,3391.01,3,79,f,w
268,8,0.42,52,68,0.0,3,33,f,n
269,2,0.34,119,43,2308.17,6,48,f,y
270,0,0.34,88,85,3083.68,2,56,m,n
271,6,0.38,24,54,0.0,6,76,m,y
272,2,0.42,75,51,2122.84,5,33,m,y
273,3,0.31,52,32,683.58,7,72,m,y
274,7,0.2,122,17,948.72,9,55,f,y
275,9,0.25,83,38,8100.65,9,40,m,y
276,0,0.21,10,49,5895.03,1,61,f,n
277,0,0.21,69,51,4031.14,7,57,m,y
278,13,0.26,112,49,4288.06,3,45,m,n
279,2,0.31,178,54,17417.76,4,56,f,n
280,5,0.38,178,100,2311.65,2,49,m,y
281,12,0.2,41,46,2132.18,1,56,f,y
282,0,0.14,142,21,653.13,10,64,m,n
283,11,0.25,156,50,177.6,3,78,m,y
284,6,0.18,165,35,0.0,10,36,f,n
285,0,0.3,178,82,26883.43,9,86,f,w
286,9,0.33,161,64,0.0,1,25,m,y
287,0,0.37,16,65,986.32,3,52,m,y
288,2,0.22,152,33,303.84,5,63,f,y
289,6,0.13,69,24,1155.19,3,59,f,y
290,8,0.19,70,14,773.42,4,45,f,y
291,2,0.19,78,36,79.24,4,51,m,y
292,1,0.52,62,71,6316.96,1,47,f,y
293,10,0.09,71,13,2943.36,6,46,m,y
294,4,0.18,137,43,510.09,7,67,m,w
295,1,0.37,162,48,2265.49,7,60,f,y
296,7,0.14,9,20,1320.44,6,44,m,n
297,4,0.28,129,40,0.0,7,68,m,y
298,7,0.29,134,66,14137.93,3,59,m,y
299,12,0.44,97,72,120696.71,5,67,m,n
300,0,0.37,23,44,6247.29,7,64,f,n
301,3,0.48,146,49,499.96,10,42,f,y
302,3,0.29,75,63,1260.4,5,46,m,y
303,18,0.14,108,31,8635.09,10,66,f,y
304,36,0.22,91,66,0.0,2,64,f,n
305,8,0.19,35,34,12226.1,6,54,f,y
306,4,0.29,160,26,13.2,7,56,m,y
307,4,0.42,112,59,332.34,2,74,f,w
308,8,0.2,161,42,12758.29,10,46,f,w
309,7,0.12,135,22,194452.65,8,63,m,n
310,15,0.26,25,42,7738.03,5,51,m,y
311,10,0.26,83,74,73789.53,8,51,m,n
312,1,0.27,157,61,1575.52,3,71,f,w
313,14,0.38,82,72,5588.1,2,67,m,n
314,2,0.21,77,48,4430.22,7,67,f,n
315,11,0.34,177,71,0.0,5,74,m,w
316,0,0.3,154,53,1890.82,5,55,f,y
317,3,0.17,155,51,166.12,8,65,m,y
318,10,0.31,78,46,1259.62,9,50,f,n
319,30,0.21,111,60,0.0,8,59,f,y
320,4,0.21,133,15,597.92,10,53,m,y
321,2,0.28,112,74,9721.34,2,56,m,y
322,16,0.35,16,67,0.0,10,63,m,n
323,14,0.36,85,74,0.0,7,42,f,y
324,6,0.64,14,59,11017.16,5,86,f,w
325,2,0.19,105,44,17986.24,7,39,m,y
326,2,0.27,57,63,239.77,3,36,m,y
327,5,0.27,120,43,269.99,4,72,m,y
328,32,0.28,146,31,2005.27,7,66,f,y
329,0,0.42,134,64,3020.76,2,64,f,n
330,3,0.18,177,54,1964.14,2,64,f,w
331,15,0.22,80,62,21230.26,1,54,m,n
332,26,0.17,157,50,21784.12,1,41,m,y
333,0,0.2,138,64,1371.59,1,56,f,y
334,7,0.25,153,66,139250.26,6,44,m,y
335,7,0.36,148,50,11314.55,5,69,f,y
336,5,0.24,73,58,526.34,10,52,m,y
337,0,0.26,59,69,2095.62,8,42,m,n
338,3,0.14,16,29,300.47,5,50,f,y
339,4,0.4,156,74,3879.12,1,61,f,y
340,5,0.15,134,46,20665.74,8,46,f,n
341,26,0.24,175,43,0.0,6,42,m,y
342,2,0.18,52,43,495.96,8,58,m,w
343,0,0.38,120,100,16072.71,2,58,f,w
344,1,0.24,43,44,405.12,10,47,f,n
345,3,0.11,135,35,738.18,8,47,f,y
346,12,0.23,50,44,3241.01,6,58,m,n
347,7,0.27,160,63,1696.65,1,33,f,y
348,12,0.33,66,78,510.91,1,33,f,y
349,20,0.25,87,40,23225.49,10,44,f,n
350,1,0.23,16,39,2940.52,5,51,f,y
351,5,0.35,162,71,697.0,7,59,m,y
352,7,0.19,30,42,4243.02,4,77,f,w
353,4,0.22,83,45,7732.35,10,67,f,n
354,4,0.59,179,66,1490.15,5,52,f,y
355,0,0.5,46,44,12025.3,10,54,f,y
356,0,0.41,46,88,13369.61,3,39,f,y
357,0,0.28,106,67,75662.38,2,54,f,y
358,8,0.18,144,48,470.31,2,50,m,n
359,0,0.33,177,78,17260.85,5,59,m,n
360,3,0.34,37,63,0.0,4,42,m,n
361,19,0.39,54,73,275.37,2,62,m,y
362,1,0.45,11,75,12904.63,5,77,m,y
363,5,0.1,62,13,14587.56,10,53,m,y
364,10,0.27,11,49,0.0,9,61,m,y
365,2,0.31,52,59,2748.61,8,65,m,y
366,0,0.4,68,77,13242.43,9,48,m,y
367,12,0.58,155,57,635.64,9,58,m,y
368,10,0.18,72,54,15722.73,8,55,f,n
369,31,0.25,152,47,0.0,9,56,f,n
370,7,0.16,167,34,6880.38,4,43,m,n
371,2,0.29,46,66,334.87,8,55,f,y
372,1,0.33,110,70,3769.29,2,62,f,w
373,0,0.25,12,64,2417.15,9,76,m,w
374,8,0.3,62,59,88388.05,9,69,f,y
375,3,0.53,21,42,333.73,3,87,f,w
376,14,0.16,64,36,23595.09,6,43,f,n
377,1,0.1,171,10,218.72,7,68,m,y
378,26,0.27,142,48,2207.73,3,57,f,y
379,0,0.31,39,45,37586.75,5,87,m,n
380,12,0.27,51,32,6482.68,1,42,f,n
381,12,0.22,170,44,1700.21,3,42,f,y
382,7,0.17,48,40,79.18,8,46,f,n
383,36,0.43,52,74,0.0,3,25,f,n
384,0,0.34,139,93,35356.38,8,47,m,y
385,5,0.47,171,70,0.0,9,43,f,n
386,0,0.39,117,30,6275.14,6,57,f,n
387,5,0.46,128,73,1374.34,7,60,m,y
388,1,0.34,66,95,132976.35,6,83,f,y
389,4,0.25,137,57,1622.95,8,69,m,w
390,0,0.54,138,66,35371.16,7,46,m,n
391,4,0.48,75,34,125.21,10,41,f,y
392,8,0.21,65,45,5873.08,1,62,m,y
393,16,0.26,93,50,4089.89,3,35,f,n
394,20,0.2,97,42,5624.09,3,82,m,n
395,3,0.75,82,38,4060.36,3,72,m,y
396,13,0.28,111,46,0.0,4,47,f,n
397,16,0.18,87,55,286.81,1,29,m,y
398,27,0.39,12,57,35208.31,2,75,f,y
399,4,0.42,36,89,222511.47,5,53,f,y
400,13,0.28,90,64,22411.56,6,73,f,y
401,2,0.26,53,62,13628.85,9,31,f,n
402,11,0.3,47,61,0.0,2,46,f,y
403,12,0.24,95,62,70938.26,9,55,m,n
404,15,0.45,35,68,370.94,7,55,f,y
405,13,0.45,122,100,8289.5,9,48,m,y
406,12,0.17,131,31,22743.17,4,64,f,n
407,9,0.36,56,65,5474.71,7,38,f,y
408,0,0.15,168,37,374.22,1,52,f,n
409,3,0.47,56,84,3523.09,8,56,f,y
410,2,0.33,125,58,6111.6,7,62,f,y
411,4,0.37,114,34,2278.9,7,65,f,n
412,19,0.33,163,64,13614.35,2,38,f,n
413,7,0.27,152,56,5818.35,10,31,m,n
414,0,0.35,55,43,9651.61,9,74,m,w
415,2,0.46,88,94,4918.62,8,59,f,w
416,15,0.62,91,88,1657.47,1,43,f,y
417,3,0.28,137,60,14489.29,1,78,m,n
418,0,0.25,17,28,662.34,5,56,m,y
419,11,0.22,148,49,1056.76,2,72,m,y
420,1,0.23,148,66,5859.93,1,56,f,y
421,1,0.2,143,48,8430.85,10,85,f,w
422,7,0.41,123,87,70630.97,8,81,m,n
423,6,0.29,66,58,1542.4,4,51,m,n
424,3,0.35,152,53,9394.59,2,69,m,y
425,1,0.21,62,34,14687.78,5,64,m,y
426,0,0.4,14,20,15.83,6,75,m,w
427,1,0.25,34,66,1474.13,8,40,f,y
428,10,0.32,12,70,306.76,7,65,f,y
429,18,0.35,110,63,0.0,7,70,m,y
430,6,0.2,150,53,767.08,1,28,m,n
431,8,0.27,84,39,1013.78,3,37,m,y
432,28,0.18,149,44,0.0,3,25,m,y
433,0,0.26,111,62,27043.51,7,50,m,n
434,1,0.19,88,52,6876.82,2,65,m,y
435,5,0.11,171,15,761.42,10,77,m,w
436,0,0.47,94,54,5427.39,7,56,f,y
437,2,0.58,81,38,11567.52,9,79,f,y
438,3,0.2,15,65,5498.45,1,34,f,n
439,9,0.26,157,65,6059.29,2,29,m,n
440,1,0.11,55,15,1204.69,6,54,f,n
441,7,0.44,131,85,5321.17,2,60,f,n
442,0,0.13,48,36,4418.65,2,54,m,y
443,4,0.24,170,58,179.68,5,25,m,y
444,0,0.3,178,39,2703.12,7,53,f,y
445,5,0.22,59,54,4922.25,4,35,m,n
446,4,0.38,48,11,3052.39,6,65,m,w
447,3,0.29,42,35,0.0,3,60,f,w
448,13,0.59,174,53,0.0,4,40,f,y
449,5,0.28,133,56,519.51,4,47,m,n
450,2,0.21,134,44,384.48,4,39,f,n
451,13,0.51,98,78,5920.91,1,54,f,n
452,5,0.23,21,37,0.0,4,69,m,n
453,29,0.38,42,9,0.0,4,40,f,n
454,5,0.51,170,51,923.05,6,62,m,y
455,13,0.36,140,50,748.0,9,47,m,y
456,0,0.21,45,44,444.32,10,43,f,y
457,2,0.21,69,46,1928.69,6,53,m,y
458,0,0.28,119,42,860.32,6,39,m,y
459,6,0.33,27,71,1398.48,7,46,m,y
460,5,0.18,48,26,399.52,7,37,f,y
461,11,0.14,67,39,6054.17,1,84,f,w
462,0,0.26,160,77,8797.85,8,55,m,w
463,14,0.23,34,60,7049.17,1,44,f,n
464,0,0.23,21,26,6388.84,9,58,m,y
465,14,0.19,144,46,3868.41,4,53,f,y
466,6,0.25,26,50,0.0,9,51,m,y
467,0,0.39,142,81,17464.92,8,64,f,w
468,0,0.25,32,47,40104.86,9,66,f,y
469,12,0.36,132,73,4245.85,6,47,f,y
470,3,0.17,91,38,1323.34,9,46,m,n
471,23,0.42,112,29,0.0,4,50,f,y
472,35,0.15,156,30,0.0,3,25,m,n
473,12,0.3,56,50,0.0,3,32,f,y
474,11,0.22,85,66,7003.09,8,75,m,y
475,10,0.61,136,62,7408.38,2,79,m,n
476,1,0.2,149,18,1090.38,6,51,m,w
477,1,0.15,141,8,747.75,9,63,m,w
478,4,0.32,95,27,471.27,9,59,f,y
479,23,0.27,175,83,10431.99,8,95,f,y
480,0,0.27,168,69,836.88,8,71,f,y
481,13,0.59,53,69,429.78,1,53,f,w
482,4,0.26,59,46,20536.71,7,40,f,n
483,0,0.26,108,53,568.36,1,30,m,n
484,1,0.17,41,39,5831.26,9,58,m,y
485,31,0.21,11,50,2065.36,3,43,m,n
486,13,0.24,17,77,2843.62,1,33,m,y
487,14,0.35,108,94,0.0,8,45,m,n
488,6,0.34,70,54,4580.81,7,38,m,n
489,0,0.23,176,62,954.65,2,80,m,n
490,13,0.35,176,73,5477.68,7,68,m,y
491,5,0.27,94,46,8303.62,5,54,f,y
492,10,0.27,96,68,16387.02,7,77,m,y
493,10,0.3,92,37,0.0,10,56,f,w
494,0,0.25,26,40,3450.98,7,42,f,y
495,2,0.24,93,75,3114.15,2,77,f,w
496,14,0.47,18,56,4126.3,2,63,m,n
497,5,0.18,175,33,2555.17,7,39,m,n
498,0,0.21,125,36,1381.01,3,52,m,w
499,25,0.44,148,35,812.88,4,41,m,n
500,7,0.24,134,49,1249.95,7,34,m,n
501,4,0.18,56,53,2958.66,2,68,f,y
502,18,0.58,167,58,0.0,2,83,f,w
503,1,0.78,47,62,4685.15,9,34,f,n
504,29,0.34,67,73,2782.79,1,63,m,y
505,2,0.5,100,74,30659.9,3,45,m,n
506,6,0.82,165,34,5722.2,10,47,f,n
507,13,0.32,105,86,105272.13,4,46,m,n
508,2,0.28,66,15,2032.9,5,42,f,y
509,2,0.15,98,31,10647.58,3,55,f,n
510,7,0.17,157,4,0.0,9,42,m,y
511,0,0.24,160,30,939.34,5,59,m,n
512,11,0.21,26,32,7521.09,7,54,m,y
513,2,0.38,23,80,3058.66,7,51,m,y
514,25,0.36,60,93,0.0,9,41,m,y
515,2,0.22,73,73,912.81,2,46,m,y
516,22,0.32,52,83,0.0,3,66,m,y
517,0,0.52,59,65,8075.09,4,62,f,y
518,4,0.11,23,24,333.87,8,40,f,n
519,8,0.37,133,81,11450.13,1,56,m,n
520,2,0.25,54,47,1442.9,9,66,f,y
521,10,0.61,99,53,0.0,5,29,f,y
522,36,0.51,168,26,562.22,4,63,f,y
523,22,0.25,172,58,0.0,8,45,f,n
524,30,0.3,62,69,10324.54,9,63,m,y
525,0,0.16,11,21,3455.58,3,43,m,y
526,7,0.27,83,57,52624.21,4,27,f,y
527,15,0.16,25,49,1018.19,1,30,f,y
528,16,0.14,55,29,574.33,3,55,f,y
529,5,0.33,14,65,6878.38,10,58,f,y
530,0,0.3,147,54,509.94,5,41,f,n
531,11,0.3,125,96,10804.19,8,64,m,n
532,22,0.23,156,60,0.0,1,30,m,y
533,0,0.58,53,100,59787.52,1,54,m,n
534,0,0.17,85,22,2678.42,3,36,f,y
535,11,0.37,61,93,1899.63,9,45,f,n
536,12,0.24,126,62,8246.95,9,55,f,y
537,1,0.42,45,79,3700.43,1,42,f,n
538,10,0.24,102,35,137207.67,4,49,f,n
539,17,0.26,172,79,0.0,8,70,f,y
540,2,0.19,91,43,603.63,2,46,f,n
541,4,0.29,48,36,3493.17,4,67,m,y
542,5,0.29,127,69,9440.95,7,38,f,n
543,4,0.21,164,32,9550.37,7,62,f,y
544,3,0.27,75,46,17824.66,5,76,m,y
545,36,0.31,105,45,2023.98,7,25,m,n
546,6,0.32,136,61,16335.59,6,43,f,y
547,10,0.31,137,82,0.0,2,63,m,y
548,0,0.16,160,32,703.65,9,51,m,y
549,5,0.3,94,72,10128.8,5,60,m,n
550,18,0.23,32,60,0.0,2,45,f,y
551,9,0.44,110,47,4185.93,6,56,f,y
552,2,0.3,105,48,209.5,10,52,m,n
553,14,0.27,65,48,2254.95,5,72,m,y
554,0,0.25,41,58,1973.09,2,58,f,y
555,33,0.32,123,54,0.0,10,60,f,y
556,11,0.24,179,53,1778.8,10,48,f,y
557,24,0.32,66,71,481.33,7,47,m,y
558,15,0.22,175,29,0.0,10,48,m,n
559,11,0.21,12,52,2432.57,2,60,m,y
560,4,0.15,163,30,1289.9,7,48,f,y
561,13,0.18,55,24,13795.91,6,59,m,y
562,0,0.14,121,24,2849.07,4,86,m,y
563,2,0.41,173,69,1806.07,4,68,m,y
564,17,0.26,133,47,0.0,6,50,m,y
565,9,0.49,10,35,92.57,9,73,f,n
566,1,0.3,75,68,11920.57,10,48,m,y
567,4,0.16,177,27,1594.57,6,25,f,n
568,9,0.86,37,70,94068.47,6,39,f,y
569,12,0.31,84,88,408.7,1,26,m,y
570,14,0.36,120,86,10107.95,5,49,f,n
571,1,0.33,82,100,16435.32,1,55,f,y
572,0,0.33,79,86,48622.99,9,80,f,w
573,1,0.33,173,42,224288.84,10,59,m,n
574,5,0.37,62,66,19183.1,4,51,m,y
575,20,0.16,16,33,0.0,2,67,m,y
576,1,0.42,173,39,2415.24,9,25,f,w
577,11,0.26,109,43,2054.23,6,58,f,n
578,9,0.21,135,21,0.0,10,66,f,w
579,26,0.37,123,53,2005.3,3,32,m,y
580,2,0.33,125,67,1632.28,2,72,m,n
581,9,0.27,54,69,4504.37,6,60,f,w
582,0,0.28,43,55,436.86,10,48,f,y
583,2,0.21,21,22,422.34,6,64,f,w
584,7,0.09,125,10,379.77,9,89,m,y
585,28,0.28,93,66,4122.17,5,57,m,w
586,4,0.32,124,38,1459.12,9,58,m,y
587,8,0.47,83,37,1597.84,5,48,m,y
588,0,0.51,32,38,276.26,2,42,m,n
589,0,0.31,79,61,48174.87,1,67,m,y
590,1,0.31,128,46,1783.4,9,42,m,y
591,6,0.38,161,68,5186.0,10,56,m,y
592,13,0.19,50,36,1623.02,7,47,m,n
593,3,0.23,166,42,3530.71,3,62,f,w
594,9,0.21,133,48,2530.02,6,60,m,y
595,5,0.25,65,44,1251.28,10,70,f,y
596,13,0.31,131,85,0.0,4,47,f,y
597,0,0.4,179,58,44717.7,9,50,f,n
598,7,0.49,40,62,2524.0,2,40,f,y
599,21,0.17,46,34,0.0,4,48,m,y
600,0,0.28,138,68,853.7,1,60,f,y
601,2,0.23,10,40,585.72,7,66,f,y
602,2,0.31,155,40,7242.04,4,41,f,n
603,8,0.25,39,44,0.0,5,68,m,y
604,12,0.32,150,85,7625.3,1,75,m,y
605,8,0.19,56,55,5714.17,2,61,m,y
606,4,0.24,142,51,3102.49,4,83,f,w
607,2,0.32,130,77,6771.14,2,43,f,y
608,21,0.1,148,30,6467.58,1,36,m,y
609,1,0.23,114,46,2815.53,10,28,f,y
610,11,0.26,162,81,3662.6,1,77,f,w
611,1,0.24,158,62,24656.77,6,64,m,y
612,4,0.24,90,61,10474.24,2,54,f,y
613,2,0.19,33,36,1606.7,3,59,f,y
614,2,0.22,156,28,281.61,5,38,m,y
615,2,0.26,108,63,3212.87,3,91,f,w
616,13,0.15,105,30,2345.82,6,56,m,y
617,2,0.14,8,29,62.4,7,56,f,w
618,2,0.13,38,9,1200.61,10,65,f,y
619,3,0.19,74,45,880.15,6,62,f,y
620,8,0.19,95,59,1203.28,2,58,m,y
621,6,0.28,22,61,1003.23,9,43,m,n
622,4,0.4,86,39,170.76,2,62,m,y
623,22,0.31,116,44,0.0,6,83,f,w
624,1,0.45,72,88,87428.39,9,75,m,y
625,1,0.23,72,54,48434.08,9,78,f,n
626,1,0.28,39,65,1369.48,2,47,m,n
627,7,0.18,13,36,232.21,9,40,m,n
628,12,0.27,50,63,713.39,8,53,m,y
629,10,0.38,65,55,668.09,7,55,f,n
630,19,0.23,75,56,351.83,8,71,f,y
631,10,0.19,106,38,2658.05,10,29,m,y
632,36,0.24,114,65,0.0,8,77,m,y
633,6,0.25,155,58,0.0,1,52,f,y
634,36,0.39,166,59,0.0,9,48,m,y
635,6,0.32,117,55,13796.46,6,39,f,y
636,0,0.47,179,52,1507.34,1,30,f,w
637,13,0.5,57,39,9423.15,1,67,f,n
638,17,0.26,124,58,2830.95,7,56,f,y
639,4,0.31,79,52,25427.65,10,35,f,w
640,1,0.45,71,100,331917.45,2,35,f,y
641,22,0.19,154,20,546.65,6,49,f,y
642,18,0.32,157,36,1629.14,5,80,f,w
643,2,0.29,126,68,915.2,5,51,m,y
644,1,0.23,18,13,917.29,10,32,m,n
645,0,0.21,69,44,87331.11,6,51,m,y
646,2,0.25,10,56,555.17,8,50,f,y
647,13,0.16,151,33,1242.57,5,25,f,y
648,6,0.41,121,97,0.0,8,54,m,w
649,5,0.34,42,31,160.11,5,51,m,n
650,18,0.24,59,19,181.49,10,65,m,n
651,3,0.61,37,86,28517.08,6,82,f,n
652,5,0.59,33,45,439.52,8,71,f,y
653,24,0.24,91,57,0.0,2,50,f,n
654,2,0.13,50,20,1827.24,7,38,m,y
655,9,0.37,33,65,1182.64,3,93,f,y
656,1,0.38,70,93,51512.48,9,55,m,n
657,6,0.2,75,33,262.05,10,55,f,y
658,15,0.22,47,49,0.0,7,54,m,y
659,2,0.17,166,39,515.9,3,57,f,n
660,1,0.46,21,100,177276.13,8,52,m,n
661,16,0.24,146,40,1243.52,10,46,m,n
662,1,0.24,154,60,896.97,2,46,f,y
663,19,0.16,64,23,0.0,10,54,m,y
664,10,0.22,52,47,2419.19,8,46,m,n
665,1,0.32,172,45,3952.42,7,44,f,n
666,18,0.23,115,42,483.25,5,56,f,y
667,2,0.15,131,29,154.75,4,51,m,w
668,2,0.24,48,52,16047.94,10,77,f,w
669,11,0.15,160,27,0.0,10,25,f,y
670,7,0.22,114,64,2739.19,1,71,m,w
671,14,0.35,170,31,2523.06,4,73,m,n
672,4,0.15,119,28,57163.06,6,25,m,n
673,10,0.35,8,56,27932.44,6,49,f,y
674,6,0.14,81,33,0.0,2,49,m,n
675,5,0.34,12,19,1458.48,9,33,m,n
676,7,0.23,25,41,2196.2,1,43,f,n
677,19,0.28,84,39,0.0,4,38,f,n
678,7,0.33,70,68,11665.86,4,81,m,y
679,6,0.42,120,50,692.92,2,69,f,y
680,33,0.2,147,60,5260.51,8,74,m,y
681,14,0.21,103,57,720.59,2,65,m,y
682,0,0.42,54,59,11693.58,2,38,f,n
683,2,0.75,79,98,2874.89,2,47,f,y
684,4,0.42,42,89,390.75,1,62,m,y
685,4,0.25,139,59,43308.08,5,36,f,y
686,24,0.48,11,65,0.0,4,65,f,y
687,2,0.16,33,47,805.15,2,51,m,y
688,28,0.36,107,48,281.3,1,49,f,n
689,0,0.31,126,87,2908.45,1,65,m,y
690,18,0.29,146,95,6053.81,2,61,f,y
691,8,0.2,18,33,279.2,1,49,f,n
692,4,0.23,128,44,2744.82,9,72,m,w
693,36,0.11,15,36,0.0,2,38,m,n
694,36,0.26,85,63,20127.74,3,64,m,y
695,4,0.22,172,36,113.27,9,63,m,y
696,1,0.28,104,42,3833.37,5,50,m,w
697,4,0.13,156,41,2445.93,8,59,m,n
698,14,0.2,42,24,13625.08,7,36,f,n
699,9,0.21,126,53,359.74,6,68,m,y
700,0,0.57,13,100,154023.35,2,52,f,y
701,2,0.37,91,66,50616.76,4,47,f,y
702,5,0.18,10,41,2447.52,9,70,m,n
703,25,0.29,127,58,365.89,7,44,f,y
704,7,0.26,32,25,910.32,3,33,m,w
705,0,0.28,129,65,605.27,6,31,m,y
706,3,0.18,152,50,8978.71,8,64,f,n
707,18,0.25,176,43,0.0,8,35,m,y
708,5,0.34,48,60,9464.21,8,81,f,n
709,0,0.15,40,32,1409.99,8,25,f,y
710,7,0.18,60,33,1580.3,10,80,f,w
711,9,0.48,66,49,3159.98,6,58,f,y
712,11,0.32,52,64,0.0,10,53,f,y
713,3,0.21,107,31,2032.2,3,46,m,n
714,9,0.24,82,20,929.39,9,60,m,y
715,3,0.4,61,40,13901.21,3,54,f,w
716,5,0.17,87,29,1585.06,4,71,m,w
717,0,0.38,151,54,41114.45,10,56,m,w
718,8,0.51,58,77,2166.43,1,57,m,y
719,3,0.42,94,30,348.19,2,49,f,y
720,9,0.37,90,67,0.0,6,54,m,w
721,26,0.29,144,45,872.88,1,59,f,y
722,0,0.31,117,24,918.1,9,29,m,y
723,15,0.32,134,54,0.0,8,34,m,n
724,2,0.19,101,55,0.0,2,66,m,y
725,2,0.26,13,86,7092.74,2,57,m,n
726,2,0.32,152,77,3802.35,8,52,f,n
727,1,0.25,21,49,185.9,8,55,m,n
728,1,0.35,71,100,324449.63,1,60,m,y
729,10,0.21,17,48,248.41,5,46,f,y
730,11,0.35,98,90,10955.16,2,43,f,y
731,26,0.45,79,75,1356.84,1,57,m,y
732,0,0.18,91,37,4518.29,3,40,m,y
733,1,0.36,103,35,163897.69,3,61,f,y
734,17,0.4,26,50,763.9,10,29,f,n
735,6,0.23,42,52,248.53,9,70,m,y
736,6,0.3,10,31,1238.33,10,62,m,n
737,11,0.51,165,62,33979.76,1,58,m,y
738,6,0.22,72,67,935.32,2,69,m,y
739,0,0.26,15,45,2014.1,9,79,f,w
740,18,0.31,93,33,551.25,5,70,f,n
741,1,0.17,89,26,2222.49,9,27,m,y
742,5,0.31,67,83,25843.49,6,35,f,n
743,3,0.13,42,22,3288.63,10,45,m,y
744,3,0.15,54,19,2655.99,10,55,m,y
745,2,0.24,29,63,5068.79,3,62,m,w
746,25,0.08,87,22,0.0,8,44,m,n
747,0,0.65,159,79,5737.09,9,57,f,y
748,12,0.29,111,90,26730.12,2,43,m,n
749,3,0.17,60,35,1789.86,9,45,m,n
750,0,0.26,12,39,7458.77,4,33,f,w
751,6,0.34,174,56,13076.09,8,41,f,y
752,3,0.21,135,47,4503.79,5,34,f,n
753,1,0.17,163,40,5799.05,6,40,f,y
754,3,0.31,128,80,670.99,4,70,m,y
755,30,0.29,25,55,0.0,5,40,f,y
756,11,0.63,61,50,210.46,1,94,f,w
757,13,0.23,29,29,5481.64,3,62,f,n
758,5,0.1,113,7,765.45,4,57,f,w
759,2,0.2,145,63,3969.53,1,42,m,y
760,6,0.14,96,23,1143.85,3,65,f,y
761,6,0.28,20,41,2116.72,4,46,m,y
762,1,0.28,78,63,5364.36,9,56,m,y
763,8,0.22,66,31,2696.04,3,93,m,w
764,12,0.29,33,49,8656.74,3,53,f,y
765,6,0.18,115,38,17980.33,4,72,m,w
766,4,0.28,8,58,14872.09,9,44,f,y
767,8,0.34,21,71,33738.0,9,54,m,y
768,6,0.46,169,84,121426.19,1,81,f,w
769,0,0.32,137,53,251.43,8,45,m,y
770,3,0.32,14,54,913.95,10,82,f,y
771,20,0.49,115,100,0.0,1,65,f,y
772,0,0.58,17,84,13441.23,2,46,m,n
773,2,0.34,79,48,4002.39,10,64,m,w
774,15,0.27,49,66,0.0,5,69,f,n
775,0,0.25,113,52,5857.28,6,64,f,w
776,22,0.26,152,70,33280.29,2,31,f,n
777,9,0.26,18,51,52321.51,10,44,m,n
778,3,0.19,70,14,621.59,5,51,f,y
779,0,0.2,97,33,319.8,3,53,m,y
780,0,0.24,109,41,2255.88,7,64,f,y
781,2,0.33,121,77,12038.6,1,57,f,n
782,8,0.29,136,24,1036.53,5,34,m,y
783,0,0.3,114,63,5402.5,3,60,f,y
784,17,0.22,158,38,864.37,2,64,f,w
785,15,0.21,126,31,328.79,3,63,f,y
786,2,0.74,113,31,5463.68,10,71,m,w
787,1,0.4,21,22,368.63,4,67,m,n
788,4,0.41,48,100,0.0,2,61,f,y
789,2,0.31,61,47,111405.12,2,53,m,n
790,24,0.38,141,43,0.0,3,30,m,n
791,6,0.15,108,49,233.95,2,61,f,y
792,10,0.39,177,29,21227.55,6,58,m,n
793,6,0.38,171,61,0.0,2,59,f,n
794,14,0.48,156,100,40513.25,1,35,m,y
795,0,0.3,11,71,710.71,8,38,m,y
796,10,0.24,48,54,13349.17,10,70,f,y
797,11,0.24,49,40,0.0,4,54,f,y
798,3,0.37,123,69,15110.54,2,65,f,y
799,0,0.25,85,48,78200.04,4,55,f,n
800,8,0.62,28,59,1364.68,2,55,f,y
801,2,0.2,149,40,175.18,5,69,m,w
802,7,0.43,14,45,293.44,7,47,m,y
803,17,0.25,142,55,9376.02,6,56,m,y
804,14,0.42,64,78,0.0,2,48,f,n
805,6,0.26,156,52,5267.43,4,48,m,n
806,0,0.3,74,40,7170.46,8,50,m,n
807,4,0.29,152,51,20262.26,7,58,m,y
808,10,0.38,40,32,605.56,7,47,m,n
809,6,0.26,102,49,588.94,4,73,m,y
810,3,0.47,115,66,957.28,1,41,f,y
811,2,0.21,45,49,6313.06,7,52,m,y
812,9,0.36,147,47,714.64,6,48,f,n
813,7,0.35,89,100,3916.13,8,76,f,y
814,7,0.22,121,48,0.0,5,57,m,y
815,24,0.22,18,70,2030.59,8,70,f,y
816,18,0.44,58,86,528629.33,10,32,m,n
817,3,0.38,85,89,3650.72,8,59,f,y
818,2,0.13,100,14,19.11,9,68,f,y
819,20,0.56,44,61,1725.13,1,56,f,y
820,1,0.16,89,34,1066.75,3,70,f,y
821,30,0.36,126,55,0.0,6,47,m,n
822,1,0.26,70,59,1405.52,4,76,m,w
823,0,0.23,45,73,3320.99,8,89,f,w
824,3,0.42,179,88,22335.7,10,49,m,n
825,18,0.24,140,66,0.0,1,48,m,n
826,10,0.16,50,17,594.52,5,76,m,y
827,7,0.25,27,46,2737.06,4,78,f,w
828,9,0.12,140,37,50.02,1,47,m,y
829,5,0.34,127,71,6514.77,10,48,f,n
830,3,0.24,57,61,6931.83,6,50,m,n
831,5,0.18,105,38,402.38,10,34,m,n
832,3,0.25,73,24,163.99,3,41,f,y
833,11,0.28,72,33,1122.27,5,39,m,n
834,1,0.18,8,44,120.18,6,43,f,n
835,4,0.46,63,73,10357.35,4,54,m,n
836,0,0.31,125,87,105790.92,10,58,m,n
837,0,0.51,105,39,1081.92,10,78,m,y
838,2,0.25,14,38,5110.38,6,40,f,y
839,1,0.19,21,33,1391.54,7,69,f,w
840,12,0.26,17,54,9228.2,2,51,f,n
841,1,0.23,107,54,1043.35,7,54,m,y
842,8,0.33,153,71,28454.75,7,65,f,y
843,5,0.41,36,95,2675.42,2,38,f,y
844,3,0.29,26,44,13052.84,3,60,f,y
845,0,0.35,136,19,249.25,3,57,f,y
846,4,0.19,26,50,6467.25,1,62,f,y
847,6,0.23,97,74,17037.66,1,59,m,y
848,1,0.19,33,31,3778.37,10,91,f,n
849,19,0.19,138,41,10986.71,6,45,m,n
850,0,0.43,76,53,4400.9,9,47,f,y
851,14,0.63,78,61,0.0,9,45,m,n
852,12,0.23,153,41,17628.67,1,46,m,n
853,17,0.38,171,58,10288.55,7,45,m,y
854,0,0.28,121,36,629.04,6,72,m,w
855,4,0.37,170,81,12246.39,4,76,m,w
856,3,0.27,63,13,2192.14,3,46,f,y
857,9,0.45,150,60,0.0,9,42,f,y
858,1,0.24,47,41,775.32,10,62,f,y
859,0,0.4,102,61,2811.91,5,46,f,n
860,1,0.32,165,88,4132.72,8,64,m,y
861,36,0.27,67,63,65026.85,4,58,f,y
862,2,0.36,101,81,4748.68,4,32,m,n
863,2,0.25,117,57,700.13,6,78,f,y
864,10,0.24,125,48,851.87,6,81,m,w
865,2,0.31,92,54,31614.97,3,45,m,y
866,6,0.18,154,51,1080.12,2,49,m,n
867,11,0.26,166,28,411.11,9,59,m,y
868,3,0.43,139,67,0.0,2,60,m,y
869,3,0.28,118,59,1021.16,9,64,m,y
870,2,0.58,97,70,10233.35,8,85,f,w
871,11,0.28,71,37,2332.15,10,52,f,y
872,36,0.27,37,45,0.0,7,43,m,n
873,0,0.16,69,25,298966.5,5,34,m,n
874,4,0.18,159,43,1263.14,3,44,f,n
875,3,0.18,10,39,0.0,2,54,m,y
876,3,0.4,144,50,1431.83,8,81,f,w
877,5,0.35,133,62,13539.07,2,47,m,n
878,8,0.65,79,78,0.0,8,58,f,y
879,5,0.45,97,79,16202.93,5,54,f,y
880,11,0.29,65,36,2670.84,9,72,f,w
881,0,0.21,7,49,13636.47,4,92,f,w
882,12,0.52,94,42,2099.46,8,47,m,y
883,17,0.17,112,27,0.0,7,47,m,n
884,7,0.11,120,26,4278.13,8,70,f,y
885,3,0.18,81,43,4212.83,5,65,f,y
886,5,0.26,158,67,360.57,2,82,m,y
887,7,0.5,175,76,79748.23,7,63,f,y
888,12,0.3,81,35,43580.36,3,49,m,n
889,12,0.4,171,86,17027.39,10,63,m,y
890,3,0.27,176,26,7873.15,10,71,f,y
891,4,0.29,133,77,11995.62,10,67,m,y
892,11,0.16,26,29,2861.57,10,62,f,y
893,4,0.25,153,61,3056.74,2,71,m,w
894,8,0.32,24,53,2892.01,3,72,m,w
895,34,0.22,166,28,0.0,4,75,f,y
896,14,0.2,68,43,1210.35,10,64,f,w
897,1,0.33,24,35,1146.68,7,52,m,y
898,4,0.15,118,30,2043.76,10,57,m,n
899,6,0.14,161,35,1140.63,1,73,m,w
900,7,0.53,27,63,3012.24,6,42,m,y
901,2,0.5,56,56,7790.38,6,60,f,n
902,20,0.21,93,62,0.0,8,49,f,y
903,19,0.24,128,68,0.0,2,55,m,y
904,1,0.38,68,91,6861.53,2,74,m,n
905,21,0.32,67,45,0.0,1,57,f,w
906,4,0.27,162,46,3334.01,3,55,f,y
907,4,0.22,79,46,10038.49,7,34,f,n
908,1,0.21,37,56,342.92,8,66,f,w
909,0,0.19,158,46,2911.78,7,64,m,y
910,2,0.19,149,46,2872.2,9,87,f,y
911,16,0.24,20,75,24030.53,8,50,f,n
912,4,0.71,53,69,337.94,8,58,f,y
913,20,0.26,23,78,0.0,2,58,m,y
914,7,0.27,28,62,1333.14,1,78,m,w
915,0,0.16,60,31,1117.27,6,53,m,n
916,3,0.54,47,95,299832.24,7,59,f,y
917,1,0.31,136,50,6698.63,6,64,m,n
918,10,0.29,108,34,4455.65,7,57,m,y
919,9,0.43,57,86,3813.08,8,48,f,y
920,2,0.34,16,55,1322.3,2,57,m,w
921,1,0.18,60,59,3704.8,1,71,m,w
922,18,0.23,93,22,3320.15,10,39,m,y
923,0,0.32,119,47,152.43,8,56,m,y
924,0,0.24,30,75,3066.55,8,44,m,n
925,3,0.27,97,63,1741.91,8,72,f,y
926,6,0.25,92,60,730.21,10,32,f,y
927,20,0.19,86,40,1686.17,7,46,m,n
928,19,0.35,174,52,0.0,2,60,m,n
929,1,0.28,170,55,6784.73,4,78,f,y
930,12,0.24,14,55,8962.22,9,54,m,y
931,21,0.33,104,64,1499.31,8,46,m,y
932,14,0.4,41,42,5597.66,4,83,f,y
933,4,0.2,62,27,23787.25,8,33,m,n
934,1,0.45,68,49,1084.54,10,25,m,y
935,19,0.23,87,50,0.0,6,61,m,y
936,6,0.26,25,51,459.71,9,47,f,n
937,2,0.22,52,67,2758.14,1,39,m,y
938,3,0.11,25,17,2988.17,6,65,m,y
939,6,0.31,11,69,16803.22,4,58,m,w
940,4,0.33,78,54,609.7,3,46,f,n
941,0,0.36,112,55,19955.52,5,35,m,n
942,6,0.21,98,49,19649.68,10,68,m,y
943,4,0.24,34,48,247.49,8,64,f,y
944,5,0.4,105,92,28851.18,10,53,f,n
945,11,0.36,116,48,42872.29,6,82,m,w
946,0,0.41,126,93,20156.2,1,38,m,y
947,0,0.32,54,68,15384.77,6,32,f,y
948,0,0.17,113,30,139.83,7,44,f,n
949,4,0.36,139,32,779.28,6,54,m,y
950,2,0.2,44,45,6580.28,3,58,m,y
951,4,0.19,37,36,25954.42,9,51,m,y
952,6,0.35,48,61,2102.65,10,60,m,n
953,0,0.28,113,52,817.11,10,36,f,n
954,1,0.22,33,54,19473.39,4,76,m,w
955,1,0.29,50,59,13081.08,5,53,f,y
956,7,0.26,70,66,885.6,5,71,f,y
957,7,0.16,55,33,16291.67,3,60,m,y
958,0,0.26,59,75,103.82,2,61,m,n
959,12,0.22,56,67,1729.15,8,63,f,n
960,1,0.7,48,57,6368.89,7,61,m,w
961,1,0.59,69,74,4237.23,5,64,f,y
962,4,0.3,35,55,28406.93,1,74,f,w
963,3,0.44,175,69,2480.3,10,57,m,y
964,26,0.36,171,42,0.0,1,65,m,y
965,19,0.28,92,68,0.0,8,53,m,y
966,0,0.41,71,64,567.33,4,76,f,n
967,3,0.41,74,43,957.23,4,44,f,w
968,12,0.24,20,61,0.0,9,82,f,y
969,7,0.35,115,61,5882.85,2,54,f,w
970,11,0.15,139,29,0.0,5,33,m,n
971,4,0.41,29,24,8884.58,6,56,f,y
972,3,0.3,126,46,503.6,6,44,f,y
973,11,0.87,90,59,510.26,10,67,f,y
974,2,0.28,147,60,29990.12,3,45,m,y
975,0,0.36,145,37,10077.19,10,48,f,y
976,17,0.58,73,72,18755.28,6,26,f,y
977,23,0.22,127,44,10104.65,10,48,f,w
978,7,0.39,49,47,1935.06,10,25,f,n
979,10,0.23,90,44,0.0,5,31,f,n
980,9,0.25,171,63,0.0,8,66,f,y
981,6,0.41,46,50,1830.73,4,66,f,y
982,7,0.25,127,40,2986.13,10,61,f,y
983,6,0.26,49,54,525.11,10,40,m,n
984,0,0.15,80,29,1063.7,3,54,m,y
985,3,0.23,97,42,1508.26,6,54,m,y
986,0,0.25,21,22,313.54,10,37,f,n
987,0,0.26,171,32,3639.06,9,77,f,n
988,5,0.43,91,90,3682.18,8,68,f,n
989,1,0.41,138,73,1702.0,10,51,m,y
990,3,0.35,142,100,30352.21,8,55,m,y
991,14,0.33,82,34,0.0,3,58,m,n
992,0,0.25,44,81,5894.69,1,25,m,n
993,14,0.28,92,76,3837.1,3,51,f,y
994,17,0.52,160,54,0.0,3,44,m,y
995,3,0.4,165,46,27961.02,6,39,f,n
996,4,0.25,69,49,17411.27,3,50,f,w
997,4,0.48,166,95,9368.85,2,81,m,w
998,1,0.31,111,53,138719.87,9,64,f,w
999,0,0.21,95,46,107555.86,6,46,m,n
1000,4,0.27,151,53,5017.09,5,63,m,y
1001,6,0.18,72,42,416.21,3,75,f,y
1002,5,0.26,10,56,564.49,7,68,f,n
1003,9,0.15,64,27,803.56,7,55,m,y
1004,5,0.45,81,75,150824.72,4,45,m,n
1005,15,0.37,9,63,4722.91,10,65,m,n
1006,7,0.14,21,42,242.74,2,60,m,w
1007,2,0.28,80,67,2022.01,2,68,f,y
1008,16,0.36,105,75,0.0,8,64,f,y
1009,15,0.34,126,63,0.0,4,70,m,y
1010,3,0.13,71,24,89.13,7,46,f,y
1011,1,0.22,141,51,874.94,3,74,m,w
1012,12,0.26,177,53,0.0,9,57,m,y
1013,0,0.2,26,44,1275.33,10,86,f,w
1014,4,0.16,31,32,1285.86,9,44,f,w
1015,4,0.2,168,33,532.83,7,81,f,n
1016,7,0.34,148,74,14825.7,7,57,f,y
1017,2,0.2,173,62,872.33,1,45,f,y
1018,3,0.34,35,54,15215.64,10,47,m,y
1019,24,0.3,71,73,0.0,8,50,f,y
1020,16,0.49,85,55,1278.92,2,61,f,y
1021,3,0.2,18,55,305.67,8,62,m,y
1022,27,0.19,6,52,989.07,2,46,f,n
1023,0,0.24,176,65,14832.93,1,54,f,y
1024,2,0.23,161,50,617.58,8,87,m,y
1025,9,0.27,134,61,0.0,4,80,f,n
1026,7,0.18,173,31,3867.95,10,61,m,w
1027,5,0.4,167,50,7195.3,6,55,f,n
1028,11,0.28,146,72,6329.81,10,56,m,y
1029,30,0.24,66,41,2501.85,10,64,f,n
1030,9,0.39,122,82,78352.7,1,39,m,n
1031,4,0.57,71,70,22755.15,9,51,m,w
1032,9,0.4,128,45,12779.83,7,29,m,y
1033,6,0.17,9,33,1325.22,5,60,f,w
1034,8,0.23,146,41,635.0,6,64,f,y
1035,8,0.26,41,40,596.77,3,47,f,n
1036,36,0.24,101,51,629.95,9,78,f,y
1037,5,0.13,90,30,2117.53,2,36,m,n
1038,11,0.28,148,69,33872.23,10,33,m,w
1039,23,0.15,95,45,0.0,1,58,f,y
1040,1,0.32,90,55,3275.83,1,70,m,w
1041,3,0.29,17,59,0.0,10,80,f,y
1042,6,0.4,81,63,4406.51,2,48,f,y
1043,4,0.27,74,66,3584.02,6,71,m,y
1044,10,0.19,47,32,817.29,6,54,m,w
1045,1,0.23,165,44,1084.64,9,52,f,y
1046,23,0.34,135,66,0.0,10,68,m,y
1047,3,0.21,13,32,11670.22,4,64,m,n
1048,19,0.27,59,58,32355.66,8,31,m,w
1049,25,0.19,141,31,0.0,4,77,f,w
1050,1,0.47,93,44,1885.67,3,75,f,y
1051,6,0.39,146,22,0.0,4,45,m,y
1052,11,0.41,34,84,21933.0,1,60,m,y
1053,0,0.8,18,67,279.55,9,62,m,n
1054,4,0.27,63,66,237105.92,5,58,f,y
1055,4,0.32,68,71,4792.61,7,46,m,y
1056,8,0.23,92,26,22257.54,3,44,m,n
1057,5,0.22,92,40,3944.42,5,54,f,y
1058,10,0.31,79,79,802.54,10,72,f,n
1059,3,0.15,43,32,1702.27,4,63,f,y
1060,4,0.5,74,53,0.0,7,49,f,y
1061,4,0.18,74,34,1235.14,5,66,m,y
1062,3,0.32,173,85,14109.44,2,25,m,y
1063,0,0.17,134,39,349.61,3,72,m,w
1064,4,0.33,135,83,488.01,8,28,m,y
1065,15,0.28,118,17,0.0,3,49,f,y
1066,4,0.18,34,23,1777.63,7,38,f,n
1067,1,0.39,127,32,26801.22,5,35,f,n
1068,2,0.34,12,87,24719.6,7,72,m,w
1069,11,0.25,60,60,33407.42,10,47,f,w
1070,2,0.36,169,72,7150.28,9,60,f,n
1071,0,0.37,12,52,4421.17,7,54,m,y
1072,0,0.29,97,81,331163.6,6,62,f,n
1073,7,0.28,15,83,18064.89,1,56,m,y
1074,18,0.29,85,71,1880.84,4,35,m,y
1075,2,0.22,79,49,2012.26,8,69,f,y
1076,35,0.22,172,39,5749.92,1,47,f,y
1077,1,0.22,63,32,4909.95,6,31,m,y
1078,3,0.23,95,66,1140.88,2,48,m,y
1079,5,0.35,103,31,941.2,9,77,f,y
1080,0,0.41,45,85,30420.97,8,67,f,w
1081,2,0.26,147,36,4440.62,9,49,f,n
1082,7,0.22,134,40,622.98,9,49,m,n
1083,0,0.31,150,87,2101.61,2,50,m,n
1084,5,0.27,54,43,1241.89,2,86,m,y
1085,8,0.21,91,50,2594.6,9,60,m,w
1086,2,0.09,149,28,26.35,2,61,m,y
1087,16,0.65,140,87,3628.88,4,70,m,y
1088,2,0.56,148,87,4982.18,2,58,f,y
1089,19,0.55,120,87,10084.33,1,51,m,y
1090,14,0.22,26,29,2856.09,10,52,f,y
1091,2,0.14,71,28,0.0,7,53,m,y
1092,0,0.21,94,30,14607.93,5,54,m,y
1093,0,0.3,143,69,2577.74,3,65,m,y
1094,11,0.28,57,63,5304.2,8,55,f,y
1095,6,0.47,163,64,85.13,5,65,m,w
1096,1,0.18,39,39,706.03,1,53,f,y
1097,1,0.36,99,48,23623.48,9,56,f,y
1098,3,0.28,91,55,304.55,5,25,f,n
1099,0,0.46,70,35,1447.43,3,68,m,w
1100,9,0.19,65,24,175.75,6,60,f,y
1101,23,0.28,141,49,0.0,8,69,f,w
1102,4,0.19,80,42,119.15,2,25,m,y
1103,16,0.2,74,33,0.0,3,86,f,y
1104,3,0.34,50,50,10692.86,7,52,f,y
1105,2,0.33,54,64,2885.3,2,71,f,w
1106,3,0.25,67,60,1390.55,5,39,f,y
1107,1,0.22,172,39,328.14,9,64,f,n
1108,2,0.17,154,41,590.57,7,39,f,y
1109,9,0.21,126,52,0.0,3,45,m,n
1110,16,0.2,58,59,0.0,2,83,f,y
1111,3,0.23,178,11,1598.54,10,52,f,y
1112,7,0.2,102,48,26809.38,9,58,f,y
1113,1,0.48,126,50,1026.86,9,68,f,n
1114,11,0.21,161,45,0.0,9,62,m,y
1115,0,0.35,58,29,1525.88,10,57,m,n
1116,1,0.48,14,44,17094.27,3,60,m,n
1117,4,0.35,80,95,165351.95,1,91,m,y
1118,1,0.29,109,55,1669.36,9,54,m,w
1119,18,0.15,98,20,9070.98,7,58,f,n
1120,5,0.34,129,36,749.95,2,70,m,y
1121,2,0.27,127,51,8779.82,6,71,f,y
1122,1,0.67,66,72,4520.63,9,72,f,n
1123,1,0.52,160,56,261.36,8,64,m,y
1124,10,0.53,129,60,2401.33,6,37,m,y
1125,17,0.27,155,57,0.0,6,79,f,y
1126,8,0.29,100,91,8014.82,8,37,f,n
1127,3,0.2,35,14,24.52,9,59,f,y
1128,2,0.33,97,39,20337.3,8,43,f,n
1129,5,0.25,89,66,0.0,1,54,f,y
1130,2,0.45,20,40,1599.1,2,59,f,y
1131,5,0.46,148,55,3687.55,6,59,f,n
1132,0,0.29,58,61,27070.88,8,61,f,n
1133,17,0.19,28,41,1608.25,4,79,f,y
1134,7,0.36,75,29,15093.28,4,61,m,y
1135,5,0.17,114,51,196383.0,2,51,f,y
1136,5,0.29,149,54,14184.93,10,69,m,y
1137,11,0.2,92,64,38558.52,1,72,f,y
1138,6,0.18,178,37,4215.03,10,36,m,n
1139,8,0.28,12,49,4947.73,9,63,m,y
1140,12,0.14,178,29,0.0,7,65,m,y
1141,15,0.26,44,64,134.91,9,50,m,y
1142,6,0.25,109,75,29528.97,2,75,m,y
1143,7,0.17,55,40,1179.69,10,52,f,y
1144,9,0.29,53,50,2992.76,5,56,m,y
1145,5,0.25,54,35,1683.71,2,52,m,y
1146,18,0.18,173,43,8206.53,10,55,m,n
1147,6,0.27,172,57,184.8,7,38,f,y
1148,20,0.28,87,51,0.0,9,33,m,n
1149,13,0.17,68,14,38.91,3,78,m,y
1150,3,0.18,135,35,2734.84,1,42,f,y
1151,8,0.17,117,38,451.49,4,40,f,n
1152,10,0.25,159,56,9897.11,4,25,m,n
1153,5,0.46,101,50,1143.18,6,45,m,y
1154,9,0.22,156,51,490.17,5,35,m,n
1155,2,0.35,126,50,3385.34,5,79,f,w
1156,2,0.2,23,44,47.83,9,70,m,n
1157,8,0.45,93,100,0.0,1,44,f,y
1158,5,0.44,73,100,464576.08,8,88,m,w
1159,3,0.64,65,51,17529.89,8,69,f,n
1160,0,0.24,135,73,585.43,8,50,m,n
1161,33,0.15,99,21,0.0,3,25,m,n
1162,2,0.33,54,32,19819.14,10,89,m,w
1163,7,0.32,171,77,355335.51,8,34,m,y
1164,12,0.15,164,35,230.86,2,30,m,y
1165,5,0.18,173,54,517.46,8,70,f,y
1166,6,0.34,85,83,19633.15,8,91,f,y
1167,6,0.21,132,31,177.94,3,75,m,y
1168,8,0.19,58,38,3804.23,4,63,f,y
1169,4,0.24,69,31,752.44,9,63,f,y
1170,3,0.25,38,29,3149.48,9,67,f,n
1171,33,0.27,63,45,0.0,10,66,m,n
1172,3,0.39,55,76,0.0,9,59,f,y
1173,4,0.24,69,52,14938.36,10,56,m,w
1174,1,0.51,136,75,8713.11,6,54,f,y
1175,14,0.28,130,89,227269.53,1,43,m,n
1176,11,0.29,66,88,0.0,8,50,m,n
1177,10,0.18,129,36,0.0,9,29,m,y
1178,16,0.44,143,42,893.96,8,53,m,y
1179,0,0.31,71,91,3154.77,1,40,f,y
1180,0,0.44,35,39,1932.06,6,38,m,n
1181,30,0.18,30,22,219.74,9,57,f,n
1182,1,0.36,176,60,9713.79,9,75,m,y
1183,17,0.21,125,43,2956.53,7,68,m,y
1184,12,0.25,93,26,132.75,7,31,f,y
1185,5,0.45,15,65,5836.64,4,40,f,y
1186,0,0.25,99,39,1018.91,7,69,m,w
1187,1,0.38,131,28,411.45,10,40,m,y
1188,0,0.19,104,30,220.04,5,51,f,w
1189,12,0.29,93,48,9976.47,10,63,m,n
1190,5,0.2,25,40,2799.69,5,40,f,w
1191,34,0.15,122,42,0.0,1,56,f,y
1192,6,0.1,108,25,0.0,2,34,m,y
1193,0,0.25,104,47,19247.99,9,45,m,y
1194,0,0.4,128,38,9618.68,2,59,m,n
1195,5,0.38,79,97,18342.4,10,31,m,n
1196,7,0.12,160,35,0.0,2,61,f,y
1197,1,0.25,56,47,402.78,9,54,f,n
1198,1,0.13,84,21,1302.43,3,63,f,y
1199,19,0.18,170,51,5462.85,2,58,f,y
1200,14,0.43,8,47,74327.46,7,75,m,y
1201,0,0.24,162,29,7347.31,9,56,f,y
1202,10,0.28,85,52,1378.98,6,48,m,y
1203,5,0.23,74,51,0.0,7,56,f,y
1204,8,0.36,26,100,12307.68,3,63,m,w
1205,0,0.51,47,58,2252.6,3,55,f,n
1206,4,0.26,123,60,151.73,8,55,f,y
1207,5,0.12,26,18,98.43,7,44,m,n
1208,1,0.25,135,47,9068.05,5,45,m,n
1209,21,0.26,140,38,0.0,6,33,f,y
1210,0,0.32,40,50,371.46,9,81,m,w
1211,0,0.24,35,61,17164.49,3,36,f,n
1212,6,0.24,177,23,1326.72,3,44,f,n
1213,0,0.36,179,55,182.83,6,44,f,n
1214,36,0.3,60,83,0.0,8,68,m,n
1215,0,0.23,6,24,1237.75,5,50,f,y
1216,7,0.16,130,47,744.51,1,73,m,w
1217,3,0.58,116,5,70.31,3,44,m,y
1218,0,0.18,134,55,7188.84,8,59,f,w
1219,15,0.26,68,62,0.0,4,42,f,y
1220,6,0.26,91,23,5436.02,9,87,m,y
1221,8,0.52,82,50,618.27,6,37,m,n
1222,12,0.22,127,47,19931.9,10,59,f,y
1223,6,0.2,160,45,0.0,4,64,f,n
1224,2,0.18,20,38,386.96,4,61,f,y
1225,2,0.36,132,65,10440.07,10,52,m,n
1226,13,0.27,142,49,15759.75,5,53,f,y
1227,12,0.48,74,71,3065.44,7,55,f,y
1228,0,0.19,64,43,1060.82,7,52,f,y
1229,6,0.28,156,55,1921.66,10,69,f,n
1230,11,0.2,113,17,0.0,7,88,m,w
1231,0,0.47,118,74,4132.36,5,46,f,n
1232,7,0.34,112,71,0.0,9,34,m,w
1233,5,0.22,144,64,0.0,2,53,m,n
1234,1,0.42,29,65,270.42,8,93,f,w
1235,8,0.52,77,90,0.0,10,42,f,y
1236,2,0.33,116,41,2312.0,8,79,f,y
1237,1,0.17,111,12,5601.33,3,80,f,y
1238,4,0.65,164,91,15268.78,5,46,m,y
1239,7,0.25,155,56,4651.16,8,63,f,y
1240,4,0.23,19,55,855.47,10,79,m,n
1241,19,0.23,10,42,0.0,9,49,f,n
1242,18,0.37,132,50,4859.48,7,51,m,n
1243,3,0.61,22,60,39976.64,4,46,f,w
1244,1,0.35,87,41,309.71,4,39,m,n
1245,18,0.23,76,45,4701.78,3,45,f,y
1246,4,0.24,95,78,5004.26,8,36,f,y
1247,2,0.16,177,30,3538.54,6,55,m,y
1248,25,0.23,84,59,9412.11,10,43,f,y
1249,5,0.38,98,53,5743.18,6,58,f,y
1250,16,0.18,70,31,1731.03,10,31,f,n
1251,0,0.35,137,60,5194.89,10,59,f,y
1252,0,0.32,14,73,69292.21,9,67,m,n
1253,5,0.32,41,79,20313.17,3,25,m,n
1254,8,0.28,127,52,4164.07,4,60,m,y
1255,5,0.2,165,28,2128.89,3,73,m,y
1256,5,0.45,93,76,15232.16,3,36,m,n
1257,3,0.26,126,45,9043.06,1,80,f,n
1258,4,0.18,151,30,1032.43,10,61,m,y
1259,14,0.45,148,79,14398.62,6,44,m,y
1260,11,0.35,25,69,0.0,9,54,m,y
1261,2,0.26,63,56,604.44,5,63,f,y
1262,10,0.38,45,53,4437.11,10,56,f,n
1263,9,0.22,71,55,14481.28,2,63,m,y
1264,1,0.16,94,35,9235.27,10,41,f,y
1265,15,0.39,146,44,0.0,4,57,m,y
1266,0,0.2,18,29,3487.16,6,33,f,n
1267,0,0.18,67,29,9796.74,7,53,f,y
1268,13,0.47,161,60,391.65,7,41,m,y
1269,8,0.14,51,19,3918.36,4,43,f,n
1270,1,0.59,148,63,7863.5,10,73,f,y
1271,10,0.2,98,49,291.01,10,71,m,y
1272,16,0.3,177,45,0.0,5,64,f,y
1273,1,0.17,28,37,893.78,4,38,m,n
1274,3,0.15,106,30,184.98,10,50,m,w
1275,13,0.56,72,63,905.7,6,73,m,y
1276,11,0.41,119,35,0.0,7,57,m,y
1277,7,0.4,71,69,7464.78,2,89,m,y
1278,3,0.37,55,69,6562.46,10,60,f,n
1279,4,0.26,146,49,0.0,3,57,m,y
1280,4,0.25,7,45,680.75,8,50,m,n
1281,20,0.22,39,31,165.92,7,57,f,n
1282,5,0.33,45,44,979.11,1,52,f,w
1283,5,0.35,74,55,7390.67,4,65,f,w
1284,3,0.25,158,28,3175.12,5,69,f,n
1285,8,0.25,82,59,9269.76,3,43,f,y
1286,6,0.37,33,72,28398.78,4,35,f,y
1287,8,0.25,118,43,3530.5,10,27,f,n
1288,22,0.4,61,66,0.0,10,62,f,y
1289,13,0.26,117,51,804.93,10,38,m,n
1290,0,0.24,159,42,25638.32,7,25,m,y
1291,32,0.21,160,51,2093.46,8,60,f,n
1292,2,0.58,31,39,2081.12,9,92,m,n
1293,8,0.31,20,72,20291.92,2,54,m,n
1294,7,0.51,55,72,2027.07,4,67,f,y
1295,0,0.43,139,73,21770.86,1,56,f,y
1296,34,0.31,73,40,0.0,3,53,m,y
1297,4,0.31,137,78,2857.91,8,68,f,w
1298,13,0.3,163,57,47214.92,7,50,f,y
1299,3,0.56,82,94,4949.39,8,59,f,y
1300,3,0.29,14,71,7223.77,6,59,f,y
1301,8,0.26,175,20,783.35,5,44,f,n
1302,3,0.16,19,24,173.33,10,69,f,y
1303,4,0.21,45,51,6898.52,9,52,m,w
1304,5,0.24,136,48,547.61,5,43,f,n
1305,4,0.26,174,46,2866.66,9,63,f,y
1306,2,0.18,38,38,1669.08,4,41,f,n
1307,12,0.3,84,37,2557.28,5,55,f,y
1308,12,0.34,65,66,90036.12,1,54,m,n
1309,12,0.26,69,25,1341.45,6,71,f,y
1310,0,0.15,67,21,2503.09,3,62,m,w
1311,5,0.22,84,33,2307.5,10,54,m,n
1312,13,0.24,140,72,2940.24,2,67,m,n
1313,0,0.26,81,52,4256.6,6,75,m,y
1314,2,0.38,55,22,610.89,1,63,f,y
1315,6,0.21,44,40,737.53,9,55,m,n
1316,3,0.18,110,43,3280.31,5,35,m,n
1317,12,0.2,75,37,469.84,7,39,f,y
1318,6,0.36,31,43,7601.95,10,50,m,y
1319,9,0.41,63,41,0.0,9,45,m,y
1320,0,0.21,78,52,2973.91,9,52,m,n
1321,1,0.24,57,43,2116.16,7,55,m,y
1322,5,0.48,149,45,16373.6,4,62,m,y
1323,13,0.22,53,51,0.0,4,53,m,y
1324,0,0.13,32,23,1034.27,7,62,f,y
1325,0,0.26,166,38,8775.05,8,55,m,y
1326,8,0.29,156,45,10210.43,7,25,m,w
1327,4,0.39,178,72,1923.51,10,40,f,y
1328,2,0.21,105,42,2362.0,4,52,m,w
1329,1,0.19,27,30,523.34,4,36,f,y
1330,2,0.38,47,98,8487.02,8,63,f,y
1331,2,0.42,114,76,33754.47,9,77,m,y
1332,0,0.17,38,28,71543.42,7,73,f,w
1333,7,0.22,114,39,845.5,3,51,m,n
1334,15,0.18,143,18,1313.65,10,77,m,n
1335,10,0.21,52,69,5303.69,1,57,f,y
1336,7,0.34,101,34,129.54,5,49,f,n
1337,2,0.31,130,53,184866.38,6,45,f,w
1338,5,0.23,84,58,17653.51,9,50,f,y
1339,2,0.26,44,54,1262.54,5,49,m,n
1340,1,0.17,127,47,786.93,1,57,f,y
1341,0,0.24,51,62,20107.61,4,57,f,y
1342,0,0.22,77,60,175.13,2,55,f,y
1343,4,0.38,56,42,1155.93,4,61,f,y
1344,10,0.21,30,50,2440.63,7,72,f,w
1345,5,0.34,87,27,33.81,9,69,m,y
1346,7,0.19,148,39,379.5,3,32,f,n
1347,6,0.58,63,73,8487.81,3,25,m,n
1348,2,0.28,31,67,946.4,4,69,m,y
1349,20,0.36,46,40,0.0,7,34,f,y
1350,10,0.5,49,66,3944.81,6,51,m,n
1351,10,0.41,90,36,254.87,5,37,f,y
1352,5,0.23,27,55,1557.36,4,27,m,y
1353,1,0.32,115,68,54526.8,8,63,f,y
1354,4,0.29,42,21,6790.66,4,66,m,y
1355,2,0.3,123,39,578.55,3,46,m,n
1356,1,0.23,106,39,3114.26,7,25,m,n
1357,0,0.42,147,43,5246.94,2,46,f,y
1358,2,0.22,9,51,5997.96,4,60,m,y
1359,8,0.46,29,81,0.0,8,32,f,w
1360,11,0.16,70,27,3724.55,4,57,m,y
1361,21,0.28,71,56,2335.76,10,54,m,y
1362,5,0.25,18,47,0.0,7,63,m,w
1363,8,0.19,32,50,0.0,2,56,m,w
1364,23,0.18,121,31,0.0,5,40,f,y
1365,8,0.19,86,32,366.86,4,72,f,y
1366,9,0.25,126,67,39260.95,9,52,m,y
1367,12,0.31,114,76,2847.32,7,54,f,y
1368,2,0.53,150,59,2164.16,9,41,f,n
1369,11,0.27,74,31,0.0,10,48,m,y
1370,17,0.17,62,19,1417.0,7,41,m,y
1371,0,0.12,77,37,102.3,2,52,f,y
1372,19,0.38,113,84,4364.35,2,80,m,w
1373,2,0.26,78,61,631.71,2,34,m,y
1374,15,0.32,23,54,0.0,5,30,m,y
1375,0,0.26,21,68,24659.14,1,77,f,w
1376,20,0.1,101,18,0.0,7,51,m,y
1377,3,0.25,45,52,241.4,2,44,m,y
1378,11,0.37,44,56,471.95,4,70,m,y
1379,0,0.2,61,41,26051.54,9,45,m,y
1380,13,0.35,122,80,5698.41,8,82,m,n
1381,3,0.26,59,56,4672.81,10,65,f,y
1382,17,0.36,177,58,1276.72,2,47,m,y
1383,5,0.17,51,21,3193.82,4,87,f,y
1384,19,0.13,165,23,0.0,4,45,m,y
1385,5,0.27,171,63,0.0,2,66,f,y
1386,16,0.16,48,21,714.37,2,59,f,y
1387,5,0.27,9,59,35507.08,5,74,m,y
1388,4,0.21,10,49,13506.66,4,78,f,w
1389,11,0.46,118,100,41597.24,8,55,f,y
1390,3,0.28,63,51,8239.34,4,43,f,y
1391,10,0.16,42,45,849.01,8,61,m,n
1392,4,0.24,159,57,3989.25,5,44,f,y
1393,1,0.31,14,74,1880.76,1,85,f,w
1394,29,0.24,20,52,0.0,9,57,f,n
1395,2,0.4,93,92,7914.94,8,49,f,n
1396,3,0.21,104,55,2709.75,1,57,m,n
1397,5,0.19,110,26,1824.61,3,34,f,y
1398,12,0.27,159,72,36146.53,3,40,f,n
1399,4,0.24,110,43,1357.46,5,73,f,y
1400,2,0.19,32,47,379.86,7,45,m,y
1401,9,0.21,88,52,0.0,1,39,f,n
1402,12,0.17,164,43,2426.17,1,63,m,y
1403,13,0.41,37,74,1508.75,10,72,f,w
1404,6,0.29,135,31,1973.27,6,65,m,y
1405,9,0.29,23,63,0.0,5,69,m,y
1406,3,0.57,33,49,530.4,3,43,f,y
1407,1,0.22,76,46,1564.91,3,33,m,n
1408,1,0.21,122,47,99.45,4,77,f,y
1409,0,0.34,105,40,179.26,10,50,f,y
1410,2,0.34,93,89,12391.96,2,51,m,y
1411,8,0.19,97,41,3026.22,9,74,m,w
1412,19,0.2,158,35,0.0,4,63,f,y
1413,12,0.15,44,29,1193.47,10,61,m,n
1414,11,0.27,137,33,4225.41,3,87,f,y
1415,19,0.26,57,48,998.53,10,45,f,y
1416,2,0.21,127,25,1957.83,7,68,m,y
1417,0,0.27,73,72,2320.2,9,55,m,w
1418,4,0.39,62,87,39145.02,2,59,m,y
1419,3,0.15,18,23,985.66,6,77,f,y
1420,7,0.3,68,77,2404.17,5,62,m,n
1421,5,0.16,76,34,44.85,1,63,m,y
1422,11,0.33,158,28,152.96,7,71,f,w
1423,12,0.26,28,69,5964.68,1,49,f,y
1424,6,0.17,35,37,666.8,10,42,m,y
1425,1,0.52,118,63,12546.36,9,39,m,y
1426,16,0.25,140,32,0.0,4,25,f,y
1427,2,0.29,59,82,3922.06,8,85,f,w
1428,11,0.34,114,81,0.0,1,38,f,n
1429,5,0.23,150,56,18556.06,5,51,f,y
1430,6,0.25,102,40,0.0,3,50,f,n
1431,1,0.39,65,55,997.08,4,59,f,y
1432,6,0.2,71,44,11985.7,4,67,f,y
1433,14,0.42,171,79,1599.25,8,67,f,n
1434,4,0.42,146,96,4462.75,10,46,f,n
1435,3,0.26,57,64,7374.74,10,52,m,y
1436,2,0.24,37,55,23877.39,3,59,m,n
1437,5,0.35,14,45,1217.07,1,51,f,y
1438,2,0.28,22,54,3849.41,5,79,m,w
1439,4,0.32,131,94,14441.03,2,62,f,n
1440,5,0.2,87,40,6755.77,6,66,m,y
1441,1,0.31,45,68,6635.87,4,64,f,y
1442,15,0.39,109,64,1184.21,9,72,m,w
1443,10,0.17,133,39,74185.11,7,57,f,n
1444,13,0.18,161,53,56541.2,2,35,f,y
1445,15,0.41,23,100,1344930.62,7,60,m,y
1446,5,0.45,146,53,6995.94,10,45,f,w
1447,17,0.48,166,85,19486.18,8,47,m,y
1448,7,0.38,148,60,560.4,3,63,m,y
1449,25,0.54,171,34,2587.12,3,73,m,y
1450,4,0.21,11,64,58583.73,2,55,m,y
1451,12,0.36,50,46,3336.47,1,59,f,w
1452,3,0.12,103,23,589.1,3,80,m,w
1453,1,0.25,124,50,11322.24,10,58,f,y
1454,15,0.18,83,36,0.0,7,94,m,w
1455,9,0.24,53,48,6383.6,9,63,f,n
1456,6,0.43,116,6,219.26,9,28,m,n
1457,24,0.15,174,20,6769.3,6,66,f,y
1458,12,0.34,88,63,0.0,6,60,f,n
1459,0,0.25,109,27,782.76,5,74,f,y
1460,0,0.33,79,82,77726.0,2,65,m,y
1461,6,0.22,60,54,4715.52,7,52,f,y
1462,4,0.47,66,92,12421.41,1,36,m,w
1463,0,0.28,7,26,857.53,6,51,m,y
1464,0,0.33,121,47,769.89,4,42,m,w
1465,3,0.47,7,58,7499.12,3,46,m,y
1466,4,0.24,81,64,9169.61,1,63,m,n
1467,10,0.35,15,72,13041.26,6,80,f,y
1468,11,0.37,81,55,0.0,7,60,m,y
1469,6,0.21,172,48,0.0,1,37,m,n
1470,1,0.5,7,55,3569.9,1,61,m,y
1471,3,0.45,126,71,428.22,7,72,f,w
1472,13,0.31,70,62,0.0,6,45,f,n
1473,19,0.21,86,49,10968.49,7,52,m,y
1474,2,0.24,90,56,3266.63,8,55,f,w
1475,0,0.26,49,77,248702.29,8,43,f,y
1476,2,0.28,39,58,1497.87,9,64,m,y
1477,13,0.28,78,67,3718.38,9,53,f,y
1478,4,0.32,111,34,37836.9,7,61,f,y
1479,1,0.25,178,55,3258.31,9,41,f,n
1480,9,0.28,165,48,1390.45,6,48,m,y
1481,14,0.18,10,41,717.55,9,65,m,y
1482,8,0.39,115,83,3794.28,2,49,m,y
1483,12,0.2,74,46,165.64,2,80,f,n
1484,14,0.27,59,54,0.0,6,49,f,y
1485,2,0.19,43,29,1439.27,3,58,m,y
1486,9,0.27,142,47,219.18,2,68,m,y
1487,13,0.3,66,80,0.0,8,33,f,n
1488,0,0.31,100,41,1665.16,7,28,f,y
1489,13,0.18,26,46,0.0,8,32,f,n
1490,9,0.4,41,10,438.09,6,73,f,y
1491,6,0.24,6,38,353.19,9,46,f,n
1492,0,0.33,155,63,8304.5,9,93,m,y
1493,0,0.25,148,42,3576.88,2,46,m,w
1494,3,0.35,51,71,1703.18,10,57,m,w
1495,1,0.26,70,41,352.03,5,78,f,w
1496,1,0.23,11,61,4438.92,9,85,m,y
1497,2,0.27,173,54,1003.65,3,85,f,n
1498,0,0.42,168,55,5845.29,5,73,m,y
1499,0,0.38,86,38,3395.71,8,70,m,w
1500,4,0.24,156,66,1560.96,2,63,f,n
1501,8,0.3,153,42,2115.66,6,66,m,w
1502,5,0.43,33,60,1071.33,4,46,m,n
1503,31,0.29,170,61,0.0,6,42,f,n
1504,0,0.27,140,42,290.93,3,54,m,y
1505,9,0.23,54,27,558.02,6,52,f,y
1506,8,0.41,29,22,183.48,7,48,f,y
1507,9,0.21,85,32,767.76,10,65,f,n
1508,4,0.25,18,17,5834.25,3,69,f,w
1509,3,0.15,97,25,156.57,5,56,m,y
1510,16,0.23,140,44,0.0,8,77,f,w
1511,1,0.23,20,54,95778.77,2,37,m,n
1512,2,0.23,92,52,87282.41,7,52,m,y
1513,1,0.21,156,67,1067.4,1,44,m,y
1514,1,0.3,129,55,9471.17,7,27,m,n
1515,4,0.32,74,51,10240.32,1,53,f,y
1516,20,0.37,96,52,32209.66,4,53,m,y
1517,19,0.27,65,58,112.96,4,77,f,y
1518,8,0.29,15,74,0.0,5,64,m,w
1519,5,0.54,56,82,21.27,2,39,m,y
1520,6,0.19,69,31,0.0,6,82,f,w
1521,8,0.22,111,43,2953.98,6,73,m,w
1522,5,0.27,61,57,1554.42,8,63,f,n
1523,6,0.36,165,84,65952.35,10,51,m,y
1524,13,0.18,156,45,643.4,1,40,m,n
1525,14,0.28,96,64,0.0,4,49,f,y
1526,5,0.21,90,52,0.0,2,71,f,y
1527,6,0.34,112,73,2110.42,8,83,m,w
1528,1,0.25,84,67,3581.04,4,78,m,y
1529,3,0.09,114,20,338.69,8,47,m,n
1530,6,0.27,107,77,4313.86,2,38,f,n
1531,4,0.99,153,56,4009.44,4,57,f,y
1532,11,0.48,148,71,7481.07,9,28,f,w
1533,1,0.4,34,100,98118.71,5,59,m,n
1534,2,0.29,75,40,0.0,6,52,f,y
1535,20,0.25,85,57,4641.8,10,48,f,w
1536,0,0.36,70,11,1465.0,9,31,f,n
1537,2,0.5,21,62,4909.04,9,62,f,y
1538,10,0.22,59,51,2765.4,7,47,f,n
1539,5,0.43,102,54,4153.05,2,37,m,y
1540,1,0.23,12,42,1839.29,7,25,f,n
1541,8,0.29,65,59,1103.55,9,54,f,y
1542,1,0.31,15,63,1868.39,2,81,m,n
1543,1,0.31,58,64,1877.3,7,79,m,n
1544,2,0.36,13,75,702.06,7,48,f,n
1545,3,0.32,131,71,1571.6,3,45,m,n
1546,18,0.14,90,28,482.64,6,62,f,y
1547,5,0.25,95,55,35.91,8,40,m,n
1548,1,0.14,42,29,1081.13,10,59,m,y
1549,27,0.2,137,63,4561.8,8,66,m,n
1550,3,0.25,89,29,4502.55,3,73,m,y
1551,22,0.22,109,36,6106.0,6,53,m,w
1552,3,0.29,28,69,5358.65,2,51,f,w
1553,0,0.12,142,32,702.39,2,41,f,n
1554,8,0.24,171,41,0.0,8,42,f,n
1555,22,0.18,50,40,11031.89,10,51,m,y
1556,9,0.21,178,42,0.0,5,60,f,w
1557,0,0.39,151,34,7887.71,5,68,f,y
1558,2,0.17,51,38,1127.86,4,42,f,y
1559,6,0.35,7,55,2497.55,10,77,f,w
1560,0,0.21,22,48,1046.73,4,50,m,n
1561,6,0.3,123,39,2402.98,8,54,m,y
1562,12,0.35,21,68,10578.92,3,43,m,y
1563,35,0.17,115,38,0.0,3,25,m,y
1564,6,0.22,178,71,3263.31,8,68,f,y
1565,9,0.27,53,46,5176.95,3,66,m,y
1566,1,0.33,157,55,21274.43,2,50,f,y
1567,1,0.31,100,45,91530.18,5,56,f,y
1568,8,0.2,97,37,276.51,3,62,f,w
1569,1,0.27,166,32,923.72,6,31,f,n
1570,11,0.22,111,47,623.91,7,47,m,y
1571,9,0.17,108,18,11494.12,3,66,f,w
1572,3,0.23,137,53,0.0,9,36,m,n
1573,8,0.22,6,52,1990.68,10,59,f,y
1574,3,0.56,38,78,60795.58,1,34,f,y
1575,7,0.23,136,25,2007.1,7,61,f,y
1576,8,0.28,106,67,78721.56,4,54,m,y
1577,9,0.19,50,42,632.43,7,30,f,y
1578,5,0.24,26,52,4432.44,9,72,m,n
1579,3,0.32,78,74,152079.4,9,43,m,n
1580,7,0.48,62,92,0.0,1,42,f,n
1581,5,0.37,173,70,1386.23,10,58,m,y
1582,0,0.21,67,38,5885.33,4,72,f,w
1583,5,0.18,176,31,5596.6,7,39,m,n
1584,3,0.21,126,44,1397.32,10,55,f,w
1585,0,0.23,179,56,3561.36,6,61,m,y
1586,0,0.28,29,11,789.44,9,65,f,w
1587,6,0.41,157,99,14860.96,7,57,f,n
1588,13,0.45,143,36,0.0,3,49,f,n
1589,5,0.29,104,30,0.0,7,42,m,n
1590,0,0.28,73,37,3873.31,10,56,f,y
1591,14,0.34,62,81,0.0,5,38,m,w
1592,8,0.31,177,80,4747.06,2,25,m,y
1593,19,0.21,80,44,0.0,10,61,m,y
1594,36,0.43,112,73,10788.0,3,68,f,y
1595,14,0.21,53,33,0.0,6,25,m,y
1596,19,0.31,82,35,4460.19,6,39,f,n
1597,11,0.19,160,44,4701.31,7,64,f,w
1598,19,0.3,35,70,16725.64,6,85,m,n
1599,5,0.21,51,51,1566.56,9,55,f,w
1600,20,0.39,145,82,0.0,5,44,m,n
1601,1,0.3,125,42,100.96,5,52,f,y
1602,1,0.33,65,58,40489.34,8,75,m,y
1603,5,0.18,152,44,493.13,8,45,f,n
1604,2,0.19,109,58,7277.32,1,43,m,y
1605,8,0.43,73,12,44.9,3,47,m,y
1606,13,0.23,167,54,329.83,6,40,m,y
1607,1,0.25,123,54,245.26,6,56,m,y
1608,0,0.16,129,40,178.35,1,79,m,w
1609,7,0.32,122,55,380.56,2,59,m,y
1610,8,0.3,12,22,976.43,10,51,f,y
1611,6,0.21,87,42,1784.92,7,50,f,y
1612,9,0.29,175,84,19509.98,1,31,f,y
1613,0,0.41,58,81,5320.48,10,68,f,y
1614,9,0.31,141,21,244.37,5,53,f,y
1615,5,0.13,155,37,0.0,1,52,f,n
1616,2,0.64,31,60,316.7,6,95,f,y
1617,4,0.33,179,54,469.98,7,59,m,y
1618,1,0.21,122,57,9201.08,8,43,f,y
1619,0,0.32,86,40,5325.62,3,48,m,y
1620,1,0.19,177,44,3202.3,3,72,f,n
1621,5,0.46,169,70,0.0,1,56,f,y
1622,4,0.33,46,71,7046.0,3,33,m,y
1623,25,0.17,116,31,4809.03,5,68,f,n
1624,18,0.35,87,64,0.0,6,44,m,y
1625,2,0.31,160,85,2086.9,3,83,m,w
1626,4,0.2,75,29,1000.32,4,71,m,n
1627,27,0.56,103,76,0.0,5,48,f,y
1628,4,0.19,174,14,1201.87,5,74,f,w
1629,31,0.33,10,89,7007.67,9,56,f,y
1630,2,0.44,162,76,1081.27,8,67,m,y
1631,7,0.43,127,84,0.0,1,62,f,n
1632,11,0.2,17,19,287.27,2,42,f,n
1633,1,0.14,158,24,473.49,5,45,m,w
1634,30,0.31,167,55,4666.38,3,70,f,n
1635,9,0.31,80,36,0.0,7,49,m,n
1636,0,0.32,29,47,213.04,6,48,m,y
1637,0,0.21,120,56,1459.25,2,40,m,n
1638,2,0.51,118,67,1556.01,8,61,f,y
1639,27,0.16,68,28,1582.14,5,85,m,y
1640,14,0.15,143,14,339.08,6,38,m,n
1641,10,0.19,138,44,8879.74,8,55,m,n
1642,2,0.34,94,20,121.96,6,76,m,y
1643,15,0.21,33,45,815.23,10,53,m,n
1644,6,0.37,50,59,350.16,3,61,m,y
1645,36,0.31,116,61,90717.2,7,39,f,y
1646,2,0.31,173,56,763.34,4,61,m,y
1647,17,0.18,129,44,267468.42,6,52,f,y
1648,0,0.38,96,74,20823.47,6,69,f,y
1649,13,0.19,141,37,0.0,5,72,m,w
1650,6,0.19,32,42,29321.98,1,93,m,y
1651,5,0.4,150,100,9201.08,8,63,f,y
1652,2,0.6,177,74,81768.09,10,59,m,n
1653,1,0.18,36,38,196.73,2,57,m,y
1654,3,0.11,10,3,63.51,4,49,m,y
1655,1,0.29,65,32,2597.09,3,60,f,y
1656,2,0.37,94,88,94142.67,6,50,f,y
1657,34,0.43,152,71,264.92,1,57,f,n
1658,14,0.24,106,39,799.77,9,74,f,w
1659,0,0.37,47,39,3546.24,5,39,m,n
1660,3,0.27,28,36,14.32,5,72,m,y
1661,1,0.24,126,27,2982.14,4,74,m,w
1662,1,0.33,114,64,4920.36,4,53,m,y
1663,1,0.22,82,50,1905.24,1,25,m,y
1664,6,0.34,22,81,4503.89,9,45,m,y
1665,1,0.4,119,64,2489.34,9,74,m,w
1666,36,0.3,63,48,2195.81,4,54,m,n
1667,1,0.12,136,21,1371.56,10,40,m,n
1668,16,0.26,101,33,1950.34,10,47,f,n
1669,12,0.3,50,81,3456.61,4,67,f,y
1670,25,0.61,40,61,2387.03,7,63,f,y
1671,22,0.24,7,51,2070.29,4,51,m,n
1672,5,0.14,52,41,627.55,1,49,m,n
1673,36,0.22,8,48,0.0,9,49,m,n
1674,19,0.43,162,41,3826.22,2,41,m,y
1675,5,0.32,133,67,2487.73,5,79,m,w
1676,5,0.54,25,38,2939.77,4,50,f,y
1677,10,0.33,167,94,12210.94,8,73,f,w
1678,5,0.24,45,61,917.27,6,77,m,n
1679,18,0.4,114,34,0.0,7,69,m,w
1680,0,0.46,70,69,5179.66,2,48,m,y
1681,24,0.26,95,56,1248.13,4,61,m,n
1682,33,0.34,68,61,0.0,4,54,m,y
1683,36,0.38,61,100,19887.47,2,41,m,y
1684,9,0.31,165,55,13789.36,10,59,m,y
1685,0,0.14,71,29,259.62,4,37,m,n
1686,12,0.18,101,28,2236.09,9,72,m,y
1687,11,0.19,174,46,1611.43,8,48,m,y
1688,1,0.26,162,71,15537.46,1,58,m,w
1689,2,0.26,121,64,1719.56,8,59,f,n
1690,1,0.32,92,55,773.5,9,51,m,y
1691,20,0.26,56,61,18684.68,8,63,f,y
1692,3,0.24,17,44,5310.95,10,47,f,n
1693,23,0.25,49,45,337.9,1,68,f,n
1694,3,0.32,143,42,58.62,8,34,f,n
1695,3,0.22,88,37,25240.84,5,56,f,n
1696,3,0.3,95,63,11336.79,9,84,f,y
1697,14,0.34,14,30,7609.62,9,39,m,n
1698,1,0.2,162,49,1514.18,6,44,m,y
1699,9,0.22,162,40,282.37,3,62,f,y
1700,0,0.14,97,28,1915.77,7,57,f,n
1701,36,0.18,130,29,7649.48,3,60,f,y
1702,5,0.21,69,45,3806.43,7,62,f,y
1703,1,0.27,136,60,8778.5,8,64,f,n
1704,4,0.21,120,32,3224.15,5,71,f,y
1705,0,0.27,128,70,1393.11,5,61,f,y
1706,9,0.23,137,35,0.0,4,51,f,n
1707,5,0.27,147,35,226.55,3,65,f,w
1708,1,0.15,107,47,9976.43,8,83,f,w
1709,7,0.23,82,58,209.09,6,53,f,y
1710,2,0.37,161,34,109.87,6,40,f,y
1711,22,0.3,68,70,3741.46,2,71,m,y
1712,8,0.14,172,26,1211.36,4,53,m,n
1713,4,0.25,113,24,306.27,5,25,f,y
1714,1,0.43,153,61,108007.66,10,67,f,w
1715,9,0.46,33,22,1586.06,5,46,m,y
1716,5,0.39,129,54,27780.67,3,53,m,y
1717,11,0.31,147,41,5181.43,10,59,f,n
1718,8,0.44,82,61,36810.32,5,57,f,n
1719,7,0.23,80,37,242.4,5,65,f,n
1720,10,0.26,107,64,1112.75,2,48,f,n
1721,3,0.26,44,33,1454.59,5,62,m,w
1722,27,0.41,148,49,4831.86,3,51,m,w
1723,22,0.16,78,29,2052.21,3,66,m,n
1724,10,0.26,136,50,1836.11,5,64,f,n
1725,1,0.3,10,37,1298.26,9,40,m,n
1726,13,0.3,97,87,25985.29,2,71,f,y
1727,3,0.11,175,18,406.64,9,46,f,y
1728,1,0.3,148,65,2678.7,3,67,f,y
1729,8,0.63,8,72,2171.56,7,60,f,y
1730,11,0.21,168,34,0.0,1,82,m,y
1731,15,0.36,140,69,0.0,1,51,f,y
1732,1,0.1,99,29,103.36,8,49,m,n
1733,1,0.29,157,54,1033.53,9,54,m,n
1734,18,0.4,164,47,758.74,3,50,m,y
1735,2,0.49,83,76,20303.31,6,66,m,y
1736,7,0.64,85,66,0.0,3,30,f,n
1737,1,0.34,120,38,3015.92,6,39,f,n
1738,1,0.36,9,35,1287.51,7,38,m,n
1739,2,0.19,136,40,4484.22,5,69,m,w
1740,2,0.15,133,33,20015.75,3,80,f,w
1741,1,0.24,14,44,374.71,8,53,f,y
1742,0,0.22,73,19,290.58,5,52,m,y
1743,0,0.48,123,74,32250.83,1,56,f,n
1744,3,0.33,93,65,606.3,9,72,f,y
1745,3,0.22,144,37,2013.13,3,41,f,n
1746,12,0.5,169,73,1049.06,2,58,m,y
1747,14,0.26,130,62,6752.45,3,69,f,n
1748,1,0.23,77,40,200.6,7,62,f,y
1749,12,0.32,135,87,16604.88,10,57,f,y
1750,2,0.29,55,43,107.84,8,70,f,y
1751,5,0.26,8,52,307.82,2,25,f,n
1752,0,0.2,72,39,705.81,7,65,m,y
1753,4,0.32,90,63,22413.13,5,45,f,n
1754,0,0.33,120,53,34292.51,9,27,f,n
1755,0,0.3,67,30,622.86,7,62,f,n
1756,21,0.25,19,78,0.0,1,75,m,w
1757,12,0.22,127,63,618.31,1,52,m,n
1758,1,0.25,28,43,93.91,6,69,f,y
1759,2,0.28,128,34,1137.85,9,79,f,y
1760,1,0.33,82,37,0.0,1,74,m,w
1761,1,0.25,21,42,3419.13,3,79,f,w
1762,6,0.28,151,65,2069.63,5,66,m,y
1763,6,0.32,18,24,2962.16,4,56,f,n
1764,6,0.49,130,55,5580.99,1,30,f,y
1765,0,0.22,61,47,1586.9,10,51,m,y
1766,9,0.29,178,50,2973.44,4,42,f,n
1767,0,0.16,45,23,263.8,4,87,f,y
1768,36,0.49,108,81,7590.59,10,52,m,y
1769,14,0.24,164,47,3220.48,4,56,f,y
1770,20,0.43,109,45,0.0,3,63,m,y
1771,12,0.31,37,65,8979.54,7,55,f,y
1772,3,0.31,134,58,3620.49,1,80,m,y
1773,1,0.16,40,38,920.72,2,45,m,y
1774,5,0.24,41,52,5832.19,1,57,m,y
1775,12,0.27,97,34,0.0,4,43,m,y
1776,5,0.23,71,52,1986.33,5,35,f,y
1777,2,0.12,34,16,723.54,10,45,m,y
1778,2,0.21,176,50,11970.21,5,54,m,n
1779,5,0.2,162,52,1675.94,2,48,f,y
1780,4,0.24,48,33,311.48,3,44,f,y
1781,7,0.25,24,62,37506.94,4,33,f,y
1782,0,0.25,126,62,5153.56,10,53,f,y
1783,8,0.33,103,43,824.96,6,32,f,n
1784,5,0.22,36,36,1513.22,6,66,m,y
1785,12,0.1,106,28,11187.01,2,56,m,y
1786,2,0.21,24,57,50157.8,2,33,f,y
1787,12,0.2,34,29,0.0,9,50,m,n
1788,25,0.2,78,56,49.49,2,43,m,y
1789,4,0.27,140,50,1439.87,2,59,m,n
1790,3,0.3,81,27,729.98,3,75,m,y
1791,15,0.39,87,63,0.0,9,26,f,y
1792,2,0.29,55,53,9714.63,6,56,f,n
1793,10,0.26,154,49,0.0,6,52,f,n
1794,6,0.43,142,39,105.98,10,65,f,n
1795,4,0.25,167,64,14951.56,5,58,m,y
1796,1,0.24,39,40,2244.66,7,43,m,n
1797,0,0.25,52,55,4555.52,4,50,f,y
1798,6,0.2,29,31,49.68,10,43,m,n
1799,0,0.25,85,34,1905.48,10,71,m,n
1800,0,0.32,33,62,2484.77,3,55,f,y
1801,7,0.3,179,41,1730.58,7,83,f,w
1802,2,0.29,56,78,2772.38,10,54,m,n
1803,9,0.33,116,86,5206.89,1,44,f,y
1804,1,0.28,11,39,374.57,6,32,f,n
1805,0,0.39,123,77,14626.93,2,27,m,n
1806,5,0.22,58,68,1012.07,2,31,f,y
1807,2,0.26,65,72,10008.77,8,59,m,w
1808,4,0.37,174,78,100976.5,3,62,f,y
1809,0,0.24,16,46,2174.92,9,31,f,n
1810,2,0.29,9,62,707.53,4,68,f,n
1811,0,0.17,19,33,220.51,6,47,m,n
1812,13,0.19,146,52,4267.63,1,57,m,y
1813,0,0.25,148,55,3537.15,10,79,m,w
1814,25,0.36,118,61,786.73,10,68,f,y
1815,2,0.23,13,43,724.18,3,50,m,y
1816,0,0.13,93,20,165.79,4,41,m,y
1817,15,0.15,16,32,253.82,5,25,m,n
1818,8,0.29,117,67,0.0,1,44,m,n
1819,15,0.26,104,63,427.97,4,51,m,y
1820,6,0.36,28,72,1191.53,5,40,f,n
1821,2,0.36,114,76,8767.48,4,53,m,y
1822,0,0.2,12,35,2232.01,10,56,m,w
1823,6,0.13,74,18,685.59,10,51,f,y
1824,8,0.26,165,52,2057.5,7,45,f,y
1825,4,0.18,177,46,1552.35,8,57,m,y
1826,3,0.29,136,80,2015.22,8,61,m,y
1827,15,0.46,99,41,2307.86,3,38,f,y
1828,8,0.35,127,70,0.0,5,76,m,w
1829,1,0.29,49,44,2710.65,10,53,f,y
1830,19,0.13,56,33,0.0,8,55,m,w
1831,1,0.29,66,62,2764.48,7,65,m,n
1832,17,0.18,56,34,156.39,9,58,m,n
1833,0,0.48,166,55,17121.3,10,69,f,y
1834,28,0.28,25,55,13102.86,7,59,f,w
1835,5,0.47,35,73,5846.34,2,45,m,n
1836,1,0.39,126,90,39546.71,4,60,f,w
1837,0,0.63,49,87,1511.99,8,37,m,w
1838,4,0.3,91,45,2056.04,9,56,m,y
1839,4,0.32,162,60,1522.57,7,54,f,y
1840,6,0.19,154,11,642.59,5,51,m,n
1841,3,0.19,117,57,1025.89,1,53,f,w
1842,5,0.26,144,38,2386.28,9,26,f,n
1843,7,0.17,15,28,303.12,6,46,f,y
1844,15,0.34,40,61,360.08,2,56,f,n
1845,25,0.3,159,67,13946.07,10,57,m,y
1846,17,0.41,128,51,9673.75,10,39,m,y
1847,0,0.28,119,77,25567.15,2,73,m,n
1848,2,0.29,177,70,8470.74,10,42,m,y
1849,1,0.35,137,91,9586.7,1,69,f,y
1850,7,0.24,79,44,12876.59,4,61,m,w
1851,10,0.09,44,12,753.85,10,45,f,n
1852,9,0.44,174,95,3691.34,2,81,m,w
1853,4,0.19,99,30,47.63,10,37,f,n
1854,7,0.22,72,37,278.28,9,68,f,y
1855,2,0.32,94,62,4645.5,2,70,f,n
1856,8,0.27,107,71,10805.0,9,44,m,n
1857,1,0.23,111,67,4025.7,1,75,f,w
1858,0,0.25,41,58,61450.23,7,51,m,n
1859,3,0.24,9,39,444.02,6,59,m,y
1860,12,0.41,79,54,6303.73,6,58,m,y
1861,2,0.24,18,58,2853.01,2,52,f,y
1862,1,0.19,75,50,2002.22,1,67,m,w
1863,18,0.19,12,42,335.57,10,66,f,y
1864,6,0.23,161,76,10285.2,8,28,f,n
1865,1,0.23,127,63,2598.05,8,74,m,n
1866,1,0.23,42,53,8508.44,2,30,f,n
1867,1,0.3,148,67,7578.22,4,70,f,y
1868,1,0.22,35,37,2966.06,4,71,m,y
1869,12,0.26,109,66,0.0,2,38,f,y
1870,12,0.33,79,75,47191.2,9,48,m,n
1871,24,0.38,17,74,11804.28,4,38,f,y
1872,2,0.29,86,66,3651.68,4,51,m,n
1873,6,0.31,117,28,1036.38,4,50,m,y
1874,6,0.3,35,28,829.56,5,66,f,n
1875,0,0.13,134,17,53.55,10,74,m,y
1876,5,0.34,41,100,15925.02,8,75,m,w
1877,1,0.35,128,21,10118.67,4,46,m,y
1878,2,0.18,93,37,1072.01,3,51,m,n
1879,13,0.35,26,81,30238.85,1,29,f,y
1880,2,0.35,111,48,829.93,2,42,f,n
1881,12,0.24,37,63,2253.8,4,69,f,w
1882,0,0.23,68,51,768.76,9,79,f,y
1883,6,0.26,146,74,1248.69,1,36,m,y
1884,8,0.38,170,71,14507.08,6,46,m,n
1885,12,0.38,49,75,34936.89,6,54,f,n
1886,11,0.25,154,39,7084.46,10,59,f,y
1887,2,0.39,151,33,560.3,3,42,m,y
1888,8,0.67,51,63,7955.07,10,61,m,y
1889,1,0.16,159,35,5209.32,9,47,f,y
1890,1,0.37,10,39,1638.53,10,54,f,y
1891,1,0.27,138,67,825.63,3,63,f,n
1892,1,0.16,36,46,2001.21,1,55,m,y
1893,1,0.36,161,69,16254.84,2,48,f,n
1894,3,0.32,82,55,2423.37,4,53,m,w
1895,9,0.11,80,19,4079.88,4,53,m,y
1896,12,0.16,132,44,890.95,2,49,f,n
1897,3,0.32,18,48,12759.01,10,51,m,w
1898,10,0.17,127,41,1084.9,6,78,m,y
1899,11,0.19,151,36,4309.06,6,63,f,y
1900,3,0.26,157,50,14674.59,3,50,f,w
1901,36,0.48,162,77,12015.98,1,65,f,w
1902,6,0.32,161,27,2415.81,10,49,m,y
1903,9,0.24,107,56,6605.22,9,72,m,y
1904,0,0.24,178,52,1240.47,4,60,f,y
1905,6,0.27,122,50,45187.25,9,53,f,y
1906,10,0.29,89,60,4164.64,5,61,f,y
1907,6,0.39,16,65,24059.48,7,31,m,n
1908,15,0.53,56,60,0.0,3,38,m,n
1909,0,0.31,64,54,820.41,3,37,f,y
1910,17,0.22,89,69,627.98,8,57,f,n
1911,11,0.23,110,57,11350.11,1,80,m,y
1912,0,0.26,18,59,54832.4,8,88,m,y
1913,0,0.49,52,58,752.97,8,64,f,y
1914,0,0.25,93,51,4016.57,3,62,m,y
1915,4,0.36,176,82,1102.85,1,27,m,y
1916,1,0.22,157,57,63892.74,9,46,m,n
1917,0,0.25,68,47,411.51,4,43,f,y
1918,13,0.19,150,44,5939.82,7,45,m,n
1919,1,0.21,74,45,669.45,9,52,f,y
1920,7,0.26,59,48,50580.61,3,47,m,y
1921,7,0.25,147,36,20233.75,5,25,f,n
1922,13,0.5,20,79,3178.12,10,66,m,n
1923,6,0.18,143,38,3918.28,3,38,f,y
1924,28,0.26,155,57,153180.58,5,58,f,n
1925,6,0.25,100,55,126.6,2,86,f,w
1926,8,0.29,18,73,5737.59,4,41,f,n
1927,18,0.57,86,100,0.0,2,25,f,y
1928,10,0.41,70,50,3340.98,3,50,f,n
1929,10,0.38,147,39,4543.67,5,71,f,n
1930,0,0.28,49,33,2884.12,9,84,f,w
1931,0,0.79,172,61,103926.45,3,36,m,y
1932,2,0.38,168,52,1233.73,10,62,f,y
1933,6,0.17,122,18,894.58,6,48,m,n
1934,17,0.4,32,73,8817.71,4,53,m,y
1935,0,0.18,178,40,1622.44,4,94,m,n
1936,1,0.39,62,30,44967.13,10,32,m,n
1937,6,0.67,27,69,1203.93,10,58,f,w
1938,1,0.43,39,62,3385.63,5,62,f,y
1939,5,0.14,142,28,855.37,7,71,f,n
1940,18,0.23,55,54,0.0,4,56,f,y
1941,10,0.18,59,53,3658.3,8,59,f,y
1942,10,0.28,105,59,12434.76,9,49,f,w
1943,4,0.22,67,57,1812.36,9,59,m,n
1944,8,0.39,171,16,0.0,9,49,f,y
1945,10,0.33,89,78,7228.25,2,64,f,y
1946,0,0.32,32,61,26414.09,3,49,f,n
1947,13,0.27,130,55,999.52,5,60,f,n
1948,17,0.26,69,72,0.0,1,54,f,y
1949,1,0.39,136,90,81920.17,4,71,m,y
1950,14,0.17,132,16,29231.9,5,54,m,y
1951,3,0.34,16,56,2211.11,9,28,f,y
1952,3,0.19,29,56,300.4,8,73,f,y
1953,7,0.35,34,88,18050.47,1,41,f,y
1954,13,0.22,13,29,0.0,3,45,m,n
1955,4,0.22,24,43,1096.45,3,46,m,y
1956,8,0.5,73,39,197.18,6,75,f,w
1957,14,0.41,104,76,8284.37,4,25,m,y
1958,12,0.37,129,65,10959.74,4,95,f,y
1959,2,0.34,53,42,736.85,1,70,m,y
1960,9,0.26,173,55,3313.3,10,58,m,y
1961,8,0.28,107,69,0.0,4,54,f,w
1962,9,0.28,149,74,2938.34,1,59,m,y
1963,4,0.24,69,33,1879.74,5,62,f,y
1964,0,0.24,13,36,108.76,3,64,f,w
1965,3,0.26,114,62,1926.01,10,63,m,y
1966,10,0.19,138,37,6753.2,5,56,f,y
1967,11,0.43,128,40,6754.62,3,52,f,y
1968,16,0.28,158,74,0.0,5,52,m,y
1969,2,0.3,58,59,158.96,4,52,m,y
1970,8,0.34,54,74,16554.15,9,72,m,n
1971,1,0.17,77,25,3478.93,6,63,f,n
1972,1,0.25,154,16,227.41,10,25,f,n
1973,9,0.46,56,67,2087.25,2,64,f,y
1974,1,0.83,179,79,2752.25,1,57,f,y
1975,0,0.28,14,86,25292.48,1,54,f,y
1976,7,0.2,69,63,27579.04,1,49,f,n
1977,0,0.29,28,68,43525.79,9,71,f,y
1978,6,0.34,141,58,2078.7,5,69,m,n
1979,13,0.19,59,31,19631.29,4,43,f,n
1980,0,0.26,97,49,535.56,10,61,f,y
1981,8,0.98,20,63,786.57,5,40,f,n
1982,0,0.26,57,48,415.97,9,34,f,y
1983,7,0.4,9,36,50677.58,3,45,m,y
1984,16,0.18,167,26,1796.78,3,67,f,y
1985,4,0.18,106,40,21955.79,2,69,m,y
1986,3,0.32,157,56,1794.7,8,62,f,n
1987,13,0.4,154,38,746.27,7,65,m,y
1988,7,0.3,135,43,51034.55,2,62,f,y
1989,4,0.24,12,42,77.44,4,45,f,w
1990,7,0.29,80,41,4733.5,7,61,f,y
1991,2,0.21,81,59,14977.55,1,67,m,y
1992,19,0.15,40,46,2858.99,1,66,f,y
1993,0,0.26,159,80,11250.33,8,72,f,n
1994,2,0.27,151,73,8722.77,6,65,f,w
1995,14,0.26,69,65,33286.08,2,60,m,y
1996,1,0.29,127,43,2607.36,10,71,f,w
1997,2,0.17,61,38,662.18,10,54,m,y
1998,6,0.23,60,73,12885.4,1,41,f,y
1999,9,0.2,145,27,6573.34,3,52,m,y
2000,0,0.39,42,19,3609.59,4,43,f,n
2001,14,0.16,57,32,2905.43,5,44,f,y
2002,6,0.35,152,63,9777.0,10,52,m,w
2003,0,0.26,20,35,401.39,3,43,f,y
2004,6,0.19,132,36,4552.99,5,50,f,y
2005,1,0.15,91,32,44.08,7,26,m,n
2006,1,0.36,89,73,3872.06,9,58,f,n
2007,6,0.14,112,9,120.93,5,55,m,y
2008,9,0.2,82,37,67.37,4,42,m,y
2009,2,0.38,159,59,1383.08,10,64,m,y
2010,19,0.2,50,32,8402.75,9,69,f,n
2011,4,0.36,101,86,0.0,8,30,m,n
2012,3,0.31,26,77,0.0,5,43,f,n
2013,6,0.3,86,81,436388.34,9,43,f,y
2014,12,0.15,58,29,5642.97,9,40,m,w
2015,0,0.22,162,56,680.2,1,67,f,n
2016,15,0.33,118,50,4483.14,6,52,m,y
2017,5,0.21,152,25,92.47,5,51,f,y
2018,5,0.18,83,28,0.0,6,25,m,y
2019,14,0.2,132,27,52570.17,10,64,m,y
2020,6,0.24,124,34,9490.61,3,36,f,n
2021,4,0.15,108,26,356.17,3,55,f,n
2022,14,0.15,92,22,479.74,10,59,m,w
2023,26,0.22,110,47,6082.14,5,75,f,y
2024,11,0.21,7,49,951.66,7,35,m,n
2025,19,0.24,120,55,0.0,4,25,f,y
2026,12,0.25,37,40,432.48,6,57,f,y
2027,12,0.15,107,25,0.0,5,82,m,w
2028,2,0.2,67,36,323.14,2,73,m,y
2029,21,0.16,102,50,7146.92,1,58,m,n
2030,0,0.21,127,47,2516.14,6,47,m,n
2031,6,0.38,140,79,11080.71,5,67,m,n
2032,0,0.32,103,61,2518.62,9,40,f,y
2033,3,0.14,89,19,297.77,7,62,f,n
2034,9,0.32,155,74,1009.3,1,62,m,w
2035,0,0.19,162,40,568.51,10,70,f,w
2036,0,0.34,112,40,2641.14,6,95,f,w
2037,6,0.25,106,57,11285.24,7,60,f,n
2038,0,0.19,136,27,8431.08,3,47,f,y
2039,2,0.5,27,52,0.0,9,54,f,n
2040,11,0.24,89,48,15879.12,2,28,m,n
2041,3,0.29,94,50,5314.18,1,44,m,n
2042,4,0.34,111,50,9795.38,10,48,m,n
2043,11,0.18,98,27,1988.15,10,47,m,y
2044,1,0.14,143,28,2796.47,9,57,m,y
2045,14,0.18,108,31,496.26,7,42,f,n
2046,0,0.25,106,64,5695.35,10,71,m,y
2047,2,0.2,45,55,2376.34,1,55,f,y
2048,4,0.24,119,63,1085.43,4,54,m,y
2049,1,0.28,153,60,9159.33,10,50,f,y
2050,14,0.14,130,30,1210.9,3,57,f,n
2051,21,0.3,92,37,17.43,7,67,m,y
2052,2,0.54,16,52,2400.06,5,41,m,y
2053,1,0.25,141,64,15005.54,9,45,f,y
2054,13,0.14,98,1,635.56,3,50,m,y
2055,36,0.15,41,22,372.22,6,34,m,y
2056,7,0.32,158,64,14791.77,10,42,m,y
2057,33,0.5,172,70,0.0,2,47,f,n
2058,0,0.37,103,57,18341.81,3,68,f,y
2059,11,0.31,116,40,0.0,4,58,f,n
2060,5,0.21,101,41,214.33,6,57,f,w
2061,4,0.46,67,100,587.57,1,67,f,w
2062,7,0.15,110,30,964.81,6,52,f,y
2063,2,0.28,154,37,2904.48,4,60,f,y
2064,5,0.28,152,73,42209.43,8,53,m,y
2065,5,0.37,158,89,63023.21,9,58,m,y
2066,11,0.38,92,100,1159.55,8,46,f,y
2067,6,0.36,138,71,12290.01,8,25,f,n
2068,6,0.2,132,52,1480.15,2,52,m,y
2069,0,0.16,88,24,1515.28,10,76,m,n
2070,14,0.24,17,53,2923.03,2,68,f,y
2071,4,0.16,108,25,273.4,6,69,f,w
2072,16,0.32,158,69,10768.32,5,73,m,w
2073,15,0.28,10,40,8420.98,6,56,f,y
2074,7,0.68,81,56,5970.24,9,57,f,y
2075,0,0.2,160,41,2625.67,10,45,f,y
2076,4,0.26,9,60,11868.3,7,50,m,n
2077,2,0.4,121,100,10317.44,5,64,m,n
2078,1,0.28,88,41,12320.59,10,73,m,w
2079,6,0.43,178,39,383.71,7,52,m,y
2080,3,0.5,111,65,151.43,8,48,f,n
2081,10,0.19,161,49,4653.03,1,55,m,n
2082,2,0.23,40,43,10899.3,10,64,f,w
2083,6,0.25,149,48,13451.36,7,33,m,n
2084,5,0.22,145,42,1776.76,4,25,m,y
2085,4,0.2,85,39,26450.18,5,46,f,y
2086,15,0.26,80,83,20011.53,2,36,f,y
2087,7,0.15,48,8,152.67,10,47,m,n
2088,11,0.26,33,35,2634.15,5,52,f,n
2089,13,0.69,86,53,0.0,9,48,f,y
2090,1,0.38,24,94,799.4,1,76,f,y
2091,0,0.31,79,54,26018.43,3,59,f,y
2092,0,0.28,128,61,738.13,4,59,m,w
2093,4,0.15,60,31,141.58,9,64,f,y
2094,3,0.33,88,78,7941.59,2,37,f,y
2095,23,0.19,169,43,1247.77,7,70,m,y
2096,4,0.34,67,51,3326.63,9,53,m,y
2097,1,0.31,112,40,3503.97,10,65,f,n
2098,1,0.18,172,38,22668.83,4,38,m,n
2099,3,0.31,121,76,4494.94,5,31,m,y
2100,15,0.34,46,40,3009.36,10,67,f,n
2101,9,0.5,91,41,2479.04,4,60,m,y
2102,11,0.42,71,78,11135.44,7,41,m,w
2103,3,0.25,102,65,4002.63,8,41,f,y
2104,5,0.35,173,55,0.0,8,71,f,y
2105,18,0.27,24,62,12318.21,3,37,m,n
2106,9,0.45,60,81,3785.87,2,79,f,y
2107,9,0.16,117,36,542.06,6,41,f,y
2108,1,0.7,51,67,1819.88,1,64,f,n
2109,8,0.21,9,50,654.22,9,50,m,n
2110,7,0.44,30,48,3571.57,7,64,m,y
2111,11,0.33,68,45,4301.74,8,46,m,n
2112,8,0.19,116,36,0.0,7,52,f,y
2113,9,0.17,18,19,1048.82,5,55,f,n
2114,13,0.23,120,53,0.0,5,39,f,n
2115,11,0.28,91,55,0.0,7,66,f,n
2116,9,0.29,9,72,9459.51,7,47,f,y
2117,4,0.28,7,80,7473.02,2,51,m,y
2118,1,0.19,72,59,307.09,2,40,f,y
2119,3,0.26,115,42,231.87,7,25,f,y
2120,9,0.35,35,57,6606.67,5,52,f,n
2121,33,0.14,137,39,0.0,2,91,m,y
2122,1,0.32,53,72,8488.16,1,66,f,y
2123,1,0.27,48,73,1689.26,9,54,m,y
2124,5,0.24,98,77,12706.19,8,51,m,y
2125,13,0.32,178,79,11773.11,2,55,f,n
2126,0,0.15,146,47,10726.56,2,63,f,y
2127,15,0.16,52,16,603.79,3,37,m,n
2128,1,0.16,33,34,414.41,4,71,f,y
2129,6,0.22,42,42,21169.42,9,65,m,w
2130,7,0.39,33,41,1020.12,6,65,m,w
2131,3,0.34,160,50,3363.89,3,61,m,n
2132,5,0.24,163,62,1333.16,8,55,f,w
2133,3,0.21,139,39,0.0,6,65,f,y
2134,20,0.25,125,67,1228.63,8,63,f,w
2135,0,0.23,14,56,4568.41,10,49,f,n
2136,16,0.24,139,61,989.83,2,46,m,w
2137,0,0.28,162,62,5032.15,8,56,m,n
2138,6,0.25,75,4,1437.76,5,78,f,w
2139,36,0.25,91,27,952.54,10,36,m,n
2140,1,0.39,71,80,29595.37,4,32,f,y
2141,4,0.17,100,38,3464.81,3,57,f,y
2142,4,0.2,75,45,2421.78,9,55,f,w
2143,8,0.18,10,40,796.58,10,57,m,y
2144,2,0.23,25,52,466.07,7,58,f,y
2145,13,0.29,145,29,7289.66,7,51,f,y
2146,1,0.28,107,46,473.3,6,77,m,y
2147,36,0.26,107,51,0.0,9,30,f,n
2148,14,0.22,141,57,11229.49,3,42,m,n
2149,0,0.33,125,72,6363.01,1,53,m,y
2150,9,0.3,54,58,1039.71,7,30,m,y
2151,1,0.16,69,33,3305.26,9,52,m,y
2152,13,0.42,102,83,58590.97,6,79,f,y
2153,3,0.17,44,29,872.93,10,55,m,y
2154,2,0.22,45,49,9866.37,2,58,m,y
2155,0,0.34,36,99,4363.75,8,36,m,n
2156,2,0.31,8,75,2462.84,9,45,m,y
2157,0,0.32,77,88,10456.96,10,49,m,n
2158,36,0.18,35,57,0.0,8,50,m,y
2159,2,0.29,100,31,318.17,9,74,f,y
2160,2,0.22,34,70,418.92,1,63,f,y
2161,3,0.2,61,38,3958.23,3,38,f,w
2162,4,0.4,92,17,517.61,3,58,f,y
2163,3,0.29,113,27,2156.17,9,62,m,y
2164,6,0.37,68,83,1634.53,3,72,f,n
2165,7,0.34,35,51,4083.33,10,78,f,w
2166,0,0.44,58,50,800.64,1,39,m,n
2167,6,0.46,51,44,264.06,3,42,f,n
2168,16,0.25,108,61,1466.54,2,36,m,y
2169,1,0.29,142,66,2607.76,9,51,m,n
2170,3,0.4,12,86,970.76,1,61,f,n
2171,7,0.22,68,55,47228.8,2,69,m,y
2172,7,0.2,49,59,0.0,1,53,m,w
2173,0,0.24,84,57,1555.05,9,50,m,y
2174,4,0.27,64,48,29299.71,7,57,m,y
2175,0,0.21,80,46,4345.56,1,42,m,n
2176,21,0.31,89,65,0.0,10,86,f,w
2177,9,0.24,18,47,5762.57,6,30,f,y
2178,0,0.19,163,34,965.07,5,57,f,y
2179,8,0.21,109,46,0.0,10,85,m,w
2180,0,0.43,108,90,97986.85,5,55,f,y
2181,0,0.31,89,63,377.96,4,52,f,y
2182,1,0.2,114,36,1490.64,3,49,m,y
2183,28,0.3,48,48,73.04,8,52,f,w
2184,6,0.28,107,42,423.8,7,75,f,w
2185,3,0.3,13,37,2166.77,5,25,f,n
2186,0,0.36,42,69,659.88,9,78,m,n
2187,0,0.35,111,66,1842.7,7,33,m,y
2188,17,0.29,102,63,0.0,10,51,f,y
2189,5,0.24,95,68,517.72,2,48,f,n
2190,0,0.13,113,17,6183.49,7,63,f,y
2191,6,0.52,125,79,7298.11,7,31,f,y
2192,0,0.25,44,59,4042.97,4,61,f,n
2193,4,0.44,141,100,18543.82,8,85,m,y
2194,19,0.17,67,32,154.72,4,34,f,n
2195,20,0.33,44,0,0.0,7,57,m,y
2196,24,0.21,147,46,5106.28,4,45,f,n
2197,1,0.38,57,60,4426.18,8,61,f,y
2198,1,0.42,62,31,4517.03,3,55,m,y
2199,15,0.21,154,59,4044.41,2,45,f,n
2200,0,0.39,28,41,700.7,10,62,m,w
2201,0,0.21,137,49,376.32,6,82,m,y
2202,9,0.28,176,35,1046.76,7,52,m,w
2203,4,0.29,144,55,0.0,7,65,m,n
2204,13,0.55,89,59,1476.04,6,35,m,n
2205,1,0.29,24,72,38184.16,8,40,m,y
2206,4,0.24,70,60,1057.22,6,62,f,y
2207,13,0.24,100,60,633.13,6,77,f,y
2208,2,0.18,135,29,1519.9,3,60,f,y
2209,5,0.26,110,63,1306.95,2,50,m,w
2210,7,0.55,167,62,2554.42,7,54,f,y
2211,10,0.3,9,60,0.0,6,36,f,n
2212,5,0.46,44,63,252.27,1,64,m,y
2213,10,0.41,54,55,1745.44,2,68,f,n
2214,11,0.19,136,57,5801.74,2,48,m,y
2215,14,0.43,159,58,2863.12,1,47,f,y
2216,19,0.16,46,27,0.0,3,58,m,y
2217,9,0.33,70,34,2619.64,5,48,m,n
2218,18,0.62,127,66,1783.63,4,54,f,y
2219,0,0.27,149,86,64284.97,2,86,m,y
2220,1,0.31,40,65,2414.1,8,51,m,y
2221,4,0.21,149,36,1893.0,9,49,f,w
2222,1,0.28,38,72,1210.45,8,45,f,n
2223,3,0.33,164,66,51736.96,7,66,f,n
2224,17,0.41,155,23,243.01,10,52,m,n
2225,1,0.24,66,45,1372.81,2,45,m,y
2226,8,0.77,113,80,122658.22,6,74,f,n
2227,2,0.65,168,89,18746.12,4,76,m,y
2228,5,0.5,44,84,0.0,5,45,m,y
2229,4,0.37,136,65,2434.55,9,27,f,n
2230,15,0.15,101,23,141.49,9,70,m,y
2231,6,0.32,146,60,0.0,4,44,m,y
2232,13,0.21,19,60,0.0,8,66,m,y
2233,4,0.48,174,39,16325.38,5,25,m,n
2234,8,0.51,141,47,13440.1,9,68,m,n
2235,19,0.26,116,71,0.0,2,36,m,y
2236,1,0.11,24,17,448.98,4,65,m,y
2237,6,0.32,114,33,4037.65,3,55,f,w
2238,7,0.2,147,36,21434.42,7,40,f,n
2239,7,0.2,104,53,9010.51,2,48,m,w
2240,6,0.23,66,32,13404.99,3,65,f,y
2241,12,0.13,169,28,2981.69,9,56,m,y
2242,0,0.29,72,80,115667.75,8,63,m,y
2243,8,0.21,82,50,0.0,2,84,m,w
2244,17,0.53,97,42,1954.73,6,31,f,y
2245,19,0.2,50,45,0.0,3,79,f,y
2246,1,0.16,96,30,22.45,6,56,f,y
2247,7,0.25,77,36,28979.02,5,41,m,n
2248,2,0.18,140,41,21151.09,10,35,m,y
2249,10,0.29,118,47,0.0,4,52,f,n
2250,0,0.34,27,78,6767.54,7,68,m,w
2251,1,0.21,107,54,648.66,10,53,f,n
2252,8,0.23,142,41,3901.28,7,77,f,n
2253,6,0.33,65,50,190.17,4,33,f,w
2254,18,0.16,47,33,0.0,3,54,f,y
2255,0,0.24,64,56,30423.89,4,36,f,y
2256,9,0.2,173,57,1746.77,2,60,f,w
2257,10,0.27,34,58,0.0,4,68,f,y
2258,14,0.46,106,37,3679.8,4,48,m,n
2259,11,0.31,119,85,1566.57,5,25,f,y
2260,5,0.3,117,42,1501.53,1,57,m,y
2261,2,0.42,47,83,14324.34,2,61,m,y
2262,4,0.22,34,50,22599.39,8,61,m,y
2263,5,0.12,26,33,5276.98,8,73,m,n
2264,0,0.32,102,75,9351.43,8,38,f,n
2265,0,0.32,128,48,5731.12,5,65,f,y
2266,6,0.31,68,95,7282.22,8,72,m,y
2267,36,0.31,43,48,0.0,9,28,m,y
2268,3,0.41,145,34,594.07,4,59,f,n
2269,12,0.21,38,45,54916.29,4,47,f,n
2270,3,0.3,6,80,4391.94,7,53,f,w
2271,1,0.28,33,39,1373.06,5,60,m,y
2272,14,0.28,83,56,233.66,10,47,f,y
2273,8,0.39,122,64,1385.31,1,44,f,y
2274,1,0.3,64,73,30188.97,8,55,m,y
2275,4,0.45,54,75,3238.04,4,38,m,n
2276,2,0.27,50,71,27011.86,8,38,m,w
2277,8,0.19,128,53,14490.48,2,65,m,y
2278,4,0.22,139,40,196.97,4,37,f,w
2279,2,0.22,120,57,1135.42,2,64,m,y
2280,6,0.23,25,47,1273.83,5,61,m,w
2281,18,0.31,90,79,742.93,10,29,m,y
2282,4,0.28,149,62,2814.28,10,44,m,n
2283,27,0.63,145,88,15156.29,8,72,f,y
2284,9,0.28,57,54,0.0,7,40,m,n
2285,7,0.15,153,27,2675.26,5,48,f,y
2286,0,0.18,178,34,706.02,7,61,m,y
2287,13,0.27,102,58,2002.39,5,66,f,y
2288,8,0.09,119,8,3609.91,7,51,f,y
2289,1,0.35,7,54,191.53,4,46,f,n
2290,0,0.46,39,85,1105.56,4,76,f,w
2291,21,0.34,31,41,636.63,10,81,f,w
2292,1,0.41,166,38,14604.18,4,69,m,n
2293,4,0.38,175,60,611.9,8,56,f,y
2294,4,0.33,99,80,6808.11,1,42,f,n
2295,0,0.26,70,46,18724.24,10,42,f,y
2296,13,0.33,115,38,1937.7,5,62,m,w
2297,7,0.58,13,65,0.0,10,61,m,y
2298,6,0.18,70,56,0.0,2,76,f,w
2299,15,0.39,115,98,16429.37,10,64,m,y
2300,19,0.37,143,70,7816.3,4,32,m,y
2301,1,0.17,37,24,1339.97,5,70,m,y
2302,9,0.31,56,53,6667.09,8,40,f,y
2303,2,0.34,173,61,355.32,2,49,f,y
2304,12,0.32,71,67,4385.66,2,58,f,y
2305,0,0.26,36,79,4757.53,2,84,m,w
2306,1,0.46,73,62,2500.33,8,95,m,y
2307,1,0.25,17,52,2939.42,3,64,m,w
2308,7,0.59,36,53,4256.7,5,52,f,y
2309,8,0.32,28,89,42087.22,2,63,f,y
2310,20,0.28,166,71,38771.07,6,68,m,y
2311,0,0.17,13,28,33.25,10,50,f,n
2312,9,0.35,129,43,4928.76,6,81,f,n
2313,0,0.3,85,86,4457.22,2,58,m,y
2314,5,0.34,20,67,1883.21,4,62,m,y
2315,4,0.26,174,44,727.66,2,64,f,n
2316,0,0.18,109,32,1741.06,10,61,m,y
2317,1,0.31,159,51,2777.59,4,67,f,y
2318,12,0.26,83,66,4337.38,7,45,m,n
2319,2,0.28,17,45,0.0,5,46,f,n
2320,5,0.25,32,30,7615.74,10,38,f,y
2321,4,0.24,116,62,7677.2,4,61,f,n
2322,1,0.18,163,33,5645.47,10,66,f,w
2323,22,0.12,9,22,821.25,10,61,f,y
2324,0,0.37,59,53,578.79,3,80,f,y
2325,4,0.22,100,36,7371.11,6,54,m,w
2326,3,0.27,167,69,2579.59,2,65,m,y
2327,8,0.3,89,63,0.0,4,38,f,y
2328,8,0.39,151,100,4359.95,8,49,f,y
2329,9,0.18,111,51,868.17,2,65,m,n
2330,5,0.29,135,45,6668.64,9,67,m,w
2331,0,0.47,126,71,2056.45,2,50,f,n
2332,5,0.66,78,75,11608.07,8,53,m,w
2333,16,0.45,21,94,7649.0,8,32,f,y
2334,3,0.21,145,38,0.0,7,49,f,y
2335,17,0.26,138,44,5269.6,10,68,f,n
2336,9,0.35,172,99,21384.67,6,63,m,w
2337,23,0.16,148,38,15787.07,1,62,m,y
2338,5,0.28,77,53,962.45,2,55,m,y
2339,2,0.45,93,60,5939.84,7,55,m,y
2340,0,0.25,152,64,2613.03,4,45,f,y
2341,0,0.2,106,47,70699.61,9,65,f,y
2342,18,0.26,87,65,0.0,3,61,m,y
2343,6,0.16,90,31,977.88,4,62,m,w
2344,0,0.3,54,32,1244.77,3,47,m,n
2345,3,0.27,128,32,0.0,7,25,f,n
2346,7,0.47,44,77,2445.13,2,71,m,y
2347,20,0.29,83,69,913.75,10,47,f,y
2348,10,0.41,148,98,33699.73,2,42,f,n
2349,4,0.34,128,96,3678.92,2,65,f,w
2350,0,0.18,60,40,3238.19,4,49,f,n
2351,8,0.36,118,67,7955.21,8,70,m,w
2352,3,0.32,50,72,481.63,8,64,f,n
2353,0,0.41,72,95,692.91,8,65,m,y
2354,14,0.11,11,30,630.93,8,34,f,y
2355,22,0.38,75,76,42354.11,7,73,m,w
2356,5,0.18,164,30,28.54,6,58,f,y
2357,0,0.3,27,73,1527.9,7,49,m,y
2358,4,0.22,90,23,0.0,5,57,f,y
2359,0,0.21,171,67,1762.06,8,28,m,y
2360,12,0.31,107,24,0.0,2,61,f,w
2361,6,0.23,63,54,902.1,5,39,f,y
2362,3,0.23,162,43,1813.62,7,34,m,y
2363,10,0.21,115,27,0.0,9,32,f,n
2364,14,0.47,144,79,2429.74,10,71,f,w
2365,12,0.23,91,68,648.53,1,45,m,n
2366,13,0.45,65,48,3178.66,9,78,f,w
2367,16,0.17,172,29,6458.12,3,46,f,n
2368,5,0.27,139,63,1990.4,1,29,f,n
2369,8,0.27,35,66,60488.19,7,38,m,y
2370,7,0.36,112,71,13483.63,3,73,m,n
2371,1,0.34,134,100,12521.0,8,52,f,n
2372,2,0.24,91,75,580.97,2,46,m,n
2373,1,0.24,14,40,1964.45,4,57,f,w
2374,8,0.19,178,21,11270.6,2,62,m,n
2375,15,0.2,141,44,19147.38,4,71,m,n
2376,11,0.16,39,50,3998.97,1,76,f,y
2377,3,0.18,141,41,70818.84,10,49,f,y
2378,8,0.2,145,50,199.71,5,35,f,y
2379,4,0.27,48,63,2625.53,3,48,m,y
2380,2,0.34,110,28,7429.45,9,58,m,y
2381,17,0.37,61,86,2000.78,4,40,m,y
2382,1,0.34,36,12,433.93,6,40,f,n
2383,8,0.24,175,55,12260.92,9,60,f,y
2384,11,0.73,166,100,65201.87,2,54,f,y
2385,7,0.37,24,50,5112.51,7,55,m,y
2386,1,0.49,118,94,14931.18,3,43,f,y
2387,2,0.22,9,43,1716.74,1,51,m,w
2388,0,0.19,17,38,2980.17,9,41,f,y
2389,11,0.47,89,40,698.38,9,68,m,w
2390,1,0.37,109,52,3579.3,4,70,f,y
2391,15,0.45,161,73,16202.37,9,27,m,n
2392,1,0.47,63,69,303.53,7,41,m,y
2393,3,0.32,53,81,3718.28,4,32,m,y
2394,1,0.39,125,59,1619.92,2,45,m,y
2395,6,0.21,129,30,1429.46,5,53,m,n
2396,7,0.36,6,83,102145.31,8,33,m,y
2397,2,0.4,110,10,903.21,10,41,m,n
2398,4,0.45,49,58,2733.66,10,39,f,y
2399,0,0.31,68,78,14399.26,6,58,m,y
2400,12,0.21,100,8,59.87,5,56,f,w
2401,12,0.47,43,80,13215.65,4,44,m,n
2402,2,0.22,14,38,2398.32,6,57,f,y
2403,2,0.14,11,27,546.9,3,46,f,y
2404,7,0.24,75,65,0.0,2,50,m,y
2405,7,0.29,57,52,63368.77,1,80,f,w
2406,10,0.3,72,55,0.0,9,75,m,y
2407,0,0.31,101,52,3071.94,1,35,f,n
2408,8,0.45,104,57,2286.36,4,67,f,y
2409,10,0.21,149,41,1494.02,6,67,m,w
2410,2,0.37,135,68,41494.24,9,37,m,y
2411,2,0.22,41,52,6042.98,4,67,m,y
2412,8,0.26,110,35,457.11,7,78,m,w
2413,0,0.26,40,70,51028.69,7,38,f,w
2414,6,0.19,125,36,12556.35,6,41,m,w
2415,5,0.26,35,51,2423.99,9,70,m,n
2416,8,0.34,178,35,6573.67,10,59,m,n
2417,7,0.17,179,35,0.0,7,63,m,y
2418,13,0.31,98,35,219.98,3,60,m,n
2419,0,0.26,134,43,21303.62,6,60,f,w
2420,8,0.28,110,55,1184.55,7,35,m,y
2421,10,0.22,105,24,209.07,7,70,f,n
2422,12,0.17,108,27,1233.75,6,72,m,n
2423,3,0.7,36,43,826.7,3,51,m,y
2424,2,0.26,30,67,533.54,6,54,f,w
2425,8,0.17,52,50,11266.91,2,32,m,y
2426,5,0.51,6,80,5480.7,10,62,m,y
2427,3,0.17,107,47,738.61,1,63,f,y
2428,10,0.19,123,59,8115.15,8,54,f,y
2429,5,0.53,170,86,7501.14,3,71,m,n
2430,4,0.16,118,50,3096.81,8,49,f,n
2431,3,0.34,145,32,927.79,3,63,f,n
2432,0,0.37,25,95,7959.27,2,39,m,n
2433,14,0.25,35,56,13811.39,8,54,m,y
2434,3,0.27,84,69,0.0,3,52,m,w
2435,4,0.3,133,64,0.0,8,58,m,n
2436,1,0.22,90,57,1251.35,2,49,f,y
2437,7,0.21,69,37,2416.87,4,53,f,n
2438,7,0.38,23,69,5743.09,9,67,f,w
2439,2,0.44,37,78,1150.88,1,48,m,y
2440,3,0.27,152,45,1252.24,2,30,m,n
2441,11,0.34,99,75,3448.77,2,81,f,w
2442,6,0.42,38,50,15424.03,9,75,m,y
2443,2,0.35,155,23,16058.47,10,35,f,n
2444,6,0.41,114,76,9058.38,5,65,f,y
2445,16,0.33,162,36,1497.96,4,47,f,y
2446,36,0.18,9,33,1025.22,10,58,m,n
2447,0,0.42,105,84,46854.29,10,59,m,y
2448,4,0.29,127,57,5916.12,4,51,f,n
2449,4,0.31,137,24,6309.37,7,43,f,y
2450,23,0.57,10,66,4822.81,3,44,f,y
2451,20,0.11,172,8,254.14,9,41,m,n
2452,4,0.17,62,2,384.35,5,42,f,y
2453,2,0.52,36,93,12811.55,9,53,f,y
2454,8,0.3,12,59,362.75,1,44,m,n
2455,1,0.37,17,67,33341.72,10,65,f,w
2456,1,0.36,15,63,1459.56,8,77,f,w
2457,13,0.24,162,38,42.09,2,46,m,n
2458,14,0.32,146,47,382.12,8,58,m,w
2459,18,0.69,132,54,2570.09,4,62,f,w
2460,10,0.21,164,43,415.94,2,62,m,y
2461,1,0.23,142,38,1518.39,2,56,f,y
2462,2,0.34,93,66,9117.96,6,66,m,y
2463,4,0.21,149,42,2722.64,3,62,m,y
2464,3,0.45,16,74,12496.44,10,36,f,n
2465,6,0.27,169,58,5393.66,3,68,f,y
2466,0,0.54,6,61,4070.71,9,68,m,n
2467,24,0.44,26,72,0.0,5,43,f,y
2468,31,0.17,177,36,180.67,7,55,m,y
2469,0,0.25,105,64,3485.76,5,65,m,y
2470,0,0.11,170,30,175.67,2,51,m,w
2471,5,0.39,11,78,11315.1,8,71,m,y
2472,1,0.37,147,63,127018.64,9,90,f,w
2473,1,0.28,98,61,1719.03,2,43,f,y
2474,3,0.24,134,73,57956.78,2,34,f,n
2475,25,0.12,141,5,340.96,4,59,f,n
2476,22,0.24,116,53,0.0,8,65,m,w
2477,21,0.56,49,53,0.0,5,51,f,y
2478,1,0.32,128,81,8814000.42,5,76,f,y
2479,0,0.15,92,19,1445.24,7,34,f,y
2480,0,0.28,108,42,313.32,4,65,f,w
2481,7,0.22,110,48,792.67,9,45,f,y
2482,3,0.15,80,28,173.23,4,80,m,y
2483,16,0.37,160,100,4038.2,8,84,f,n
2484,8,0.19,41,21,4331.37,3,43,f,n
2485,36,0.36,175,63,0.0,6,46,f,n
2486,19,0.36,153,70,0.0,1,67,m,w
2487,6,0.54,13,96,34107.51,7,49,f,n
2488,14,0.29,51,67,4621.46,7,54,f,w
2489,1,0.35,105,90,42651.22,2,55,m,n
2490,15,0.35,57,35,153.79,5,26,f,y
2491,10,0.28,31,57,123882.67,4,54,m,w
2492,3,0.21,40,47,3291.26,10,44,m,n
2493,13,0.25,136,46,761.72,9,47,m,y
2494,8,0.3,128,48,2744.98,2,76,f,w
2495,0,0.17,137,20,4946.9,3,36,m,y
2496,30,0.31,67,93,16204.63,1,67,f,y
2497,2,0.47,69,44,39690.96,10,50,m,n
2498,6,0.32,152,78,79901.68,5,50,m,n
2499,16,0.23,176,34,1144.07,3,66,m,n
2500,2,0.31,87,72,1116.75,4,60,m,y
2501,2,0.34,19,80,88555.21,4,63,f,w
2502,6,0.37,19,71,1119.73,6,69,f,y
2503,3,0.21,59,33,18590.07,10,50,m,y
2504,9,0.23,162,56,19039.67,7,45,m,y
2505,3,0.3,136,59,9820.61,7,38,f,y
2506,36,0.24,103,66,229.4,8,42,m,y
2507,2,0.15,109,0,140.72,3,95,f,w
2508,8,0.24,10,55,8047.95,5,73,f,w
2509,2,0.26,10,40,394.74,10,34,m,w
2510,4,0.31,122,66,1012.26,6,35,m,n
2511,2,0.43,50,71,1497.8,6,62,f,y
2512,4,0.23,176,62,48659.28,8,63,m,n
2513,7,0.16,176,32,0.0,5,63,m,n
2514,9,0.16,121,35,307.24,5,51,m,y
2515,2,0.32,56,86,5641.73,1,53,f,n
2516,18,0.16,18,29,2899.88,1,59,f,y
2517,3,0.38,78,93,843.16,6,56,m,y
2518,0,0.4,73,65,8386.17,10,25,f,n
2519,23,0.29,74,44,359.09,10,51,m,n
2520,2,0.3,140,54,0.0,5,42,f,n
2521,36,0.28,97,45,0.0,10,57,m,y
2522,6,0.25,109,19,529.78,6,95,f,n
2523,15,0.32,83,59,7851.53,9,60,f,w
2524,0,0.23,175,65,8156.69,8,50,m,w
2525,6,0.23,107,41,21405.25,7,68,m,y
2526,0,0.17,10,34,736.67,7,62,m,y
2527,3,0.39,53,46,667.98,6,61,m,n
2528,0,0.16,128,30,304.68,6,64,m,y
2529,4,0.25,97,50,2842.42,1,85,f,y
2530,9,0.18,141,42,0.0,7,38,f,y
2531,16,0.24,154,50,78828.55,5,62,m,n
2532,8,0.43,93,52,9756.7,7,41,f,n
2533,10,0.34,123,45,289.29,6,63,f,y
2534,1,0.13,29,40,1500.25,8,41,f,y
2535,2,0.31,146,61,0.0,3,48,m,n
2536,22,0.22,118,57,0.0,8,50,m,y
2537,1,0.26,148,66,42043.33,7,69,f,y
2538,36,0.43,115,84,0.0,1,68,m,y
2539,14,0.35,94,33,0.0,3,36,f,y
2540,12,0.25,114,43,1949.87,10,55,f,y
2541,13,0.29,58,73,0.0,4,44,m,n
2542,3,0.25,164,49,1411.87,9,36,m,n
2543,12,0.18,56,43,434.44,6,51,f,y
2544,3,0.33,172,54,6711.53,7,50,f,y
2545,3,0.44,122,51,0.0,5,91,f,y
2546,12,0.21,62,52,1628.76,3,61,m,n
2547,3,0.33,120,57,2243.65,5,34,f,y
2548,13,0.24,62,60,15955.54,7,46,f,y
2549,0,0.26,40,62,6236.89,9,70,f,n
2550,1,0.21,91,27,114.36,9,86,m,w
2551,21,0.21,140,57,1722.94,8,31,m,y
2552,7,0.2,58,49,16296.21,5,26,m,y
2553,5,0.63,15,57,13997.02,7,83,f,w
2554,6,0.16,44,30,0.0,4,60,f,w
2555,4,0.23,168,35,13106.82,10,41,f,y
2556,1,0.25,132,43,29076.34,5,63,f,n
2557,17,0.5,64,52,11658.63,4,25,m,n
2558,11,0.38,122,60,3729.13,3,55,m,w
2559,9,0.3,155,72,1827.94,1,59,m,y
2560,14,0.36,142,58,0.0,5,68,m,n
2561,10,0.32,105,43,51.39,2,39,f,n
2562,5,0.26,13,57,421.11,6,56,f,y
2563,1,0.23,125,56,6251.65,5,41,m,n
2564,0,0.34,63,55,5305.11,2,58,f,y
2565,0,0.2,132,58,2305.79,8,41,f,y
2566,5,0.21,100,40,258.4,5,48,m,y
2567,1,0.4,155,60,235.0,2,40,m,n
2568,2,0.29,100,58,0.0,1,64,m,y
2569,16,0.13,173,40,0.0,2,67,m,n
2570,7,0.32,161,97,0.0,1,51,f,n
2571,33,0.19,179,42,180.74,10,55,m,y
2572,23,0.12,74,23,11234.77,10,33,m,y
2573,4,0.29,57,71,0.0,3,50,f,n
2574,8,0.27,16,39,0.0,3,54,f,w
2575,23,0.08,155,9,0.0,10,94,m,y
2576,12,0.49,52,53,5063.24,1,38,f,y
2577,8,0.18,94,36,518.51,7,76,m,y
2578,7,0.26,18,59,1653.58,10,69,m,y
2579,6,0.25,131,65,17044.4,7,59,f,y
2580,1,0.2,105,48,699.92,9,81,m,n
2581,0,0.83,123,36,2819.79,5,60,f,y
2582,2,0.29,178,65,5791.56,4,60,m,y
2583,6,0.31,80,50,427.09,5,54,m,n
2584,21,0.3,74,52,898.66,8,73,f,w
2585,4,0.2,126,41,0.0,8,71,m,y
2586,15,0.26,83,50,512.8,4,45,f,n
2587,0,0.28,27,77,51495.87,8,35,f,y
2588,10,0.31,168,46,2281.54,4,51,f,w
2589,0,0.39,165,87,11833333.33,4,42,f,n
2590,18,0.37,171,100,0.0,8,54,m,n
2591,5,0.17,63,51,1313.36,2,73,f,y
2592,5,0.35,173,62,5107.44,4,48,f,n
2593,20,0.23,26,57,60968.6,1,54,f,y
2594,4,0.22,54,68,15350.51,1,55,f,y
2595,18,0.27,102,73,5725.31,8,67,f,y
2596,9,0.31,97,86,2713.04,4,25,m,n
2597,2,0.23,44,54,737.61,6,45,f,n
2598,0,0.75,105,64,8492.6,5,58,m,y
2599,18,0.35,15,49,0.0,10,73,m,n
2600,3,0.6,173,36,0.0,6,47,f,y
2601,0,0.5,63,57,5794.94,4,26,m,y
2602,18,0.59,94,75,14718.17,4,64,m,n
2603,6,0.31,178,65,283.62,7,45,m,y
2604,9,0.31,150,65,1452.46,1,37,f,y
2605,24,0.25,126,67,7013.98,9,45,m,y
2606,1,0.16,73,20,336.46,10,52,f,n
2607,7,0.31,15,50,12479.57,3,45,m,y
2608,1,0.12,122,18,329.67,4,25,f,w
2609,2,0.38,67,34,2273.45,9,68,m,y
2610,6,0.26,94,65,32329.38,5,74,f,w
2611,2,0.26,165,10,1408.1,4,64,m,y
2612,5,0.24,77,30,76396.47,6,37,f,n
2613,0,0.38,175,58,6447.18,1,51,f,y
2614,8,0.23,178,50,15850.98,10,54,f,y
2615,11,0.24,81,43,0.0,1,63,f,y
2616,2,0.21,154,45,7104.3,5,65,m,y
2617,0,0.22,114,48,702.76,5,43,f,y
2618,0,0.12,160,20,920.08,9,56,f,y
2619,7,0.39,133,65,11408.29,1,61,f,n
2620,36,0.32,163,35,1788.5,3,76,f,w
2621,9,0.31,79,74,2045.07,3,65,f,y
2622,0,0.24,134,57,2649.6,4,66,f,y
2623,22,0.39,14,60,0.0,7,56,m,y
2624,15,0.3,8,64,8766.64,7,76,f,y
2625,5,0.32,118,77,725019.4,10,61,f,n
2626,13,0.23,58,23,0.0,5,42,f,n
2627,2,0.23,175,44,571.66,9,76,m,y
2628,1,0.35,152,56,6082.36,7,65,f,y
2629,1,0.18,11,49,102.47,2,48,f,n
2630,2,0.31,140,60,5024.79,3,47,m,y
2631,2,0.42,176,53,2204.96,7,59,f,y
2632,4,0.33,85,39,538.11,5,61,m,n
2633,9,0.4,41,21,1265.52,7,57,f,y
2634,1,0.1,101,17,100.61,9,59,m,y
2635,1,0.4,44,28,2246.82,9,80,m,w
2636,0,0.19,48,39,2925.36,3,71,m,y
2637,5,0.4,170,36,499.83,8,57,f,n
2638,10,0.18,161,33,1105.87,6,69,m,y
2639,4,0.16,55,29,1278.52,4,39,f,n
2640,10,0.33,44,60,0.0,4,60,f,w
2641,6,0.28,135,32,4612.74,4,82,f,n
2642,3,0.4,130,9,401.14,7,51,m,n
2643,6,0.31,170,76,28929.85,6,42,f,n
2644,14,0.27,106,69,2596.93,2,45,f,y
2645,1,0.24,120,34,302.35,5,38,m,n
2646,6,0.23,24,3,191.3,5,43,m,n
2647,8,0.39,74,61,11720.98,6,49,m,n
2648,18,0.45,49,37,981.59,7,33,f,y
2649,7,0.36,146,91,36475.38,8,55,m,y
2650,0,0.32,155,33,2687.24,10,68,m,y
2651,6,0.34,140,56,13468.87,8,41,f,y
2652,1,0.3,135,74,3682.31,5,77,f,n
2653,4,0.36,67,100,384801.3,2,62,f,y
2654,6,0.2,94,43,751.65,10,70,f,y
2655,8,0.2,138,65,1704.2,8,45,m,y
2656,0,0.31,153,25,8971.82,6,67,f,y
2657,15,0.44,131,51,0.0,3,38,m,n
2658,23,0.24,59,46,3903.64,4,68,f,n
2659,9,0.22,81,57,0.0,1,57,f,y
2660,7,0.34,169,76,857.81,3,63,m,y
2661,7,0.31,149,53,1429.17,4,37,f,y
2662,9,0.56,62,39,1089.33,2,41,f,y
2663,16,0.34,69,28,301.65,6,63,m,y
2664,1,0.28,143,85,24127.86,8,40,f,n
2665,0,0.44,104,61,6506.31,6,61,f,y
2666,0,0.21,107,31,4887.33,10,34,f,n
2667,2,0.37,104,52,16167.78,3,67,f,y
2668,4,0.37,56,44,2585.94,9,36,f,y
2669,5,0.22,32,41,0.0,4,63,m,n
2670,2,0.22,140,56,6383.83,6,64,m,n
2671,0,0.3,96,68,142.03,4,44,m,n
2672,2,0.16,46,34,746.61,4,63,m,w
2673,11,0.34,123,87,0.0,2,58,f,y
2674,7,0.56,131,70,1149.74,10,46,m,n
2675,10,0.44,102,72,3863.17,2,39,m,y
2676,5,0.28,126,75,1883.82,2,25,m,n
2677,2,0.33,146,62,29016.18,2,60,f,y
2678,26,0.25,122,39,0.0,8,31,f,y
2679,15,0.27,71,45,19505.89,10,56,m,n
2680,19,0.3,136,44,1537.75,4,51,f,y
2681,1,0.37,16,29,1749.13,4,65,m,y
2682,9,0.29,138,69,0.0,10,50,f,y
2683,6,0.27,65,67,0.0,10,50,m,n
2684,1,0.24,135,52,1486.74,3,65,f,w
2685,13,0.2,97,20,0.0,5,60,f,n
2686,0,0.3,82,63,4548.74,4,59,f,n
2687,1,0.31,109,51,3625.38,7,62,m,y
2688,1,0.23,69,40,6536.3,10,31,f,y
2689,6,0.19,146,12,1651.99,7,66,f,y
2690,5,0.26,59,67,2631.18,6,64,f,y
2691,21,0.33,145,73,0.0,7,39,m,y
2692,14,0.32,151,56,34360.18,7,51,m,y
2693,3,0.19,23,49,323.45,8,54,f,y
2694,6,0.23,150,62,14526.0,1,52,m,n
2695,2,0.21,172,51,5711.48,3,60,m,y
2696,1,0.32,91,39,9889.38,3,76,m,w
2697,7,0.27,146,52,590.89,5,71,f,w
2698,13,0.27,50,66,7952.58,10,35,m,n
2699,0,0.3,133,51,20286.74,7,64,f,w
2700,0,0.27,107,68,92655.94,10,74,m,y
2701,0,0.18,122,23,1378.8,6,60,m,n
2702,9,0.2,152,46,18120.16,4,71,m,w
2703,3,0.22,152,18,583.02,6,85,m,n
2704,9,0.1,26,11,0.0,7,70,f,n
2705,2,0.5,29,48,12139.26,4,58,f,y
2706,0,0.23,163,45,225.32,8,70,f,y
2707,8,0.11,53,18,0.0,5,57,m,y
2708,1,0.24,168,45,5568.42,3,55,f,w
2709,6,0.18,115,51,669.0,2,49,f,n
2710,4,0.25,64,51,1836.01,1,78,f,w
2711,17,0.26,22,22,714.81,4,42,f,n
2712,0,0.24,53,66,6813.03,2,77,m,y
2713,4,0.31,60,49,142103.27,3,62,f,y
2714,14,0.35,142,46,0.0,1,34,m,n
2715,9,0.53,82,80,10813.3,6,60,m,y
2716,16,0.19,19,43,1612.13,4,25,f,y
2717,36,0.18,159,29,133.49,5,64,f,y
2718,6,0.17,90,45,1727.72,8,68,f,y
2719,3,0.27,49,44,1551.17,4,46,m,n
2720,0,0.24,144,8,207.4,6,56,m,y
2721,7,0.24,56,29,8394.94,3,84,m,w
2722,12,0.67,175,86,414786.74,8,47,f,n
2723,5,0.24,168,62,0.0,3,39,m,y
2724,1,0.2,69,43,1144.25,7,77,f,y
2725,18,0.31,100,22,0.0,7,84,m,y
2726,18,0.19,151,30,390.86,3,55,f,w
2727,3,0.4,147,68,3331.83,3,70,f,y
2728,8,0.48,125,25,436.73,10,75,m,y
2729,11,0.25,54,38,1652.38,10,43,m,n
2730,0,0.27,150,52,646.07,8,47,f,y
2731,14,0.32,154,75,2375.66,3,73,f,w
2732,10,0.49,147,84,0.0,2,80,f,w
2733,5,0.28,8,41,0.0,5,63,f,y
2734,20,0.29,164,50,29941.82,7,41,m,n
2735,12,0.18,52,57,0.0,8,84,f,y
2736,5,0.29,177,73,17043.53,1,47,m,n
2737,16,0.74,22,69,4488.98,2,49,f,n
2738,16,0.31,86,66,73326.62,7,60,m,y
2739,7,0.52,32,51,759.63,9,78,f,y
2740,17,0.58,76,45,851.94,3,67,m,w
2741,10,0.28,95,56,10261.51,8,61,m,y
2742,0,0.17,135,27,28.31,10,61,m,n
2743,16,0.13,85,20,0.0,3,55,f,y
2744,11,0.27,114,47,2194.95,4,63,f,y
2745,3,0.21,92,65,5411.4,2,25,f,n
2746,1,0.22,11,32,2184.9,9,50,m,y
2747,0,0.42,106,87,75618.4,5,58,f,n
2748,26,0.26,151,51,0.0,5,37,f,y
2749,7,0.19,60,41,916.29,4,60,m,y
2750,0,0.32,72,37,643.9,5,51,m,w
2751,0,0.35,152,88,1409.33,1,81,f,n
2752,0,0.29,79,71,3732.64,10,78,m,w
2753,9,0.2,144,51,42276.9,10,48,m,n
2754,1,0.26,101,43,4474.9,6,52,f,w
2755,5,0.39,170,65,11088.68,4,53,m,w
2756,14,0.26,91,55,3431.56,4,48,f,y
2757,11,0.28,137,39,2316.74,5,57,f,w
2758,4,0.29,18,41,349.64,1,43,f,y
2759,14,0.19,75,26,533.93,4,38,f,y
2760,2,0.23,98,49,0.0,10,64,m,y
2761,2,0.36,135,85,11673.93,3,64,f,y
2762,11,0.31,94,40,1305.83,5,42,m,n
2763,5,0.25,165,59,17295.2,10,68,f,y
2764,23,0.26,68,61,38903.16,5,45,f,y
2765,2,0.23,65,59,3406.48,8,58,f,y
2766,6,0.38,159,91,3868.36,1,67,f,y
2767,1,0.24,155,53,1136.07,3,54,m,n
2768,0,0.15,79,11,3289.4,5,61,m,y
2769,1,0.35,137,65,3039.9,3,47,f,y
2770,0,0.37,149,81,3612.99,6,52,m,y
2771,1,0.22,68,55,4464.21,10,51,f,y
2772,0,0.23,175,38,2091.28,3,43,m,n
2773,1,0.23,166,47,827.69,6,52,f,y
2774,4,0.14,146,44,1603.48,8,31,m,y
2775,2,0.43,51,46,8392.47,4,47,f,y
2776,3,0.22,146,38,9409.73,8,50,f,y
2777,1,0.42,38,42,3863.65,7,51,m,w
2778,21,0.22,128,46,7613.44,4,51,m,y
2779,18,0.38,19,25,0.0,3,54,m,n
2780,3,0.25,13,48,45.21,5,62,m,n
2781,19,0.17,91,26,0.0,5,68,m,y
2782,4,0.36,179,41,2786.29,7,45,m,w
2783,2,0.14,131,42,4243.08,1,36,f,n
2784,36,0.38,134,66,0.0,9,39,m,n
2785,4,0.44,64,78,0.0,2,47,f,y
2786,0,0.43,65,58,9373.97,9,49,f,n
2787,7,0.17,54,39,1331.7,9,43,m,y
2788,1,0.37,85,37,3308.48,3,35,m,y
2789,7,0.27,98,33,7158.33,7,48,f,n
2790,0,0.3,66,22,618.16,3,57,m,w
2791,0,0.24,121,40,884.07,8,63,f,y
2792,2,0.31,28,54,440.57,8,46,f,n
2793,7,0.38,138,78,0.0,3,48,m,n
2794,8,0.19,90,27,3214.24,5,41,f,y
2795,8,0.38,125,21,2597.01,7,54,m,y
2796,5,0.13,133,38,459.13,1,42,m,y
2797,3,0.28,55,76,3246.29,3,63,f,n
2798,16,0.25,169,44,0.0,1,28,f,n
2799,4,0.22,153,35,2646.65,2,49,f,y
2800,12,0.45,48,71,18815.83,7,59,f,y
2801,5,0.27,141,37,6469.28,7,57,f,n
2802,15,0.15,174,31,19313.42,3,95,f,w
2803,0,0.34,30,25,245.15,6,60,m,y
2804,2,0.22,121,54,3521.6,6,39,f,n
2805,12,0.26,12,64,0.0,2,53,f,w
2806,9,0.24,120,29,3050.22,9,28,m,y
2807,19,0.21,91,36,0.0,8,53,f,y
2808,7,0.33,166,88,43319.6,2,42,m,n
2809,24,0.27,43,61,0.0,4,68,f,y
2810,19,0.17,17,29,928.58,9,46,f,n
2811,20,0.59,129,60,795.58,4,53,f,y
2812,7,0.33,49,80,176428.27,7,45,m,y
2813,17,0.25,58,37,3706.38,5,81,f,y
2814,4,0.29,19,51,13503.59,10,50,m,y
2815,29,0.32,97,62,0.0,6,82,f,y
2816,1,0.25,57,48,3933.44,1,67,f,n
2817,2,0.27,51,62,0.0,4,62,f,y
2818,5,0.23,174,47,1067.46,5,60,f,w
2819,25,0.26,135,67,0.0,6,60,f,y
2820,6,0.25,105,40,2792.58,6,26,m,y
2821,0,0.22,115,48,487.72,5,50,m,y
2822,7,0.22,33,50,6270.03,3,67,f,n
2823,24,0.41,116,75,1701.09,2,54,f,y
2824,4,0.22,37,28,0.0,7,33,m,y
2825,2,0.16,97,26,391.34,1,54,f,w
2826,7,0.17,81,36,465.67,5,80,m,y
2827,9,0.21,27,33,29332.4,4,73,m,y
2828,4,0.23,175,33,0.0,7,54,f,y
2829,0,0.13,117,22,2309.63,2,69,m,n
2830,3,0.24,162,54,0.0,8,49,m,y
2831,5,0.25,109,66,34597.97,9,29,m,n
2832,5,0.27,73,65,4033.01,10,41,f,n
2833,9,0.13,166,32,2127.95,1,78,f,w
2834,0,0.2,179,35,13053.69,5,50,f,y
2835,17,0.5,142,56,0.0,4,51,m,w
2836,7,0.29,43,55,9717.42,5,50,f,y
2837,6,0.25,85,56,0.0,9,83,f,n
2838,1,0.34,31,53,2189.24,3,79,f,y
2839,1,0.17,48,48,1656.49,1,88,f,w
2840,6,0.18,32,37,0.0,3,52,m,y
2841,10,0.25,16,56,18.42,4,59,m,y
2842,11,0.2,112,55,4434.03,2,32,m,n
2843,6,0.25,159,65,5400.81,1,77,m,y
2844,3,0.26,83,44,1607.11,1,37,f,y
2845,1,0.31,62,73,4402.34,8,58,f,n
2846,6,0.31,6,64,1341.47,4,38,f,n
2847,3,0.53,16,77,891.4,2,46,m,y
2848,13,0.23,163,58,3716.07,10,42,m,y
2849,5,0.24,93,45,1610.76,3,45,m,w
2850,2,0.33,137,71,189.33,8,46,m,n
2851,14,0.24,91,51,0.0,6,46,m,y
2852,19,0.25,115,59,11701.48,8,67,f,n
2853,1,0.29,77,79,2359.55,10,38,m,n
2854,6,0.24,116,57,4257.37,5,58,f,y
2855,15,0.16,38,35,0.0,3,73,m,y
2856,16,0.52,166,39,1375.13,6,47,f,y
2857,6,0.31,79,40,6530.91,10,44,f,n
2858,6,0.21,71,32,130.59,8,51,m,y
2859,0,0.15,113,32,1777.54,5,72,f,y
2860,10,0.22,9,37,1362.16,5,57,f,w
2861,1,0.28,160,37,9789.89,3,47,f,y
2862,17,0.19,38,17,0.0,3,62,f,n
2863,12,0.28,110,66,29464.49,8,38,m,y
2864,36,0.33,131,48,163.12,1,65,f,n
2865,6,0.28,89,63,894.52,4,61,f,y
2866,4,0.43,82,66,2090.24,9,50,m,y
2867,2,0.21,88,38,969.14,6,42,m,n
2868,0,0.37,37,77,2008.13,6,41,f,n
2869,8,0.42,121,100,0.0,10,63,m,n
2870,23,0.25,161,48,0.0,7,73,f,w
2871,5,0.19,24,37,8948.09,7,45,f,n
2872,2,0.35,164,79,30055.3,6,61,f,y
2873,9,0.14,58,27,3683.21,9,25,m,n
2874,10,0.3,93,83,684.07,8,46,m,n
2875,10,0.27,165,60,0.0,8,54,m,n
2876,25,0.17,14,52,0.0,2,41,f,n
2877,1,0.32,88,45,250.88,7,40,f,y
2878,13,0.29,156,68,2973.88,1,44,f,y
2879,0,0.6,30,73,233435.68,10,59,f,y
2880,9,0.17,179,53,0.0,8,52,m,w
2881,11,0.2,177,41,1475.85,3,25,m,n
2882,4,0.23,123,34,1415.34,9,25,f,n
2883,10,0.3,72,60,1808.09,5,45,f,y
2884,1,0.3,132,59,3614.67,7,61,m,y
2885,0,0.35,161,86,1403374.49,7,25,m,n
2886,1,0.39,83,45,12016.86,9,47,m,n
2887,1,0.23,157,74,1660.99,2,47,m,y
2888,14,0.41,61,50,123.49,4,75,f,w
2889,2,0.3,55,48,4703.26,8,49,f,y
2890,10,0.34,106,44,273.74,5,60,f,y
2891,14,0.41,8,41,3542.78,5,57,f,n
2892,24,0.23,28,32,3951.8,3,25,f,n
2893,13,0.34,167,29,1944.99,5,66,f,n
2894,14,0.21,14,37,1705.86,7,58,m,y
2895,3,0.38,87,71,34614.35,4,62,f,y
2896,2,0.18,64,45,313.8,8,95,m,y
2897,4,0.31,71,31,1977.09,6,25,m,y
2898,9,0.18,155,42,133.9,6,80,m,n
2899,2,0.31,120,24,412.71,6,50,f,y
2900,0,0.29,40,77,1053.36,4,59,m,y
2901,6,0.23,164,53,0.0,3,54,m,y
2902,0,0.31,83,38,114.84,10,48,m,n
2903,12,0.24,114,54,247.48,6,46,f,n
2904,1,0.2,53,27,10142.82,6,59,f,n
2905,19,0.28,58,70,4891.44,2,32,f,y
2906,6,0.26,80,53,0.0,10,66,m,y
2907,8,0.45,37,44,1284.67,9,48,m,y
2908,3,0.2,93,24,330.71,4,38,f,y
2909,8,0.31,145,43,385.2,4,48,m,y
2910,2,0.45,67,60,6378.05,10,73,f,y
2911,13,0.25,8,51,1573.62,8,46,f,n
2912,3,0.32,11,50,3841.81,3,60,f,w
2913,8,0.23,132,42,4414.72,10,44,f,y
2914,10,0.72,117,45,6028.19,7,66,m,n
2915,3,0.41,17,70,25219.03,7,65,m,y
2916,8,0.56,58,72,2901.2,2,82,f,w
2917,3,0.12,153,19,0.0,3,52,m,n
2918,6,0.29,139,80,0.0,4,65,m,w
2919,12,0.26,89,59,1857.54,2,56,m,y
2920,10,0.27,147,31,23119.21,9,74,m,y
2921,2,0.41,174,62,11676.16,10,44,m,y
2922,9,0.4,54,55,0.0,6,66,m,y
2923,13,0.15,113,37,1074.33,1,52,f,w
2924,1,0.25,89,35,593.22,1,54,f,n
2925,0,0.21,109,61,7007.65,8,56,f,n
2926,4,0.33,100,69,3057.01,6,58,f,y
2927,2,0.13,36,17,6277.21,10,53,m,w
2928,0,0.14,161,21,962.15,7,58,m,y
2929,17,0.24,17,53,117.91,6,78,m,y
2930,0,0.2,21,53,1333.42,2,69,f,n
2931,3,0.18,168,30,5001.52,3,68,f,y
2932,11,0.41,49,55,3863.1,8,48,m,y
2933,0,0.38,73,72,4427.41,4,41,m,y
2934,1,0.29,143,94,12315.96,8,69,f,n
2935,7,0.2,8,33,805.73,3,68,f,n
2936,5,0.17,36,48,0.0,2,77,f,y
2937,0,0.32,121,47,16785.29,7,45,m,n
2938,4,0.72,10,100,27304.66,1,51,m,n
2939,2,0.27,10,49,281.44,3,30,f,n
2940,9,0.59,71,63,7707.18,2,49,f,n
2941,6,0.26,20,59,16246.57,5,69,f,n
2942,6,0.32,154,77,0.0,2,48,f,n
2943,11,0.24,106,37,453.71,10,64,f,y
2944,1,0.3,16,32,3882.63,5,52,f,y
2945,7,0.22,47,48,1792.72,3,59,m,y
2946,1,0.35,71,90,35880.23,9,37,m,y
2947,5,0.19,99,31,595.63,10,56,f,y
2948,10,0.25,66,38,2658.15,9,25,m,y
2949,9,0.15,65,44,0.0,8,52,f,y
2950,4,0.53,147,57,3894.49,5,30,f,y
2951,2,0.33,125,73,54073.34,10,73,f,n
2952,0,0.21,138,31,895.81,7,66,m,n
2953,3,0.3,36,81,25518.82,2,62,m,n
2954,7,0.22,53,41,5326.72,3,77,f,n
2955,2,0.31,37,83,0.0,2,40,f,y
2956,13,0.31,62,78,25000.68,10,81,f,y
2957,14,0.16,167,45,329.75,1,68,m,y
2958,4,0.17,100,20,10713.8,3,51,m,y
2959,4,0.28,160,40,22875.64,4,72,f,w
2960,1,0.22,87,42,0.0,9,38,f,y
2961,1,0.26,10,80,914.18,2,42,f,n
2962,2,0.32,22,64,887.76,9,45,m,n
2963,4,0.17,122,31,319.06,1,47,m,y
2964,28,0.15,171,26,3233.28,9,39,m,n
2965,7,0.23,128,45,134.18,6,73,f,y
2966,4,0.31,53,50,828.28,8,51,f,y
2967,1,0.15,54,33,175.75,3,60,m,y
2968,12,0.21,174,66,3624.83,8,46,m,w
2969,8,0.35,27,59,520.01,9,27,f,n
2970,4,0.22,24,29,304.72,7,59,m,w
2971,7,0.31,118,59,1045.93,4,26,f,y
2972,6,0.23,106,41,7689.81,6,53,f,y
2973,6,0.12,135,21,291.41,6,34,m,y
2974,0,0.18,38,56,1927.38,2,84,m,y
2975,18,0.16,94,37,0.0,2,68,f,y
2976,15,0.12,139,22,6225.55,5,56,m,n
2977,0,0.34,16,83,3267.15,1,73,m,n
2978,8,0.31,32,50,4472.27,5,42,f,n
2979,5,0.32,178,58,0.0,10,63,f,w
2980,10,0.32,36,48,10640.05,3,57,f,y
2981,4,0.58,96,76,5631.85,3,58,m,w
2982,30,0.53,177,60,114489.17,8,74,m,n
2983,24,0.36,174,93,54352.22,3,65,m,y
2984,0,0.13,52,16,306.96,3,59,m,n
2985,2,0.24,84,34,53327.01,1,30,f,y
2986,1,0.62,7,51,279.39,8,40,m,n
2987,3,0.26,148,53,26133.0,10,53,f,n
2988,5,0.18,25,37,5222.83,10,56,m,w
2989,0,0.31,136,43,7181.81,6,38,m,w
2990,9,0.31,111,87,98064.37,8,91,f,n
2991,6,0.16,44,33,639.48,3,77,m,y
2992,1,0.32,79,43,621.18,6,64,m,y
2993,9,0.19,95,43,323.74,2,56,m,y
2994,8,0.24,143,32,296.1,3,51,m,y
2995,17,0.26,173,31,0.0,4,40,f,n
2996,1,0.35,146,43,25113.94,9,56,m,y
2997,7,0.43,49,95,6013.28,4,58,f,w
2998,16,0.45,37,43,906.76,7,36,f,n
2999,2,0.37,35,100,1477.63,8,60,f,y
3000,2,0.28,134,50,7089.32,5,52,m,y
3001,2,0.34,58,100,10644444.44,2,26,f,y
3002,11,0.23,81,69,11086.06,8,42,m,y
3003,13,0.25,49,35,2194.75,5,48,f,n
3004,0,0.17,40,28,641.58,5,83,f,y
3005,3,0.29,173,37,149994.25,7,63,m,n
3006,1,0.25,50,33,458.62,6,34,f,y
3007,1,0.16,129,26,623.44,3,62,f,n
3008,13,0.2,121,24,1520.98,7,31,f,n
3009,26,0.65,129,66,0.0,1,71,m,y
3010,4,0.38,143,38,99.07,4,47,f,y
3011,28,0.22,52,40,335.33,4,53,f,n
3012,3,0.35,157,61,4683.18,6,74,m,w
3013,10,0.28,23,71,13237.91,6,35,f,y
3014,3,0.26,77,69,6644.28,10,34,m,y
3015,3,0.43,128,80,11901.21,8,46,m,y
3016,7,0.27,179,69,5162.01,1,70,f,y
3017,16,0.24,176,58,4455.68,7,32,f,y
3018,7,0.24,82,50,4952.85,4,25,f,y
3019,6,0.52,149,73,4523.78,6,48,f,n
3020,5,0.42,147,48,8608.6,10,63,m,y
3021,23,0.32,14,54,11908.65,9,73,m,y
3022,13,0.21,74,51,1060.49,3,48,f,y
3023,4,0.33,66,66,3046.71,8,48,m,n
3024,13,0.35,16,28,0.0,3,72,f,n
3025,0,0.45,152,48,2185.74,6,26,f,w
3026,4,0.19,69,46,1121.1,2,49,m,n
3027,0,0.25,43,61,4669.59,9,57,m,y
3028,36,0.49,15,55,2471.06,2,61,f,y
3029,0,0.34,21,42,1768.78,5,47,f,n
3030,19,0.26,74,50,0.0,6,55,f,y
3031,21,0.34,47,62,2224.36,4,25,f,n
3032,2,0.25,49,50,925.39,7,45,f,n
3033,23,0.21,168,34,1048.06,7,61,m,n
3034,5,0.25,169,54,0.0,7,40,m,y
3035,22,0.27,155,72,0.0,7,55,m,n
3036,5,0.79,29,52,144.42,10,61,m,y
3037,5,0.16,145,26,380.33,10,49,m,y
3038,11,0.23,40,48,5742.75,9,57,m,y
3039,2,0.15,55,35,727.15,2,40,m,n
3040,18,0.24,88,54,0.0,5,51,m,y
3041,15,0.23,83,47,0.0,10,64,f,y
3042,1,0.27,45,46,1320.27,9,57,f,y
3043,0,0.15,27,44,526.01,2,46,m,y
3044,9,0.28,80,73,37850.05,3,58,f,y
3045,3,0.23,71,40,2371.07,7,65,m,y
3046,0,0.33,143,52,100561.71,9,25,f,y
3047,18,0.15,176,24,1485.59,3,72,m,y
3048,36,0.25,99,41,1708.8,10,49,f,n
3049,3,0.17,158,35,1636.08,8,61,m,y
3050,1,0.3,115,77,65143.44,8,72,f,y
3051,15,0.4,52,75,4071.61,4,34,m,y
3052,6,0.31,140,56,12966.12,6,44,f,n
3053,33,0.18,109,37,0.0,8,50,m,y
3054,8,0.18,161,32,1466.51,9,43,m,y
3055,6,0.29,85,64,19652.16,2,81,f,y
3056,21,0.25,50,76,3550.3,1,42,m,w
3057,12,0.26,106,52,4799.12,5,46,f,n
3058,4,0.15,17,28,260.43,10,58,m,y
3059,0,0.31,88,75,12499.42,3,36,m,y
3060,11,0.28,118,42,1116.77,6,49,f,y
3061,16,0.36,16,68,480.7,1,59,m,y
3062,1,0.34,136,89,8924.66,4,50,m,n
3063,18,0.31,66,53,2967.76,6,53,f,y
3064,16,0.16,61,42,51.56,2,47,f,n
3065,0,0.18,127,41,119.25,8,32,f,y
3066,10,0.37,31,24,23597.44,4,59,m,y
3067,3,0.22,91,69,1566.51,2,81,f,y
3068,0,0.57,39,50,1813.97,1,55,m,y
3069,3,0.25,149,48,2949.76,8,58,m,n
3070,7,0.22,172,27,0.0,10,65,f,y
3071,2,0.21,139,61,8592.25,1,35,m,n
3072,12,0.13,115,21,55.36,7,80,m,w
3073,5,0.54,77,78,8072.51,7,58,m,y
3074,0,0.19,158,41,3032.37,6,79,f,w
3075,6,0.24,61,73,16720.83,8,44,f,y
3076,4,0.32,88,51,12063.07,10,82,f,y
3077,0,0.38,152,85,5692.63,1,66,m,n
3078,4,0.28,98,75,8388.01,1,63,f,y
3079,12,0.44,160,66,872.43,1,58,f,y
3080,0,0.4,138,34,2098.13,6,51,m,n
3081,2,0.35,31,40,779.89,7,73,m,w
3082,34,0.11,163,20,0.0,10,57,m,y
3083,4,0.18,83,30,2618.49,9,25,m,n
3084,14,0.17,102,29,1875.8,10,38,f,n
3085,5,0.2,168,49,761.22,5,52,m,w
3086,2,0.5,80,92,8890.32,1,59,m,y
3087,0,0.65,121,35,474.96,9,54,f,n
3088,10,0.26,166,64,6007.43,5,73,f,y
3089,5,0.25,75,56,52407.45,6,25,f,n
3090,31,0.18,161,43,4870.85,9,57,m,n
3091,18,0.25,41,76,1164.83,2,27,m,y
3092,1,0.2,54,27,360.47,3,66,m,y
3093,8,0.17,58,24,81.82,7,53,m,n
3094,1,0.27,135,56,3248.01,3,61,m,n
3095,3,0.39,85,93,24220.81,2,42,f,y
3096,3,0.19,76,42,0.0,7,74,m,y
3097,5,0.4,26,70,865.07,8,70,m,n
3098,14,0.39,40,48,822.01,9,63,m,y
3099,17,0.17,179,50,0.0,2,53,f,y
3100,9,0.35,91,82,5346.9,2,63,f,w
3101,7,0.22,120,18,0.0,7,44,f,y
3102,20,0.24,27,56,1433.28,4,67,m,y
3103,0,0.19,139,31,16164.58,5,79,m,y
3104,3,0.17,125,15,0.0,1,71,m,w
3105,1,0.28,166,41,18884.08,6,44,m,y
3106,1,0.27,44,13,476.46,10,60,f,n
3107,8,0.23,48,70,1058.12,8,35,f,n
3108,1,0.34,158,98,15881.88,1,63,f,y
3109,25,0.32,151,57,5554.65,2,61,f,n
3110,6,0.2,46,41,11965.16,7,26,f,y
3111,5,0.27,133,64,7002.66,2,37,m,n
3112,3,0.18,123,40,0.0,9,50,f,y
3113,2,0.18,40,38,818.21,6,50,m,n
3114,19,0.17,29,31,0.0,5,36,f,y
3115,7,0.26,109,59,10400.7,7,60,m,y
3116,2,0.25,45,64,4278.95,10,58,m,w
3117,9,0.39,92,65,0.0,8,52,f,y
3118,2,0.15,34,31,3043.3,9,43,m,n
3119,11,0.32,143,42,0.0,6,70,m,y
3120,6,0.27,84,62,8074.59,5,79,m,y
3121,4,0.24,143,46,6926.59,7,47,m,n
3122,8,0.25,69,54,5336.65,2,45,f,y
3123,16,0.16,122,44,0.0,8,62,f,w
3124,4,0.16,162,34,4129.3,4,49,m,y
3125,9,0.53,103,71,6816.2,1,52,m,y
3126,3,0.31,151,29,6561.51,3,66,f,n
3127,3,0.4,135,68,13516.95,9,26,m,y
3128,14,0.19,158,21,89.04,4,74,m,y
3129,6,0.31,90,52,3822.84,10,56,m,n
3130,4,0.32,56,23,5758.55,10,48,f,y
3131,1,0.23,100,45,77304.88,3,53,m,y
3132,12,0.2,27,45,0.0,4,54,m,n
3133,7,0.34,14,37,0.0,3,29,f,n
3134,10,0.25,96,64,3887.27,3,77,m,n
3135,4,0.44,94,60,1026.5,2,55,f,y
3136,2,0.47,94,96,203707.84,6,61,m,n
3137,10,0.25,79,47,429.97,10,69,m,y
3138,0,0.39,99,80,20895.41,6,39,m,y
3139,8,0.23,128,33,0.0,10,62,m,w
3140,30,0.3,137,65,5363.05,4,50,f,y
3141,13,0.08,154,22,1026.0,8,67,f,y
3142,10,0.33,129,37,329.35,6,25,m,n
3143,4,0.3,35,68,5605.47,8,53,m,n
3144,0,0.27,166,32,4840.81,6,45,m,n
3145,33,0.26,48,61,17472.14,9,61,f,y
3146,20,0.24,7,56,3798.75,3,62,f,y
3147,5,0.36,92,42,8870.68,3,44,m,n
3148,9,0.26,164,57,0.0,2,44,f,y
3149,6,0.23,137,39,918.64,10,53,f,n
3150,9,0.22,52,52,689.5,6,41,f,y
3151,0,0.26,89,53,3301.78,7,67,m,n
3152,36,0.35,94,58,25349.98,7,49,m,n
3153,12,0.14,50,27,4683.39,5,25,m,y
3154,2,0.17,70,38,20112.83,6,49,f,y
3155,6,0.28,11,50,0.0,7,39,f,n
3156,5,0.2,12,52,13258.21,2,30,f,y
3157,3,0.46,23,57,63481.23,10,36,m,n
3158,4,0.22,124,26,1607.67,7,56,m,y
3159,6,0.21,46,56,4340.56,1,74,m,y
3160,5,0.19,112,33,4202.77,6,59,f,n
3161,14,0.27,74,84,107700.03,8,45,m,y
3162,1,0.21,30,50,1385.92,1,61,m,y
3163,0,0.23,61,73,3541.68,1,48,f,y
3164,5,0.19,6,27,7168.07,6,44,m,n
3165,5,0.17,136,37,1107.77,5,37,m,n
3166,8,0.35,59,63,10920.5,3,28,m,y
3167,2,0.26,86,34,2235.02,10,49,f,y
3168,0,0.4,165,55,4012.38,10,57,f,y
3169,13,0.49,135,60,0.0,7,53,f,n
3170,4,0.26,13,33,5210.1,7,48,f,y
3171,1,0.17,114,35,683.14,7,40,f,n
3172,24,0.26,58,47,0.0,6,64,f,y
3173,23,0.5,49,56,2086.0,4,35,f,n
3174,1,0.19,33,39,4889.74,9,66,f,y
3175,13,0.28,152,60,1873.1,9,39,m,n
3176,6,0.32,153,45,6492.08,7,43,m,y
3177,2,0.33,40,45,0.0,7,32,m,n
3178,3,0.5,152,66,24470.99,8,47,f,n
3179,26,0.27,109,64,7151.79,5,69,f,n
3180,3,0.31,68,23,966.5,9,62,f,y
3181,1,0.16,87,35,2055.23,6,69,m,w
3182,5,0.32,12,84,0.0,7,62,m,y
3183,7,0.4,160,22,5509.66,7,38,m,y
3184,2,0.34,44,26,57.3,9,50,f,y
3185,11,0.16,35,35,1090.47,7,43,m,n
3186,7,0.16,28,33,2660.72,3,74,f,w
3187,21,0.27,89,58,1057.03,6,37,m,y
3188,3,0.22,156,40,3959.86,6,68,m,y
3189,8,0.28,52,55,514.94,7,68,f,y
3190,17,0.31,100,59,42310.73,6,82,m,y
3191,0,0.18,68,39,294.89,4,48,m,n
3192,5,0.59,125,37,6123.35,6,65,f,w
3193,6,0.56,142,65,2817.61,3,89,m,n
3194,5,0.11,156,17,165.12,1,45,f,y
3195,2,0.28,122,69,14293.59,1,31,f,n
3196,0,0.24,92,48,835.69,5,26,m,y
3197,16,0.36,79,83,0.0,8,65,f,y
3198,5,0.3,71,44,1161.05,3,26,m,y
3199,0,0.36,42,93,392.01,2,49,f,y
3200,4,0.42,130,53,9886.35,8,61,f,n
3201,1,0.26,171,56,9951.04,9,57,f,y
3202,2,0.25,6,57,13833.25,9,61,m,w
3203,13,0.29,87,60,0.0,2,58,m,y
3204,5,0.29,40,90,7175.79,8,74,m,n
3205,2,0.24,76,48,251.67,2,40,f,w
3206,13,0.22,113,44,3360.45,7,44,f,n
3207,1,0.11,91,31,115.06,8,43,m,n
3208,3,0.09,30,16,140.75,1,67,f,y
3209,0,0.25,47,73,4666.73,8,68,m,n
3210,25,0.31,156,52,0.0,3,61,m,y
3211,4,0.27,14,88,1899.7,1,72,m,n
3212,1,0.45,160,76,12628.56,7,37,m,n
3213,5,0.26,56,42,80424.29,10,80,m,w
3214,0,0.33,62,30,286.58,3,77,f,w
3215,18,0.2,87,59,644.81,8,66,m,n
3216,0,0.36,169,83,2757402.83,9,81,m,y
3217,7,0.26,167,49,333.76,2,30,f,y
3218,17,0.25,18,76,2523.45,1,47,m,n
3219,2,0.21,179,69,40456.93,8,43,f,y
3220,0,0.58,33,81,43612.45,10,65,m,y
3221,4,0.31,91,36,616.41,6,39,f,y
3222,7,0.46,116,86,0.0,10,66,f,y
3223,2,0.5,163,80,3043.17,1,75,m,w
3224,3,0.34,50,68,3778.17,3,65,f,y
3225,8,0.3,43,48,12632.27,9,59,f,y
3226,30,0.17,25,32,0.0,9,40,f,n
3227,4,0.24,102,41,291.54,6,42,m,y
3228,4,0.26,107,63,1027.6,3,73,m,w
3229,16,0.16,64,47,7349.44,8,66,f,y
3230,3,0.18,147,35,11827.14,6,54,f,w
3231,3,0.39,47,100,34499.35,1,48,m,y
3232,5,0.32,64,57,394.74,6,25,m,y
3233,0,0.3,13,59,447.23,5,38,m,y
3234,19,0.46,62,77,25468.53,8,83,m,y
3235,0,0.29,155,82,62127.7,2,35,m,n
3236,18,0.32,107,27,0.0,7,57,m,y
3237,21,0.18,89,25,508.2,6,70,m,n
3238,17,0.26,26,79,1704.52,1,36,m,y
3239,0,0.4,133,65,35322.51,8,57,f,n
3240,6,0.33,161,72,2649.93,6,69,m,n
3241,3,0.25,54,60,4270.67,3,55,m,y
3242,1,0.17,156,33,4668.07,5,95,m,y
3243,6,0.14,59,29,185.12,7,29,f,n
3244,0,0.25,156,33,13188.84,9,70,f,y
3245,2,0.22,73,40,2500.52,4,52,f,y
3246,5,0.5,51,53,1583.19,2,66,m,n
3247,31,0.22,161,32,1021.2,3,61,f,w
3248,5,0.2,100,41,6008.7,7,44,m,n
3249,2,0.3,102,70,6185.97,8,58,m,y
3250,6,0.51,55,29,1588.55,5,27,f,n
3251,0,0.14,88,29,144.13,3,64,f,w
3252,13,0.26,68,80,0.0,1,59,f,y
3253,18,0.51,15,66,16065.11,10,64,f,y
3254,0,0.17,94,55,700.2,1,70,f,w
3255,1,0.61,170,91,160857.15,2,60,m,y
3256,0,0.28,146,44,1355.92,5,57,m,y
3257,18,0.19,75,37,0.0,3,41,m,n
3258,0,0.1,35,12,8.75,7,44,f,y
3259,0,0.13,85,38,3445.51,2,72,m,y
3260,6,0.36,77,58,926.09,2,76,f,y
3261,1,0.3,144,27,39.25,3,51,m,y
3262,20,0.37,128,62,1070.7,1,55,m,w
3263,13,0.46,134,45,1918.05,2,41,m,y
3264,1,0.2,151,33,1943.25,5,72,m,y
3265,4,0.49,105,63,29246.9,3,64,f,y
3266,14,0.11,16,15,21009.35,10,84,m,w
3267,0,0.52,89,63,6162.73,6,41,m,n
3268,5,0.21,143,58,70460.15,2,49,m,y
3269,4,0.2,66,46,4238.35,8,58,m,y
3270,21,0.21,143,28,786.42,4,64,m,n
3271,3,0.29,106,27,2966.96,3,51,m,y
3272,1,0.25,127,51,727.72,5,41,f,y
3273,3,0.26,65,71,5478.89,8,68,m,y
3274,2,0.58,119,42,10780.1,9,65,m,y
3275,13,0.28,155,90,260318.48,1,41,f,w
3276,9,0.19,80,45,4032.77,4,75,m,w
3277,4,0.17,104,38,0.0,6,72,m,w
3278,15,0.42,14,40,0.0,6,57,f,w
3279,7,0.18,148,36,18115.5,9,56,m,n
3280,1,0.23,88,74,615.6,1,63,f,w
3281,9,0.41,42,78,15492.11,5,42,f,y
3282,2,0.24,75,29,1145.38,10,55,f,y
3283,9,0.32,177,52,107478.39,1,25,f,n
3284,5,0.24,136,39,2167.31,6,68,m,y
3285,11,0.22,15,51,0.0,9,31,m,y
3286,5,0.19,137,35,253.5,4,77,m,y
3287,17,0.09,61,11,160.15,10,50,m,y
3288,3,0.31,173,45,129835.13,10,51,f,y
3289,2,0.25,38,33,6289.26,9,45,f,y
3290,2,0.34,166,58,5996.08,3,50,f,n
3291,6,0.72,154,95,11711111.11,7,76,f,w
3292,2,0.25,108,65,1956.9,5,25,m,n
3293,10,0.29,124,78,24744.41,10,74,f,w
3294,2,0.3,50,52,1150.9,1,60,f,w
3295,5,0.53,62,40,470.28,7,36,f,y
3296,7,0.31,173,74,3548.11,8,38,m,y
3297,5,0.39,131,56,1482.54,6,80,f,y
3298,0,0.24,132,48,1408.67,1,40,m,n
3299,3,0.5,15,61,0.0,9,37,f,y
3300,14,0.27,79,66,2010.26,7,72,f,w
3301,9,0.24,71,50,1200.06,6,60,m,y
3302,35,0.27,107,43,0.0,4,40,f,n
3303,2,0.17,90,31,989.3,3,58,f,y
3304,21,0.3,163,22,182.32,4,39,m,n
3305,4,0.35,87,63,598.09,1,71,f,y
3306,0,0.35,40,58,2094.18,9,70,f,y
3307,3,0.22,58,38,3197.7,2,62,f,y
3308,1,0.19,172,52,85401.39,2,60,f,w
3309,2,0.3,117,15,2536.21,3,81,m,n
3310,3,0.32,27,75,85.99,1,54,f,w
3311,2,0.26,72,63,0.0,10,37,m,n
3312,0,0.42,105,79,672.13,3,61,m,n
3313,2,0.22,85,54,48910.76,4,86,f,y
3314,7,0.3,105,76,2078.99,9,39,f,y
3315,11,0.19,80,38,510.6,5,49,f,y
3316,0,0.25,125,55,9028.34,6,61,f,w
3317,0,0.15,22,47,1542.62,1,54,f,w
3318,7,0.41,152,60,8866.29,3,40,m,n
3319,0,0.14,77,25,68806.97,7,71,f,y
3320,0,0.3,129,23,7640.49,7,89,m,y
3321,3,0.24,95,58,10110.08,10,57,f,w
3322,9,0.39,56,68,1660.44,1,41,f,y
3323,15,0.2,62,49,0.0,9,31,f,n
3324,6,0.36,143,68,43978.33,1,58,m,y
3325,5,0.21,37,29,0.0,7,71,f,y
3326,5,0.12,84,31,1250.24,2,62,f,n
3327,4,0.23,128,43,186.9,9,54,f,y
3328,12,0.27,127,71,5040.09,9,46,m,y
3329,7,0.25,73,63,374.31,9,38,f,w
3330,1,0.25,33,51,5655.56,4,67,f,n
3331,22,0.31,137,68,4105.28,6,68,f,n
3332,1,0.36,82,70,30014.97,2,31,f,n
3333,1,0.34,145,48,2591.36,3,78,m,y
3334,3,0.22,20,48,36439.53,6,63,m,y
3335,3,0.17,34,47,3501.11,1,75,m,n
3336,0,0.25,92,61,10840.88,7,34,m,y
3337,0,0.24,18,48,5361.52,2,34,f,y
3338,28,0.27,43,60,4600.91,8,52,m,n
3339,1,0.33,115,88,12170.3,5,62,m,y
3340,25,0.15,40,21,0.0,7,81,m,w
3341,9,0.46,173,81,1578.24,8,65,f,y
3342,1,0.41,81,26,233.23,3,51,m,y
3343,4,0.6,115,65,1949.65,6,39,m,y
3344,2,0.31,10,48,269603.91,9,73,m,w
3345,2,0.05,7,0,56.7,4,40,m,y
3346,8,0.25,35,44,8407.69,10,79,f,n
3347,3,0.26,104,60,1103.56,7,50,m,n
3348,15,0.48,124,85,2296.99,1,78,f,y
3349,5,0.13,15,25,508.76,7,65,f,y
3350,2,0.15,78,30,172.66,9,52,f,w
3351,0,0.19,129,34,2831.83,10,47,f,n
3352,7,0.29,43,54,0.0,8,49,f,y
3353,22,0.48,99,50,0.0,4,61,f,n
3354,5,0.29,124,64,7416.02,3,56,f,y
3355,6,0.21,168,40,4486.94,7,46,m,y
3356,2,0.3,76,46,1703.84,1,52,m,y
3357,8,0.43,145,65,8499.01,8,56,f,y
3358,5,0.19,175,57,242.87,1,25,f,y
3359,10,0.7,103,75,51166.2,7,61,f,y
3360,1,0.35,132,76,49699.79,6,40,f,y
3361,2,0.7,72,46,1569.63,10,37,m,y
3362,13,0.14,38,46,0.0,8,29,f,n
3363,27,0.46,109,64,0.0,6,28,m,n
3364,13,0.15,146,29,3788.46,5,34,m,n
3365,4,0.34,153,47,16764.44,9,44,f,n
3366,0,0.23,166,61,2903.19,4,84,m,y
3367,16,0.15,39,27,946.54,7,47,f,y
3368,13,0.26,55,64,942.52,6,57,f,n
3369,25,0.38,142,79,2242.21,10,61,m,y
3370,4,0.38,12,69,17143.66,6,56,f,y
3371,9,0.16,142,33,2098.28,5,53,f,y
3372,1,0.28,111,75,5782.07,2,37,m,y
3373,19,0.32,159,51,2944.09,4,76,m,y
3374,9,0.52,135,91,14737.4,1,82,f,y
3375,10,0.26,10,62,3407.84,9,29,m,y
3376,8,0.19,118,29,1967.81,9,39,f,n
3377,10,0.18,71,50,1307.76,8,50,m,y
3378,1,0.2,121,50,2000.23,4,40,f,n
3379,9,0.28,143,57,30905.89,5,62,f,y
3380,3,0.35,164,97,0.0,1,44,m,n
3381,3,0.29,166,23,808.82,4,87,f,y
3382,2,0.46,113,63,30389.53,4,72,f,n
3383,15,0.23,116,45,8907.16,5,58,f,y
3384,10,0.35,139,73,3736.96,2,70,f,y
3385,2,0.29,19,67,0.0,2,71,f,n
3386,0,0.41,83,87,2029.67,2,46,f,y
3387,4,0.14,20,39,7229.08,8,42,f,y
3388,7,0.36,126,63,282.29,2,56,f,y
3389,0,0.36,176,72,22156.79,6,67,m,y
3390,5,0.31,153,53,1536.84,2,57,f,y
3391,0,0.19,26,44,839.31,8,31,m,w
3392,13,0.16,34,50,2379.89,1,42,m,y
3393,8,0.47,78,70,10197.28,2,53,m,y
3394,3,0.24,98,20,2648.63,5,53,m,n
3395,2,0.25,177,28,132.15,6,84,m,w
3396,3,0.26,167,49,11804.23,9,34,m,n
3397,18,0.17,52,37,1052.47,6,62,m,w
3398,0,0.21,14,63,4362.06,8,77,f,w
3399,20,0.34,117,76,0.0,7,89,m,w
3400,0,0.29,35,41,701.9,1,48,m,y
3401,0,0.43,22,69,1830.45,2,62,m,n
3402,1,0.23,64,38,524.68,4,63,m,w
3403,1,0.71,124,57,5010.23,1,57,m,n
3404,21,0.63,137,77,0.0,8,53,f,w
3405,2,0.21,173,37,23357.67,4,61,f,y
3406,13,0.22,101,55,665.61,7,25,f,y
3407,3,0.25,140,44,0.0,7,65,f,w
3408,1,0.6,43,69,1615.48,8,56,m,y
3409,4,0.25,37,50,3622.02,9,51,m,n
3410,0,0.19,74,33,4679.36,9,85,m,y
3411,7,0.24,72,50,0.0,7,44,f,n
3412,1,0.47,61,41,6082.66,9,48,m,n
3413,6,0.34,25,89,1439871.73,5,84,f,y
3414,2,0.22,125,37,0.0,10,42,m,y
3415,19,0.27,150,66,0.0,4,46,m,y
3416,1,0.18,149,40,2044.87,3,52,f,w
3417,5,0.24,16,45,1399.57,6,67,f,n
3418,0,0.35,146,44,11955.01,10,58,f,y
3419,1,0.24,151,64,24644.68,9,35,f,y
3420,1,0.38,19,89,6130.2,4,47,f,n
3421,14,0.32,39,83,444.42,2,45,f,n
3422,7,0.24,91,61,0.0,3,53,f,y
3423,0,0.6,130,54,28836.89,3,61,m,y
3424,1,0.16,159,45,318.66,2,61,f,n
3425,16,0.49,175,69,1290.26,9,28,f,n
3426,2,0.26,172,61,47214.75,4,70,m,w
3427,1,0.23,135,36,595.41,3,58,f,y
3428,12,0.3,55,31,1404.17,10,75,f,w
3429,4,0.48,118,43,32362.93,6,61,f,y
3430,5,0.18,149,42,1208.42,8,71,m,w
3431,9,0.3,67,97,0.0,8,61,m,y
3432,19,0.21,103,54,1116.03,10,75,f,y
3433,9,0.39,144,45,0.0,6,62,f,y
3434,4,0.2,132,27,0.0,5,53,m,w
3435,26,0.24,35,57,40726.64,7,89,f,n
3436,6,0.19,160,25,2195.18,3,68,m,y
3437,18,0.13,91,17,0.0,10,63,f,y
3438,17,0.29,86,56,0.0,2,35,m,y
3439,5,0.17,84,37,2640.54,8,35,m,y
3440,1,0.37,142,64,3344.97,9,59,f,y
3441,3,0.36,81,55,5852.59,6,57,m,n
3442,1,0.2,135,34,350.05,4,45,m,n
3443,1,0.23,54,25,6501.94,6,57,m,n
3444,18,0.3,53,35,2996.5,7,78,m,w
3445,1,0.22,60,69,5421.89,8,65,m,y
3446,29,0.17,85,34,0.0,3,37,f,n
3447,2,0.53,72,24,7861.89,6,53,f,y
3448,4,0.16,120,38,14470.47,10,42,f,y
3449,1,0.17,117,26,2035.54,6,49,f,y
3450,3,0.3,164,34,1531.71,10,48,m,y
3451,7,0.17,112,27,19302.85,7,47,m,y
3452,19,0.39,31,56,0.0,4,36,m,y
3453,22,0.36,115,97,875390.7,6,53,f,n
3454,0,0.44,71,74,745.57,2,46,f,y
3455,6,0.33,163,86,8538.84,8,25,m,n
3456,1,0.19,106,47,14576.17,3,85,m,y
3457,1,0.27,6,40,22948.64,9,71,f,y
3458,13,0.38,75,100,54286.22,8,49,f,y
3459,3,0.34,155,57,1823.13,6,55,f,y
3460,33,0.42,118,44,11241.59,10,37,m,y
3461,12,0.22,59,70,392.81,2,80,f,w
3462,6,0.21,147,60,27005.6,8,83,m,w
3463,0,0.21,19,36,6265.33,6,57,f,y
3464,0,0.57,24,80,82721.76,1,70,f,y
3465,7,0.27,159,57,82.03,6,57,f,n
3466,14,0.36,64,100,1112.5,5,34,m,y
3467,5,0.14,155,19,0.0,6,48,m,y
3468,16,0.33,11,100,0.0,1,56,m,y
3469,4,0.21,68,45,273.59,4,48,m,n
3470,20,0.27,82,43,0.0,7,51,f,y
3471,17,0.21,79,46,632.68,5,53,f,n
3472,7,0.39,132,30,1827.05,6,53,m,y
3473,18,0.27,152,48,4731.38,2,55,m,y
3474,6,0.21,100,29,291.64,8,39,m,y
3475,0,0.21,15,35,1630.65,10,44,f,n
3476,10,0.29,42,29,56.76,4,35,f,n
3477,8,0.18,150,37,899.41,6,69,m,y
3478,9,0.4,138,97,0.0,3,25,m,y
3479,0,0.65,154,29,1919.63,9,72,f,y
3480,0,0.34,123,100,4641.57,8,75,f,y
3481,36,0.33,172,77,0.0,6,50,m,y
3482,11,0.13,153,17,0.0,9,25,f,n
3483,5,0.23,148,59,45468.9,10,49,f,w
3484,8,0.3,84,65,1617.96,9,54,f,y
3485,14,0.21,58,64,2149.67,2,39,f,y
3486,19,0.27,38,50,0.0,9,47,m,y
3487,15,0.22,127,25,158.27,8,77,f,y
3488,6,0.26,177,21,0.0,2,64,m,y
3489,19,0.07,37,1,630.6,9,41,m,n
3490,12,0.44,84,53,12800.43,5,31,m,y
3491,0,0.15,161,19,3495.33,9,50,m,w
3492,0,0.31,8,66,1408.55,3,51,m,y
3493,10,0.25,58,39,3185.31,4,62,f,y
3494,15,0.26,175,80,0.0,1,46,f,y
3495,4,0.45,7,71,411.36,5,62,f,n
3496,11,0.31,126,34,0.0,7,84,m,n
3497,10,0.32,155,70,7759.04,7,67,m,y
3498,5,0.17,158,28,0.0,6,54,f,y
3499,4,0.23,165,38,1418.04,6,52,m,w
3500,0,0.21,140,33,215.38,8,49,f,y
3501,31,0.42,67,82,0.0,10,72,m,y
3502,1,0.25,36,48,1164.26,9,45,f,y
3503,1,0.21,68,54,421.78,4,55,m,y
3504,0,0.38,42,68,8955.49,4,55,f,y
3505,5,0.22,73,59,0.0,8,47,f,y
3506,0,0.41,84,48,3361.37,5,34,f,n
3507,16,0.19,142,28,758.98,10,59,f,y
3508,1,0.33,51,42,3722.2,9,54,m,n
3509,19,0.31,100,71,0.0,6,62,f,n
3510,15,0.25,39,52,46964.26,9,46,m,y
3511,0,0.31,113,38,1865.5,4,73,f,n
3512,6,0.34,65,87,7590.6,1,41,m,n
3513,1,0.18,146,32,4100.42,4,80,f,w
3514,1,0.32,41,28,638.9,9,28,f,n
3515,5,0.3,53,49,70482.06,7,61,m,n
3516,1,0.28,98,42,611.33,6,62,m,y
3517,4,0.49,11,100,41455.75,2,43,m,n
3518,0,0.32,138,56,387.4,4,61,f,y
3519,5,0.13,108,33,15963.71,1,74,m,n
3520,1,0.29,79,78,1562.32,3,25,f,y
3521,0,0.36,79,66,1653.26,2,62,f,n
3522,0,0.48,118,39,2846.52,4,25,f,y
3523,8,0.25,157,24,23211.8,4,40,f,n
3524,0,0.37,12,50,2259.16,9,79,m,w
3525,6,0.42,91,56,64536.18,7,46,f,n
3526,0,0.22,63,46,1282.46,3,37,f,n
3527,5,0.16,154,22,1410.74,7,52,f,y
3528,2,0.28,166,48,2228.67,8,86,f,w
3529,1,0.19,49,27,1691.22,7,27,f,n
3530,25,0.36,30,83,0.0,8,39,m,n
3531,3,0.24,100,53,2747.74,9,77,f,w
3532,3,0.36,121,76,18004.73,1,82,f,y
3533,28,0.29,148,49,12712.68,10,53,f,y
3534,11,0.48,162,38,1186.4,6,36,f,n
3535,7,0.6,88,97,60145.62,4,86,m,w
3536,1,0.2,57,39,1654.09,1,78,f,y
3537,7,0.21,22,58,1980.31,2,65,f,n
3538,12,0.32,41,75,0.0,10,42,m,y
3539,16,0.41,168,76,0.0,4,54,f,n
3540,16,0.23,173,56,460.93,1,52,m,n
3541,0,0.32,156,34,2754.71,6,59,f,y
3542,2,0.18,167,48,3889.78,1,76,m,w
3543,5,0.3,87,33,4356.6,9,68,f,n
3544,5,0.28,133,26,592.92,10,38,m,y
3545,5,0.24,85,57,10861.08,3,75,f,y
3546,22,0.31,161,98,11241.28,1,59,m,y
3547,4,0.27,65,43,6008.5,6,65,m,n
3548,13,0.35,165,51,1334.02,6,76,f,y
3549,5,0.48,63,52,3970.95,7,38,m,y
3550,4,0.28,87,39,1236.61,7,54,f,y
3551,23,0.31,49,50,1836.32,10,47,f,y
3552,2,0.21,167,33,231.33,4,31,f,n
3553,2,0.19,154,34,562.2,5,60,f,n
3554,14,0.28,129,60,0.0,3,92,m,y
3555,4,0.32,6,49,630.33,6,27,m,n
3556,7,0.6,102,46,10398.09,7,54,f,n
3557,0,0.32,26,51,1724.95,9,64,m,y
3558,5,0.36,104,73,127089.6,9,56,f,y
3559,6,0.26,160,51,8528.41,5,53,m,w
3560,7,0.24,153,48,357.89,4,35,f,n
3561,0,0.28,149,57,9125.96,7,58,m,n
3562,15,0.29,53,56,4352.48,3,43,f,y
3563,4,0.39,37,95,8723.51,4,25,m,n
3564,2,0.38,37,42,6568.64,9,72,m,n
3565,6,0.21,129,54,34401.79,5,69,f,n
3566,6,0.21,135,27,0.0,10,55,m,w
3567,1,0.38,27,48,1865.38,7,58,f,w
3568,2,0.17,57,35,2124.23,2,71,f,w
3569,9,0.36,101,35,0.0,9,58,m,y
3570,1,0.25,167,35,6075.38,5,68,f,w
3571,5,0.25,150,57,2944.27,5,50,m,y
3572,16,0.2,28,42,16682.75,4,74,f,w
3573,0,0.2,38,62,5059.84,8,59,f,y
3574,14,0.31,162,47,0.0,4,57,f,n
3575,16,0.4,24,98,113152.13,2,35,m,y
3576,10,0.33,126,42,0.0,5,59,m,n
3577,7,0.52,74,53,7423.19,3,42,f,y
3578,4,0.37,42,92,10296.5,4,45,m,y
3579,8,0.25,128,59,25492.8,3,42,m,n
3580,13,0.17,159,28,0.0,7,39,f,n
3581,2,0.17,29,13,735.98,6,86,f,y
3582,19,0.24,59,56,0.0,2,74,m,y
3583,2,0.14,26,42,1327.51,8,83,m,y
3584,0,0.28,102,67,8710.48,5,36,m,n
3585,9,0.31,95,59,761.66,6,56,m,w
3586,19,0.57,143,65,0.0,8,35,m,n
3587,16,0.38,47,63,15726.71,7,44,m,y
3588,1,0.61,162,50,2689.93,3,41,f,y
3589,24,0.39,168,85,0.0,2,73,f,w
3590,22,0.57,33,29,16959.9,3,49,m,y
3591,8,0.27,145,79,0.0,8,71,m,n
3592,2,0.42,63,41,6287.56,4,64,f,y
3593,4,0.36,132,81,15782.97,8,89,m,w
3594,6,0.22,177,26,1783.49,4,32,f,n
3595,5,0.37,12,66,731.17,7,73,f,y
3596,6,0.26,149,41,18569.64,6,72,f,w
3597,2,0.21,98,38,599.73,10,40,m,n
3598,1,0.33,40,54,235.54,1,70,f,y
3599,29,0.24,97,62,2028.75,8,60,f,y
3600,1,0.21,12,36,534.94,6,51,f,y
3601,3,0.27,19,38,277.75,2,42,f,y
3602,28,0.54,64,40,0.0,5,44,m,n
3603,10,0.21,67,55,23325.08,2,85,m,y
3604,6,0.67,125,77,0.0,10,55,f,y
3605,0,0.4,71,43,79.32,7,66,f,y
3606,16,0.29,27,73,0.0,10,43,f,y
3607,11,0.28,149,70,7547.25,6,43,f,y
3608,0,0.31,104,30,102.16,7,71,m,y
3609,13,0.16,125,33,6686.83,6,34,m,n
3610,2,0.62,48,50,21404.98,10,48,f,w
3611,13,0.17,102,48,3081.68,1,55,m,n
3612,14,0.21,103,51,9131.36,3,56,f,y
3613,4,0.26,121,34,763.2,10,52,m,w
3614,0,0.25,153,54,5689.55,2,60,f,y
3615,6,0.37,143,41,128.96,1,65,f,y
3616,6,0.29,152,90,3725.97,1,66,m,y
3617,13,0.22,17,51,13003.81,4,40,m,y
3618,0,0.37,143,79,392.35,1,50,f,n
3619,9,0.2,76,48,18522.48,2,72,f,y
3620,14,0.33,109,75,16642.15,1,68,f,y
3621,6,0.24,16,62,5217.97,6,34,m,y
3622,2,0.36,66,48,1100.02,4,60,m,n
3623,2,0.18,131,48,22931.48,8,25,m,n
3624,3,0.16,171,10,391.88,5,55,m,y
3625,18,0.26,22,29,4298.68,10,83,f,w
3626,9,0.24,59,58,1678.11,5,40,f,n
3627,8,0.16,178,49,910.19,8,42,m,n
3628,0,0.24,158,62,92839.9,10,66,m,n
3629,7,0.21,111,51,1350.44,6,31,m,n
3630,15,0.44,164,50,6950.18,6,45,f,y
3631,1,0.23,111,34,7856.9,3,63,f,n
3632,2,0.28,44,76,0.0,6,45,f,y
3633,29,0.76,25,48,673.47,10,51,m,y
3634,6,0.24,78,61,0.0,7,66,f,w
3635,9,0.48,48,74,0.0,2,61,m,y
3636,3,0.29,121,71,9845.45,3,59,m,y
3637,2,0.28,134,35,850.35,6,49,f,y
3638,0,0.24,60,55,1649.77,10,60,f,y
3639,1,0.71,113,57,1835.03,9,53,m,y
3640,8,0.17,108,32,0.0,9,61,m,w
3641,2,0.3,138,83,280.04,8,47,m,y
3642,1,0.36,145,100,5579.14,8,52,m,n
3643,0,0.25,19,43,7574.4,9,40,f,y
3644,15,0.26,108,52,0.0,9,54,f,n
3645,5,0.35,45,45,18344.01,10,42,m,w
3646,3,0.39,113,49,0.0,9,38,m,y
3647,1,0.4,142,52,537.16,5,58,m,n
3648,5,0.13,175,27,1075.3,6,58,f,w
3649,20,0.33,47,88,65492.39,5,66,m,y
3650,4,0.21,38,35,1995.59,1,48,f,y
3651,0,0.37,30,77,5762.88,4,61,m,n
3652,11,0.36,123,65,0.0,1,63,f,n
3653,2,0.49,83,100,164929.95,1,61,f,y
3654,9,0.19,14,38,91.09,3,42,f,y
3655,10,0.19,124,32,0.0,7,57,f,y
3656,13,0.3,124,69,1645.62,1,60,f,y
3657,1,0.47,96,74,7188.65,7,55,f,w
3658,1,0.26,177,44,12084.26,10,25,m,y
3659,3,0.22,63,17,12260.91,10,57,m,y
3660,9,0.23,158,60,0.0,1,88,m,w
3661,23,0.11,121,15,2803.65,9,49,f,y
3662,8,0.2,37,31,0.0,5,44,f,y
3663,31,0.32,27,85,49283.52,6,60,m,y
3664,7,0.29,98,65,5356.41,9,59,f,y
3665,26,0.25,60,56,219.03,3,72,f,y
3666,10,0.26,113,59,6049.37,3,36,f,y
3667,3,0.31,82,48,153.78,5,65,f,y
3668,9,0.28,66,69,0.0,7,63,f,n
3669,1,0.27,127,34,705.47,3,52,m,w
3670,4,0.19,97,45,64590.79,4,60,m,y
3671,3,0.34,72,73,1392.63,2,70,f,y
3672,12,0.3,135,83,0.0,9,68,m,w
3673,15,0.23,119,54,233.01,10,37,m,y
3674,11,0.28,126,52,0.0,9,67,f,w
3675,14,0.61,166,55,2199.83,2,54,f,w
3676,0,0.29,68,45,1980.51,5,56,f,y
3677,14,0.13,149,43,0.0,1,56,m,y
3678,1,0.48,134,100,767.43,8,52,f,y
3679,11,0.39,90,99,5108.97,6,72,m,y
3680,5,0.65,69,39,16024.73,10,53,m,w
3681,2,0.23,125,28,7062.31,10,38,f,n
3682,12,0.47,74,67,1209.12,2,49,m,y
3683,0,0.22,129,70,1133.63,2,57,m,y
3684,36,0.18,126,27,0.0,10,73,f,n
3685,5,0.26,150,59,20541.48,5,64,m,y
3686,4,0.37,45,92,304.09,7,42,f,n
3687,6,0.2,107,39,5355.64,9,92,f,w
3688,17,0.33,134,82,1606366.13,9,58,f,y
3689,2,0.29,18,59,221283.54,6,74,m,y
3690,2,0.29,23,44,2333.31,2,52,f,y
3691,10,0.2,73,15,899.57,6,63,m,y
3692,4,0.32,116,90,28768.79,1,67,f,y
3693,5,0.44,19,100,20916.61,2,73,m,y
3694,5,0.46,138,56,0.0,3,70,m,y
3695,13,0.28,67,65,3940.65,5,68,f,n
3696,1,0.28,166,53,1910.69,10,50,m,y
3697,2,0.38,31,43,442.8,1,46,m,y
3698,5,0.23,35,15,1104.34,10,59,m,n
3699,0,0.23,67,52,1705.91,5,68,f,n
3700,2,0.36,86,51,13406.63,5,51,m,y
3701,12,0.42,75,70,5673.05,4,70,m,y
3702,6,0.39,96,69,5685.09,3,76,m,w
3703,7,0.36,41,74,1215.5,7,41,f,y
3704,3,0.18,12,39,1710.36,7,42,f,y
3705,7,0.26,70,64,98.11,1,52,m,y
3706,3,0.2,82,47,232.68,7,59,m,y
3707,2,0.24,46,40,594.15,3,47,m,y
3708,3,0.19,37,30,5340.9,3,75,m,y
3709,20,0.12,147,24,0.0,6,61,m,n
3710,6,0.34,166,45,2580.6,6,55,f,n
3711,4,0.32,35,55,0.0,4,33,f,w
3712,12,0.28,11,67,30527.96,5,35,f,y
3713,0,0.27,15,40,3011.37,3,59,m,y
3714,6,0.26,108,45,1536.26,3,25,f,n
3715,2,0.29,25,58,5640.41,9,70,f,y
3716,3,0.16,94,21,848.4,5,52,f,y
3717,6,0.12,129,38,1521.88,1,95,f,y
3718,10,0.7,123,74,1627.57,9,89,m,y
3719,15,0.18,17,18,0.0,10,52,m,y
3720,36,0.14,27,27,0.0,6,53,f,y
3721,3,0.17,81,37,462.79,9,69,m,w
3722,3,0.36,19,53,2772.8,7,80,m,y
3723,36,0.21,111,40,0.0,10,30,m,w
3724,4,0.23,41,40,3873.46,10,28,m,n
3725,6,0.27,60,40,0.0,7,45,f,y
3726,9,0.25,19,67,4064.66,5,63,m,n
3727,13,0.25,7,43,0.0,7,62,m,n
3728,6,0.27,7,33,20238.17,10,71,f,y
3729,2,0.3,66,67,4430.44,4,37,m,y
3730,0,0.24,112,59,14616.47,6,25,f,n
3731,11,0.39,112,64,17128.98,2,67,m,n
3732,0,0.27,139,56,4467.2,10,42,f,n
3733,1,0.78,158,57,25162.18,3,25,f,y
3734,1,0.25,28,57,1538.23,2,57,f,y
3735,0,0.18,78,39,323.42,10,66,m,y
3736,15,0.3,100,94,7424.7,2,53,m,y
3737,13,0.19,33,40,2364.11,7,48,f,n
3738,2,0.43,30,51,858.0,5,52,f,w
3739,12,0.16,104,13,1082.67,6,49,m,n
3740,3,0.39,70,55,4219.05,3,34,m,n
3741,0,0.31,48,50,827.22,10,44,f,n
3742,5,0.35,45,35,1784.87,5,62,f,n
3743,2,0.27,28,50,1260.98,5,59,m,y
3744,0,0.32,13,32,291.63,4,57,f,y
3745,2,0.37,133,10,1078.05,10,40,f,w
3746,2,0.2,12,45,2221.75,4,52,f,y
3747,6,0.79,26,68,1392.94,8,25,f,y
3748,7,0.3,40,39,829.77,6,57,m,y
3749,1,0.37,106,92,8429.45,2,76,f,y
3750,12,0.66,104,58,6250.95,2,32,f,n
3751,21,0.21,87,62,0.0,2,46,f,y
3752,2,0.24,66,30,101.6,6,59,m,n
3753,0,0.18,79,50,24880.95,1,73,f,y
3754,14,0.26,163,46,0.0,3,48,m,y
3755,10,0.19,114,60,6473.25,1,44,m,y
3756,2,0.25,73,52,2234.46,4,25,f,n
3757,5,0.35,142,46,4976.74,1,56,f,n
3758,10,0.32,22,41,0.0,9,85,f,n
3759,1,0.29,48,64,47770.69,6,59,m,y
3760,2,0.19,108,57,538.38,8,54,f,w
3761,8,0.22,93,71,6599.06,2,59,m,y
3762,4,0.47,108,38,5289.37,6,54,f,y
3763,0,0.33,146,75,6128.96,4,42,m,y
3764,6,0.22,159,15,239.55,7,67,f,y
3765,16,0.53,67,95,0.0,8,58,f,y
3766,3,0.43,24,81,937.21,6,55,m,y
3767,3,0.26,86,63,183.3,1,40,m,n
3768,0,0.29,35,79,2527.92,8,74,f,w
3769,1,0.48,132,90,77803.75,1,64,f,n
3770,0,0.16,18,23,90.38,9,46,f,n
3771,6,0.25,87,68,910.49,2,70,f,y
3772,3,0.37,126,58,179660.36,10,47,m,n
3773,4,0.24,121,34,1955.27,6,43,m,n
3774,11,0.28,116,72,0.0,8,43,m,y
3775,36,0.26,14,51,26993.22,5,28,m,y
3776,22,0.27,34,58,0.0,2,62,f,n
3777,1,0.4,98,97,23859.64,5,27,m,w
3778,9,0.24,115,67,4454.28,1,36,f,w
3779,4,0.41,141,57,2110.44,8,25,f,n
3780,0,0.19,113,37,2301.5,8,53,f,y
3781,6,0.19,86,53,1118.32,2,52,f,y
3782,3,0.3,20,78,4709.33,6,50,m,n
3783,6,0.18,167,46,228.15,8,39,f,y
3784,5,0.68,10,68,0.0,10,37,m,y
3785,2,0.61,103,100,10012.82,8,61,m,w
3786,3,0.16,14,34,7968.06,7,46,f,y
3787,13,0.19,10,44,6961.18,3,59,m,n
3788,16,0.29,160,64,0.0,4,41,f,n
3789,2,0.27,118,66,411.28,1,57,f,y
3790,7,0.24,122,50,1500.06,9,74,f,y
3791,15,0.3,89,47,12508.48,10,63,m,y
3792,12,0.28,52,58,326.05,10,48,f,n
3793,3,0.33,67,84,2389.85,2,58,m,y
3794,1,0.32,50,79,149049.82,10,51,f,y
3795,7,0.25,71,63,1343.29,7,55,m,w
3796,0,0.38,28,85,11706.6,8,50,f,y
3797,13,0.42,103,80,0.0,4,52,m,y
3798,4,0.27,98,52,1455.8,10,58,m,y
3799,10,0.43,48,77,0.0,1,40,f,y
3800,1,0.28,168,66,63658.21,5,39,m,w
3801,1,0.34,163,53,17448.32,10,34,f,y
3802,1,0.29,72,52,5655.05,10,30,m,y
3803,11,0.18,143,23,546.42,6,36,m,n
3804,2,0.11,133,11,1759.85,7,57,f,n
3805,23,0.31,61,66,1130.08,1,41,m,y
3806,0,0.18,39,38,5965.25,4,62,m,w
3807,8,0.3,70,40,2904.62,5,55,f,n
3808,12,0.21,11,45,698.87,5,25,m,y
3809,6,0.13,176,26,94.74,7,64,m,n
3810,0,0.31,21,73,9042.47,4,67,m,w
3811,21,0.42,138,58,1652.8,10,40,m,y
3812,7,0.22,30,56,0.0,7,61,f,n
3813,27,0.16,32,49,511.06,8,42,m,w
3814,2,0.27,175,62,92581.5,2,56,f,n
3815,4,0.26,122,85,5940.9,1,36,m,y
3816,3,0.27,129,38,3713.3,10,28,m,y
3817,11,0.25,60,35,25.46,10,49,m,n
3818,5,0.2,112,56,776.49,1,53,f,y
3819,3,0.23,31,57,2447.82,1,49,f,w
3820,1,0.32,21,40,297.22,9,37,f,y
3821,4,0.24,114,56,137335.38,4,49,f,y
3822,20,0.41,113,90,11591.71,9,59,m,n
3823,6,0.23,95,41,23984.3,7,54,m,y
3824,0,0.24,106,45,1523.45,7,57,m,y
3825,10,0.26,161,72,0.0,2,44,m,y
3826,10,0.29,163,69,1007.77,2,72,m,n
3827,0,0.24,131,53,6103.94,5,37,m,n
3828,7,0.28,127,44,0.0,10,62,m,n
3829,22,0.3,94,93,0.0,1,72,m,y
3830,14,0.34,178,32,652.3,7,62,m,y
3831,24,0.45,152,86,2453.42,7,51,m,n
3832,1,0.33,18,91,24495.4,8,47,f,n
3833,1,0.13,80,21,1369.88,7,70,m,y
3834,1,0.23,117,59,9967.64,8,33,f,n
3835,19,0.29,156,42,0.0,3,40,f,y
3836,3,0.15,19,19,846.87,3,49,m,n
3837,4,0.22,103,70,9155.16,8,73,m,w
3838,16,0.24,109,58,5815.05,9,60,m,y
3839,7,0.33,156,54,1489.9,10,40,f,n
3840,3,0.36,173,38,224.79,4,50,m,y
3841,0,0.41,69,76,2802.55,8,45,m,y
3842,0,0.32,25,61,250.12,1,44,m,n
3843,2,0.41,165,86,16078.53,2,69,f,y
3844,2,0.58,83,46,1581.68,10,34,m,n
3845,8,0.2,29,43,397.78,10,79,f,y
3846,4,0.31,51,62,3157.39,10,67,f,n
3847,9,0.14,23,21,0.0,9,71,f,y
3848,3,0.2,116,56,2825.47,2,48,f,n
3849,19,0.26,99,67,2461.7,2,52,f,n
3850,0,0.21,147,53,1329.53,8,33,f,w
3851,5,0.44,154,95,35419.54,5,47,f,n
3852,19,0.23,103,42,0.0,5,62,m,y
3853,9,0.23,10,48,1588.04,6,74,m,y
3854,0,0.19,133,58,1170.58,8,38,f,n
3855,15,0.18,164,46,5884.55,8,49,f,n
3856,2,0.31,92,63,1119.9,9,52,f,y
3857,5,0.23,125,30,1299.65,10,34,f,y
3858,2,0.31,177,54,2056.32,3,63,f,y
3859,4,0.18,69,37,27211.65,9,44,m,n
3860,23,0.31,99,68,3266.16,3,52,f,w
3861,1,0.17,175,37,4349.52,1,48,m,y
3862,2,0.21,126,52,6520.07,5,43,f,y
3863,3,0.49,105,74,5048.56,7,54,f,y
3864,8,0.29,171,42,54100.05,3,51,f,y
3865,11,0.37,140,70,67753.86,9,49,m,n
3866,6,0.3,64,69,117462.43,1,44,m,n
3867,7,0.24,74,42,2691.66,6,59,m,y
3868,5,0.21,54,46,1043.59,6,79,f,y
3869,2,0.25,16,64,7389.51,8,57,f,y
3870,6,0.19,106,40,6810.78,3,69,m,w
3871,3,0.29,135,23,3656.64,5,34,f,y
3872,4,0.17,115,32,2374.42,10,57,f,y
3873,18,0.27,32,61,6269.2,5,38,m,n
3874,19,0.17,149,54,468.5,8,32,m,n
3875,2,0.26,69,55,2213.45,7,43,f,n
3876,4,0.3,95,43,1261.42,3,72,f,y
3877,15,0.19,21,39,5164.41,7,69,f,y
3878,22,0.19,78,22,42783.03,10,58,f,y
3879,36,0.52,121,80,2418.1,8,32,f,n
3880,4,0.23,138,40,248.24,5,52,m,n
3881,4,0.33,169,41,1894.85,5,59,f,n
3882,6,0.35,12,60,12107.65,1,57,m,y
3883,1,0.4,66,96,246563.75,8,27,m,n
3884,9,0.31,101,73,6696.42,6,41,m,y
3885,12,0.44,162,82,0.0,6,54,m,y
3886,13,0.45,125,40,0.0,5,63,f,y
3887,0,0.28,163,66,7793.24,5,25,f,n
3888,31,0.22,173,33,0.0,3,52,m,y
3889,7,0.22,36,26,145.17,3,57,f,w
3890,0,0.3,53,68,12942.4,2,67,f,n
3891,8,0.25,96,48,0.0,9,65,f,y
3892,2,0.26,11,58,595.74,8,63,f,n
3893,2,0.28,34,75,37078.88,3,43,m,y
3894,36,0.31,142,85,1726115.62,5,26,f,y
3895,0,0.51,89,65,7918.36,10,49,f,n
3896,16,0.27,119,48,0.0,5,70,f,w
3897,23,0.17,144,47,1107.01,8,75,f,n
3898,3,0.23,24,50,0.0,6,65,f,n
3899,5,0.32,79,48,3053.35,7,61,f,n
3900,8,0.25,138,28,167.68,5,60,f,y
3901,0,0.32,108,68,4865.88,1,46,f,n
3902,8,0.2,75,55,2331.33,8,53,m,n
3903,0,0.36,100,43,6775.48,4,80,m,y
3904,0,0.2,23,49,3453.85,5,40,m,n
3905,0,0.39,26,100,25976.28,1,79,f,w
3906,1,0.26,148,22,4284.52,3,50,f,y
3907,4,0.25,11,73,790.31,2,74,m,w
3908,17,0.2,29,57,0.0,2,33,f,y
3909,4,0.2,65,66,7438.54,1,63,f,w
3910,3,0.24,33,39,373.33,6,43,f,y
3911,1,0.43,79,57,1643.63,8,33,m,n
3912,36,0.22,28,32,3888.64,3,58,f,y
3913,8,0.44,84,56,7855.03,1,70,f,n
3914,4,0.36,51,95,80128.42,10,42,f,y
3915,3,0.25,117,65,26062.6,2,32,f,y
3916,5,0.7,42,56,1025.82,3,53,f,y
3917,11,0.37,147,52,0.0,6,53,m,w
3918,3,0.29,53,53,24278.45,3,63,f,y
3919,2,0.16,83,32,381.82,9,69,m,n
3920,2,0.21,120,63,18729.19,1,54,m,n
3921,3,0.32,41,72,10291.41,7,82,m,w
3922,0,0.3,65,28,477.24,10,58,m,y
3923,10,0.29,84,49,13407.65,8,49,m,n
3924,24,0.48,118,79,0.0,9,30,f,y
3925,18,0.4,102,100,7364.44,8,51,f,n
3926,11,0.34,116,69,0.0,5,49,m,n
3927,9,0.37,53,100,2255.93,1,69,f,y
3928,2,0.33,125,81,9968.01,1,61,m,y
3929,0,0.24,155,46,2479.73,8,37,m,y
3930,4,0.24,48,39,505.75,7,57,f,y
3931,14,0.22,46,50,15780.23,5,65,f,w
3932,6,0.22,150,42,70.39,10,77,f,y
3933,9,0.27,68,40,0.0,3,68,m,w
3934,20,0.4,151,87,31261.63,9,66,f,y
3935,9,0.27,77,54,4044.7,4,55,f,w
3936,0,0.15,8,32,463.07,6,60,f,n
3937,0,0.31,59,65,4197.61,4,73,m,w
3938,0,0.24,124,36,27968.19,9,35,f,y
3939,3,0.22,147,48,33593.53,4,49,f,n
3940,2,0.17,39,56,3759.67,8,43,f,y
3941,0,0.37,132,84,18278.91,3,60,m,y
3942,3,0.24,131,61,639.53,8,73,f,w
3943,1,0.39,6,75,6797.5,3,46,m,n
3944,3,0.17,104,37,20500.1,5,25,f,y
3945,4,0.29,15,70,3768.98,1,48,m,n
3946,0,0.41,88,42,772.39,6,68,m,y
3947,9,0.5,144,79,410.61,2,63,f,y
3948,3,0.38,124,39,0.0,3,61,m,y
3949,12,0.33,132,55,1152.71,1,50,m,n
3950,0,0.44,104,37,1592.22,6,35,m,y
3951,2,0.49,71,32,7828.8,5,62,m,n
3952,2,0.18,8,32,606.4,10,42,f,n
3953,0,0.27,148,66,3263.58,2,87,f,w
3954,5,0.32,64,64,23037.79,8,63,f,y
3955,26,0.24,110,39,5649.17,9,46,m,n
3956,0,0.42,97,45,803.65,3,45,f,y
3957,7,0.56,135,49,469.4,6,53,f,y
3958,15,0.28,163,54,0.0,6,51,f,y
3959,12,0.29,171,65,0.0,10,71,f,w
3960,2,0.2,10,32,434.58,6,57,f,n
3961,1,0.33,139,70,523.93,8,44,f,y
3962,1,0.22,138,15,531.23,5,83,m,y
3963,3,0.22,17,41,19402.04,10,55,m,y
3964,0,0.45,137,72,13557.07,10,66,f,y
3965,2,0.17,157,50,51798.85,8,45,f,n
3966,2,0.2,158,49,35897.73,3,60,m,n
3967,28,0.5,31,21,0.0,7,59,m,w
3968,8,0.39,60,44,434.42,1,26,f,w
3969,7,0.18,131,30,4239.54,4,85,f,w
3970,17,0.61,51,84,44168.15,5,74,m,y
3971,1,0.31,179,73,23000.42,7,49,m,y
3972,0,0.34,48,75,6250.21,6,38,f,n
3973,16,0.17,166,16,318.64,6,60,f,y
3974,3,0.3,26,65,4994.47,2,56,m,n
3975,3,0.23,170,50,439.5,2,60,f,w
3976,0,0.45,17,66,17561.29,2,57,f,w
3977,0,0.35,106,72,34994.19,10,62,f,y
3978,9,0.2,154,65,24189.76,8,76,f,y
3979,8,0.22,146,49,1206.35,7,63,f,n
3980,2,0.49,122,56,2903.75,1,39,m,n
3981,1,0.28,38,75,4214.3,9,75,m,y
3982,12,0.3,81,51,4107.84,8,79,m,w
3983,0,0.53,125,34,1214.44,9,95,m,w
3984,7,0.16,163,37,312.24,4,38,m,y
3985,0,0.47,42,73,3951.88,5,58,m,y
3986,30,0.29,87,40,5966.31,5,25,f,n
3987,32,0.17,149,40,7789.62,9,63,f,n
3988,2,0.28,50,61,769.86,8,46,f,y
3989,8,0.34,134,14,1591.84,10,83,f,w
3990,0,0.19,33,28,3098.73,6,43,m,n
3991,3,0.29,49,36,0.0,10,29,m,n
3992,2,0.12,72,9,1131.73,10,47,m,y
3993,2,0.33,112,91,27614.13,1,25,f,w
3994,4,0.26,172,31,1258.0,7,66,m,y
3995,4,0.17,15,39,134157.95,9,25,f,n
3996,3,0.27,56,29,551.21,4,55,f,n
3997,13,0.33,114,84,18541.96,4,25,m,y
3998,0,0.39,147,50,2213.95,5,50,m,y
3999,3,0.16,84,26,1489.38,8,79,f,w
4000,0,0.2,139,39,6017.91,5,60,f,n
4001,0,0.32,172,51,397.7,4,42,f,y
4002,12,0.45,85,67,1059.28,8,54,m,y
4003,1,0.34,87,71,18258.67,5,55,f,y
4004,3,0.45,104,83,7115.91,8,62,m,y
4005,14,0.41,158,43,533.91,1,34,f,w
4006,9,0.23,125,45,15501.63,3,63,f,n
4007,1,0.36,38,46,13918.71,7,25,f,w
4008,36,0.29,88,44,263.87,1,45,m,y
4009,2,0.29,107,54,0.0,5,47,f,n
4010,2,0.24,80,63,8189.29,6,64,m,y
4011,8,0.45,125,94,3345.52,1,55,m,n
4012,9,0.24,107,60,5164.91,7,33,m,y
4013,7,0.39,70,0,614.89,9,40,f,y
4014,1,0.23,173,41,59610.6,9,57,f,y
4015,0,0.18,30,44,119.02,3,53,m,y
4016,21,0.27,62,64,2505.12,4,46,f,n
4017,3,0.13,165,34,176.58,1,47,m,n
4018,15,0.44,51,65,75079.19,4,65,m,n
4019,1,0.27,105,72,14107.92,5,47,m,w
4020,5,0.15,137,28,472.1,7,53,f,y
4021,16,0.24,124,48,16186.73,5,87,f,n
4022,3,0.23,156,70,4191.53,8,33,f,n
4023,0,0.29,85,74,12367.73,7,27,f,n
4024,23,0.19,80,53,699.82,1,66,m,y
4025,8,0.29,155,89,3083.34,2,44,f,n
4026,1,0.34,108,63,1303.39,7,50,m,y
4027,11,0.2,131,48,5370.74,3,43,f,y
4028,2,0.21,38,53,1762.95,2,51,f,y
4029,0,0.32,46,52,1861.57,9,78,f,y
4030,0,0.2,171,38,2311.34,10,67,f,y
4031,0,0.25,68,69,1683.07,8,67,f,y
4032,0,0.34,90,62,11705.75,8,33,m,y
4033,4,0.34,95,47,1264.27,3,37,f,y
4034,28,0.4,70,72,0.0,10,25,m,y
4035,5,0.23,110,45,19348.85,9,42,m,n
4036,2,0.22,62,45,7856.56,8,69,f,y
4037,12,0.49,91,93,0.0,2,62,f,y
4038,13,0.2,160,33,4499.16,7,51,m,y
4039,7,0.37,77,100,0.0,8,54,f,y
4040,3,0.22,87,56,14488.06,7,44,f,y
4041,4,0.25,9,38,293.81,9,58,f,y
4042,9,0.15,70,24,1146.51,7,66,f,n
4043,1,0.34,49,54,198.59,7,30,f,n
4044,0,0.23,21,73,99356.68,1,59,m,w
4045,2,0.3,99,82,15820.56,2,68,f,y
4046,8,0.18,28,30,2704.75,5,48,f,y
4047,3,0.28,164,80,3099.2,1,65,f,y
4048,1,0.68,161,60,2822.74,10,95,f,w
4049,7,0.18,106,40,4808.61,7,53,m,y
4050,4,0.17,21,40,3060.01,5,60,m,y
4051,10,0.2,46,49,3090.36,5,43,m,y
4052,9,0.12,142,35,31004.55,8,57,m,n
4053,22,0.39,7,50,1516.12,9,61,m,w
4054,9,0.19,115,40,4580.11,10,57,m,w
4055,9,0.33,48,79,1410.31,1,39,f,y
4056,1,0.39,71,81,45317.83,10,58,f,y
4057,1,0.32,101,40,2197.7,4,76,f,w
4058,11,0.22,82,67,6860.87,2,61,f,y
4059,9,0.19,130,41,143.27,9,69,m,y
4060,2,0.19,102,34,14520.48,9,51,m,n
4061,1,0.18,26,55,710.36,1,66,f,n
4062,1,0.15,152,24,3139.64,3,59,f,w
4063,1,0.28,117,47,3503.16,10,40,f,n
4064,0,0.22,62,52,3334.93,8,59,m,y
4065,9,0.15,82,35,3299.17,2,40,m,n
4066,5,0.16,65,39,13031.9,2,45,f,n
4067,0,0.28,152,82,3943.26,2,57,f,n
4068,6,0.27,104,52,5820.71,5,59,f,n
4069,0,0.3,40,64,766.81,9,37,f,w
4070,8,0.48,131,67,3341.51,7,70,f,n
4071,9,0.37,166,69,12732.04,7,63,f,y
4072,10,0.3,72,66,0.0,2,44,f,n
4073,5,0.2,92,56,2371.23,2,31,f,n
4074,9,0.21,53,39,0.0,5,52,f,y
4075,9,0.38,50,42,0.0,7,48,f,y
4076,14,0.3,80,57,7618.24,7,56,f,n
4077,9,0.17,73,33,0.0,9,49,m,y
4078,0,0.25,148,23,104.71,3,25,f,n
4079,2,0.18,97,55,1054.33,1,49,f,y
4080,3,0.4,77,41,727.37,9,50,m,w
4081,1,0.23,103,49,1039.87,1,64,f,y
4082,11,0.58,20,59,817.41,8,44,m,y
4083,2,0.15,156,22,569.85,5,80,f,y
4084,5,0.22,96,67,11316.98,8,26,f,n
4085,2,0.23,147,36,3680.72,7,74,m,y
4086,9,0.23,122,34,0.0,9,51,m,y
4087,9,0.36,7,73,4396.48,2,67,f,n
4088,28,0.37,130,76,0.0,9,56,f,y
4089,7,0.39,48,96,87671.12,10,72,m,w
4090,14,0.15,76,25,3300.86,5,49,f,n
4091,10,0.47,149,66,23729.51,5,38,f,n
4092,0,0.22,91,60,6657.0,1,76,f,y
4093,2,0.27,33,65,4371.12,6,53,m,y
4094,0,0.23,165,49,1167.63,10,58,f,y
4095,0,0.28,76,49,1466.7,10,73,m,w
4096,7,0.26,112,70,27946.08,10,39,f,n
4097,1,0.3,135,32,1899.17,10,63,f,y
4098,7,0.31,12,33,2727.22,3,46,m,y
4099,3,0.45,43,64,1856.35,10,53,f,y
4100,21,0.35,112,42,437.27,3,56,m,y
4101,1,0.14,91,28,7605.43,3,32,f,n
4102,5,0.28,87,52,8177.54,4,43,f,n
4103,5,0.23,78,53,11493.42,9,75,f,y
4104,2,0.19,7,59,4360.09,8,68,f,n
4105,3,0.13,47,27,0.0,6,54,f,w
4106,0,0.21,175,66,31156.41,8,58,f,n
4107,0,0.14,86,32,5036.47,8,50,f,y
4108,0,0.15,153,47,1237.72,1,75,m,n
4109,8,0.27,11,55,15166.03,9,51,f,y
4110,0,0.13,144,36,165.56,1,58,f,w
4111,4,0.4,79,75,9281.29,2,72,m,y
4112,5,0.2,45,35,22853.22,9,43,m,y
4113,4,0.34,133,63,2686.41,7,78,m,n
4114,0,0.2,41,28,2038.29,10,32,m,n
4115,3,0.25,108,61,0.0,1,79,m,w
4116,27,0.25,52,45,0.0,3,49,f,y
4117,6,0.28,103,82,18161.67,1,51,f,y
4118,3,0.17,150,35,3032.97,5,26,f,y
4119,9,0.38,31,39,6293.54,4,48,m,y
4120,3,0.3,132,51,9082.54,8,39,f,n
4121,11,0.23,53,50,5381.1,9,45,f,y
4122,4,0.23,32,61,0.0,4,52,f,y
4123,12,0.22,51,33,1010.22,3,69,f,n
4124,11,0.26,72,66,69147.7,4,58,m,n
4125,3,0.35,128,57,4652.74,3,59,f,y
4126,3,0.18,152,31,4904.6,6,38,f,n
4127,5,0.32,77,76,42881.53,1,41,m,y
4128,7,0.2,86,46,8133.85,2,81,m,y
4129,25,0.23,70,71,0.0,8,43,m,y
4130,8,0.5,76,22,3627.33,3,79,m,y
4131,2,0.14,41,31,33.94,4,51,m,w
4132,9,0.39,72,39,1026.97,1,55,f,y
4133,1,0.28,88,36,35992.77,3,71,f,w
4134,5,0.26,175,57,241.72,1,74,f,w
4135,5,0.34,72,39,817.53,10,53,f,w
4136,1,0.1,103,15,504.41,5,49,f,y
4137,5,0.24,74,73,4400.27,1,54,f,w
4138,10,0.34,42,66,0.0,9,60,f,w
4139,5,0.23,51,35,430.51,7,68,m,y
4140,4,0.25,61,54,6275.82,8,55,f,y
4141,8,0.34,124,31,358.35,9,64,f,y
4142,5,0.34,68,59,1181.47,10,79,m,w
4143,3,0.18,83,44,9784.27,8,60,f,y
4144,4,0.33,35,63,1211.93,3,59,f,y
4145,0,0.35,101,60,2969.54,7,32,f,n
4146,13,0.26,68,64,17862.72,7,25,m,y
4147,3,0.12,120,23,254.66,7,60,f,n
4148,7,0.23,114,50,9706.15,8,53,m,y
4149,6,0.37,81,69,0.0,4,47,m,n
4150,1,0.4,159,49,3154.04,6,58,m,y
4151,3,0.28,28,63,469.86,2,54,f,y
4152,26,0.22,118,27,141.84,7,71,f,w
4153,10,0.32,153,67,264.84,9,56,m,y
4154,4,0.52,107,69,1681.16,5,43,f,n
4155,17,0.35,51,35,155.13,4,69,m,w
4156,7,0.18,164,34,0.0,2,51,m,y
4157,14,0.26,154,33,1928.22,7,62,f,n
4158,5,0.28,56,58,11893.09,2,47,m,y
4159,21,0.38,172,100,0.0,2,45,f,y
4160,14,0.13,68,16,0.0,9,56,m,y
4161,0,0.9,74,66,7752.8,2,55,m,w
4162,9,0.28,25,20,2676.11,10,62,f,y
4163,4,0.31,124,41,3410.3,3,50,f,n
4164,1,0.51,28,68,4304.7,3,27,m,w
4165,12,0.3,175,55,2424.63,2,48,f,y
4166,5,0.43,136,73,4892.14,10,66,f,n
4167,1,0.22,32,44,7.88,3,50,f,n
4168,3,0.17,96,15,7983.49,9,51,m,y
4169,1,0.25,85,48,277.73,3,69,f,y
4170,7,0.21,157,40,17774.63,5,44,f,y
4171,8,0.41,14,76,1145.08,7,31,m,n
4172,2,0.25,135,60,1713.93,1,52,f,n
4173,2,0.47,139,74,19552.41,1,47,f,y
4174,0,0.18,76,27,123.4,10,40,f,y
4175,29,0.23,84,55,2032.34,2,52,f,w
4176,3,0.41,26,62,963.15,1,62,f,y
4177,7,0.17,105,55,209.05,1,54,f,n
4178,1,0.36,162,79,4346.19,10,59,f,y
4179,10,0.21,18,43,2434.28,4,82,f,w
4180,8,0.23,116,41,0.0,10,49,f,n
4181,1,0.23,108,22,1017.08,3,59,m,y
4182,0,0.26,108,53,5367.42,1,47,m,y
4183,0,0.24,175,51,17417.51,3,42,f,y
4184,2,0.19,114,49,1794.36,1,46,m,y
4185,4,0.37,125,91,12456.78,3,47,f,y
4186,36,0.31,131,43,6201.66,4,60,f,n
4187,25,0.24,134,58,4048.74,8,90,f,y
4188,1,0.21,153,47,1369.96,3,44,f,y
4189,8,0.37,176,24,814.85,3,48,f,n
4190,2,0.16,6,22,912.69,9,54,m,n
4191,0,0.29,45,60,33192.81,9,60,f,y
4192,8,0.23,12,35,2852.35,6,58,m,n
4193,1,0.34,168,55,7717.68,10,74,m,w
4194,2,0.26,39,58,10605.6,4,25,m,n
4195,2,0.33,74,43,149.97,10,25,m,y
4196,1,0.25,162,68,11807.29,5,47,m,y
4197,0,0.36,119,58,5397.24,9,71,m,w
4198,11,0.26,117,80,150387.64,1,31,f,n
4199,2,0.18,6,37,8461.16,7,25,f,n
4200,31,0.24,78,38,0.0,7,63,m,y
4201,35,0.16,22,25,0.0,10,58,m,y
4202,16,0.36,110,100,3039.35,1,38,f,n
4203,18,0.23,99,68,7970.99,1,40,f,y
4204,0,0.37,175,28,3410.21,9,40,f,y
4205,9,0.22,161,15,0.0,7,56,m,y
4206,0,0.2,8,45,3450.41,4,45,f,n
4207,4,0.35,10,45,1591.66,9,62,f,y
4208,4,0.49,59,42,583.8,5,25,f,n
4209,0,0.17,171,36,604.34,3,42,m,n
4210,3,0.3,49,57,29037.35,2,38,m,n
4211,2,0.19,81,37,2683.8,9,51,m,n
4212,7,0.26,123,46,1358.33,4,46,m,n
4213,4,0.27,29,66,540.69,7,66,f,y
4214,7,0.25,85,75,0.0,1,27,f,y
4215,0,0.3,13,58,3181.11,9,55,f,n
4216,11,0.34,96,37,1328.33,9,63,f,y
4217,5,0.46,95,25,264.38,10,82,f,w
4218,1,0.52,100,100,3514.73,6,47,m,n
4219,4,0.18,7,34,432.25,6,59,f,y
4220,3,0.24,46,31,385.8,6,27,f,n
4221,15,0.21,53,48,2976.16,5,25,m,n
4222,14,0.22,111,53,707.73,1,67,m,y
4223,1,0.3,27,79,8807.2,4,54,f,y
4224,15,0.37,102,59,51905.01,10,72,f,w
4225,7,0.23,23,68,0.0,1,34,m,y
4226,2,0.39,84,67,5053.3,5,62,f,n
4227,21,0.27,174,71,1440.21,4,83,f,y
4228,3,0.27,72,63,349.01,8,61,f,y
4229,12,0.28,53,83,6491.01,1,59,m,y
4230,8,0.22,127,65,1198.42,8,55,m,n
4231,12,0.22,28,51,1380.16,8,31,f,y
4232,0,0.57,116,77,2605.8,1,75,f,y
4233,1,0.23,135,57,8218.57,9,45,m,n
4234,10,0.25,111,48,0.0,9,62,m,y
4235,1,0.15,9,31,3343.19,6,31,m,y
4236,11,0.3,159,88,0.0,1,37,m,y
4237,2,0.24,24,52,4286.18,7,76,f,y
4238,7,0.28,54,53,18985.56,7,49,f,n
4239,3,0.33,79,44,0.0,9,76,m,y
4240,7,0.13,58,29,1824.8,1,53,m,y
4241,7,0.27,139,39,0.0,8,27,f,n
4242,4,0.15,134,47,3384.08,8,68,m,w
4243,21,0.24,149,60,0.0,7,46,f,n
4244,28,0.21,12,48,5831.76,6,65,f,w
4245,18,0.2,93,46,0.0,1,55,f,y
4246,10,0.23,40,46,1982.96,10,31,m,n
4247,1,0.4,73,90,19595.77,8,57,m,y
4248,20,0.73,110,61,4039.7,5,87,f,w
4249,8,0.51,148,100,0.0,4,62,m,y
4250,0,0.36,113,47,390.25,5,54,m,y
4251,8,0.63,156,48,792.33,5,71,f,w
4252,3,0.23,83,39,14268.14,10,58,f,n
4253,18,0.6,130,69,0.0,3,58,f,n
4254,10,0.21,107,24,0.0,4,38,m,y
4255,7,0.26,144,32,506.24,4,58,f,y
4256,2,0.15,137,47,1687.36,8,70,f,y
4257,15,0.4,173,95,10917.73,5,42,m,n
4258,20,0.5,63,27,0.0,6,76,f,y
4259,7,0.57,124,85,10563.96,10,53,m,y
4260,18,0.26,93,69,1087.03,2,41,m,y
4261,1,0.25,127,39,30543.23,9,69,m,y
4262,5,0.32,72,43,1657.81,8,50,f,n
4263,1,0.27,43,77,3193.21,8,66,f,w
4264,11,0.34,135,89,28187.95,10,50,m,y
4265,4,0.22,92,51,344.18,5,54,m,y
4266,19,0.23,45,56,0.0,5,62,m,y
4267,20,0.48,61,69,2896.55,3,59,m,y
4268,5,0.27,40,61,0.0,2,25,m,n
4269,0,0.32,54,65,18116.07,9,38,m,n
4270,3,0.26,112,65,4969.88,6,68,m,n
4271,18,0.22,101,56,4986.09,8,53,f,y
4272,6,0.66,127,47,1105.18,4,47,f,n
4273,1,0.35,100,79,5318.51,5,34,f,y
4274,0,0.15,177,31,886.17,10,38,m,y
4275,22,0.22,36,40,2533.33,5,25,m,y
4276,10,0.18,130,42,0.0,10,53,m,n
4277,7,0.32,81,54,2695.71,4,46,m,y
4278,0,0.34,131,92,7818.83,2,40,m,y
4279,8,0.19,151,40,766.84,6,53,f,n
4280,21,0.31,93,23,2426.37,4,60,f,y
4281,3,0.26,41,40,15.59,4,86,m,y
4282,11,0.28,162,53,0.0,10,32,m,y
4283,11,0.29,156,26,14228.16,3,72,f,y
4284,12,0.26,8,57,1474.96,8,69,m,n
4285,4,0.28,35,74,48390.28,6,43,f,n
4286,8,0.3,50,74,3853.89,9,58,f,y
4287,0,0.29,118,50,9141.92,5,48,f,y
4288,2,0.15,127,31,2401.08,6,57,m,n
4289,3,0.19,24,37,520.64,9,77,m,n
4290,12,0.26,138,40,1494.9,4,64,m,n
4291,8,0.44,61,42,5752.82,10,62,f,y
4292,4,0.34,167,54,768.18,7,48,f,y
4293,4,0.28,78,54,6723.75,10,32,f,w
4294,4,0.17,108,32,2141.99,10,51,f,y
4295,6,0.17,31,33,0.0,6,73,f,y
4296,6,0.27,138,24,340.84,6,32,f,y
4297,5,0.53,93,72,1649.88,6,39,f,y
4298,7,0.33,164,88,39057.41,4,56,f,y
4299,2,0.23,29,24,1169.92,10,40,f,n
4300,6,0.28,90,32,3229.34,6,43,m,n
4301,31,0.22,27,34,0.0,7,48,f,y
4302,3,0.37,107,100,5168.65,2,34,m,y
4303,0,0.32,155,50,806.61,9,40,m,n
4304,16,0.4,62,97,0.0,7,65,f,y
4305,9,0.32,163,70,1425.23,3,35,f,n
4306,18,0.17,118,38,8345.42,10,31,f,n
4307,15,0.28,52,45,1952.07,10,45,m,n
4308,13,0.25,172,64,15646.94,7,65,f,n
4309,0,0.23,94,50,11107.5,10,52,m,n
4310,14,0.26,96,64,0.0,10,48,f,w
4311,2,0.48,162,45,3778.58,5,55,m,y
4312,0,0.11,147,17,315.02,9,28,f,n
4313,2,0.23,9,38,285.42,6,62,f,y
4314,14,0.25,10,36,1789.75,7,60,m,y
4315,14,0.21,49,33,11535.95,4,48,f,y
4316,4,0.31,96,64,1880.15,2,70,f,n
4317,7,0.14,29,29,1154.05,4,38,m,y
4318,8,0.5,33,64,2418.04,9,71,m,w
4319,8,0.2,157,37,21358.12,3,57,m,n
4320,7,0.3,133,64,1791.53,7,49,m,y
4321,14,0.3,10,58,3859.99,4,54,f,n
4322,3,0.22,18,21,578.92,3,53,f,w
4323,3,0.36,60,100,28519.07,5,73,m,w
4324,3,0.2,35,51,446.27,2,38,m,y
4325,2,0.31,107,55,524.84,10,43,f,n
4326,20,0.24,88,37,0.0,4,70,m,n
4327,1,0.31,118,85,9167.68,7,46,m,y
4328,10,0.33,87,61,0.0,2,68,m,y
4329,9,0.31,95,72,0.0,10,80,f,n
4330,11,0.22,20,56,22739.03,6,48,f,n
4331,8,0.38,35,56,366.32,5,65,f,y
4332,0,0.19,33,48,13143.86,3,37,m,y
4333,1,0.22,137,49,2843.13,5,66,f,w
4334,25,0.3,73,42,4462.35,10,57,f,y
4335,1,0.26,106,39,5694.21,7,62,f,w
4336,3,0.32,148,64,671.91,3,45,m,y
4337,24,0.25,39,57,982.62,8,30,f,n
4338,20,0.5,104,44,2289.85,7,62,f,y
4339,2,0.22,176,54,4470.23,4,25,m,n
4340,6,0.2,66,29,320.95,5,50,m,n
4341,1,0.59,7,66,11882.33,10,69,f,w
4342,6,0.33,123,82,4740.18,4,57,f,n
4343,1,0.19,57,59,1790.96,2,84,f,y
4344,7,0.24,57,42,5859.54,9,70,f,y
4345,0,0.34,20,63,30057.72,1,45,f,y
4346,3,0.18,173,51,3443.44,8,55,m,n
4347,12,0.15,33,25,421.18,4,54,m,w
4348,5,0.15,101,28,0.0,9,31,f,y
4349,24,0.23,103,45,0.0,3,40,m,n
4350,3,0.55,60,94,9777.12,7,46,m,w
4351,18,0.27,27,66,921.36,3,25,f,y
4352,12,0.18,162,34,0.0,10,55,f,w
4353,11,0.45,77,62,4358.66,7,51,m,y
4354,5,0.49,145,74,17289.41,2,29,m,n
4355,5,0.22,43,55,12538.57,3,61,m,y
4356,2,0.25,125,57,2285.73,8,65,m,y
4357,19,0.22,7,44,4505.69,7,58,f,y
4358,2,0.21,145,47,1116.4,3,50,m,w
4359,4,0.27,131,63,1500.32,8,63,f,n
4360,6,0.4,145,65,12702.99,9,65,f,y
4361,2,0.2,114,60,610.25,2,59,f,w
4362,2,0.23,14,61,6664.38,2,42,m,n
4363,3,0.24,37,36,1836.83,7,59,f,w
4364,12,0.39,78,54,8772.62,8,72,m,y
4365,1,0.49,141,74,9719.12,5,46,m,y
4366,7,0.37,121,87,4341.94,2,86,f,w
4367,28,0.31,161,42,12922.61,10,47,f,y
4368,8,0.33,87,88,280187.03,5,55,f,y
4369,4,0.27,112,36,4434.64,3,44,m,y
4370,6,0.28,41,64,5521.53,9,58,m,y
4371,0,0.43,122,100,1336.55,2,28,f,y
4372,4,0.19,170,42,22181.4,9,46,f,w
4373,1,0.36,37,90,137588.73,2,38,f,y
4374,2,0.23,172,60,269.85,1,57,f,y
4375,3,0.26,54,52,979.66,10,69,m,y
4376,14,0.26,151,66,41863.76,6,64,f,n
4377,4,0.39,28,75,9474.32,6,25,m,n
4378,2,0.33,38,47,4694.84,4,85,f,w
4379,8,0.12,117,33,0.0,2,59,f,y
4380,9,0.22,176,33,7940.15,10,43,f,y
4381,3,0.4,9,64,233684.42,3,57,f,n
4382,3,0.22,85,47,0.0,6,57,m,w
4383,14,0.29,130,77,4715.69,4,44,f,n
4384,5,0.51,7,72,17860.02,5,57,m,y
4385,11,0.27,50,24,10960.8,9,45,m,y
4386,1,0.2,93,37,2849.91,5,48,m,y
4387,4,0.27,120,30,340.16,10,44,f,n
4388,1,0.13,173,41,961.54,8,33,m,y
4389,0,0.4,135,76,37296.98,2,57,m,y
4390,9,0.23,165,42,3124.65,6,63,f,y
4391,2,0.18,6,32,1309.68,6,62,f,y
4392,6,0.21,23,46,10551.38,5,67,m,y
4393,2,0.27,165,56,20487.24,6,59,m,y
4394,16,0.37,14,72,508.28,5,47,f,n
4395,11,0.36,60,65,0.0,2,67,f,y
4396,3,0.25,72,65,1069.35,5,34,m,n
4397,2,0.5,29,72,0.0,1,41,f,y
4398,1,0.3,126,24,1466.01,3,40,f,y
4399,3,0.45,16,28,203.34,7,71,f,w
4400,5,0.18,161,35,880.94,4,69,f,y
4401,10,0.22,21,66,0.0,8,62,f,n
4402,26,0.41,98,52,876.42,3,71,f,n
4403,2,0.2,110,48,2481.08,7,41,m,n
4404,12,0.33,17,89,0.0,2,60,f,y
4405,3,0.3,126,78,886.38,8,53,f,y
4406,4,0.14,95,20,1985.35,3,67,m,n
4407,6,0.13,137,17,45.65,6,53,f,y
4408,4,0.28,80,55,6549.0,2,49,m,y
4409,2,0.15,71,21,12697.26,7,63,m,n
4410,0,0.14,36,25,335.38,4,68,m,y
4411,12,0.26,94,55,124540.02,6,44,f,y
4412,5,0.24,103,54,0.0,2,54,f,y
4413,1,0.23,134,58,61785.23,3,39,m,w
4414,7,0.73,44,71,0.0,3,25,f,n
4415,11,0.31,100,44,14023.22,4,58,m,y
4416,9,0.18,169,53,29.5,1,64,f,y
4417,6,0.19,145,45,1896.01,6,58,f,y
4418,1,0.68,66,52,1496.46,6,25,f,y
4419,2,0.35,77,66,6839.04,4,49,f,n
4420,0,0.25,144,50,13778.31,8,25,m,y
4421,2,0.21,114,46,376.95,5,75,f,y
4422,1,0.42,19,53,26867.81,10,38,f,n
4423,19,0.16,141,34,1459.49,4,73,m,w
4424,0,0.27,166,24,2523.97,7,69,f,n
4425,22,0.21,137,48,9471.42,10,41,f,n
4426,1,0.33,118,40,934.42,10,38,m,n
4427,6,0.27,35,79,2435.03,8,60,f,y
4428,1,0.62,89,82,2830.66,2,42,f,n
4429,8,0.26,99,77,9544.85,1,56,f,y
4430,14,0.22,96,27,47.0,6,47,m,y
4431,0,0.38,94,59,7804.09,2,28,m,n
4432,24,0.27,59,68,0.0,8,25,m,y
4433,1,0.35,139,78,9347.81,5,58,f,y
4434,4,0.46,10,54,10013.08,2,46,f,y
4435,21,0.18,56,41,0.0,5,46,f,y
4436,17,0.24,147,56,4166.57,2,65,m,w
4437,0,0.31,39,69,6985.71,6,72,m,w
4438,7,0.17,174,32,707.1,8,50,f,n
4439,12,0.21,94,57,5390.98,2,49,f,n
4440,11,0.26,172,68,2747.04,6,62,f,n
4441,2,0.27,151,65,7700.37,6,34,f,n
4442,3,0.21,25,69,803.71,1,58,f,y
4443,2,0.15,112,28,26763.15,9,63,f,w
4444,8,0.2,141,55,4607.52,8,65,f,w
4445,5,0.22,31,44,13321.51,4,25,m,w
4446,21,0.14,90,15,979.33,7,43,f,n
4447,2,0.53,160,84,2449.88,4,41,f,n
4448,11,0.37,165,95,3469.5,8,56,m,y
4449,0,0.47,47,64,8932.67,10,62,m,w
4450,3,0.23,86,72,23082.58,2,77,m,w
4451,5,0.24,32,65,0.0,2,47,f,n
4452,2,0.27,105,57,3100.17,3,47,m,n
4453,11,0.18,40,42,74.42,4,72,m,y
4454,10,0.37,43,21,0.0,6,59,f,y
4455,15,0.33,43,83,222692.88,5,74,m,y
4456,6,0.32,47,38,7391.43,10,59,f,n
4457,4,0.3,175,62,2283.47,10,37,f,y
4458,1,0.22,62,36,2911.87,7,35,f,y
4459,11,0.35,105,37,6630.99,6,31,m,n
4460,7,0.3,59,70,1663.52,4,64,m,n
4461,0,0.19,143,45,2798.08,10,72,m,w
4462,1,0.29,45,56,1407.78,9,82,f,w
4463,2,0.15,134,25,159.21,7,67,f,n
4464,12,0.35,125,100,1855.24,1,72,m,n
4465,23,0.28,91,78,0.0,8,46,f,n
4466,14,0.43,69,53,0.0,4,37,m,y
4467,11,0.36,86,34,4964.81,7,67,f,y
4468,3,0.38,17,34,571.53,2,61,f,w
4469,4,0.23,94,32,3457.86,3,56,f,n
4470,15,0.28,31,60,746.1,1,60,f,n
4471,5,0.23,45,53,13207.32,2,59,f,y
4472,14,0.28,115,32,0.0,5,74,f,y
4473,7,0.52,118,85,13846.96,2,74,f,n
4474,4,0.14,48,29,11610.43,6,63,f,y
4475,3,0.14,77,19,2872.07,6,67,f,y
4476,0,0.13,146,26,558.3,6,62,f,y
4477,36,0.31,95,74,61997.15,3,48,f,n
4478,16,0.36,22,42,2553.27,3,66,f,n
4479,0,0.28,93,56,62358.27,10,34,f,w
4480,2,0.37,29,33,372.99,7,70,m,n
4481,2,0.33,81,27,890.74,4,37,m,n
4482,3,0.29,63,74,10745.23,6,59,m,y
4483,2,0.17,161,43,13942.73,8,42,f,n
4484,20,0.41,102,92,11477.35,3,63,m,y
4485,9,0.25,56,53,399.44,9,54,f,y
4486,7,0.36,93,71,1424.18,9,31,f,n
4487,4,0.28,97,47,2295.4,3,61,f,y
4488,9,0.29,116,78,0.0,6,46,m,n
4489,7,0.14,172,13,345.27,5,68,f,y
4490,1,0.25,106,46,434.65,4,55,f,w
4491,2,0.41,173,62,10286.03,8,60,f,w
4492,26,0.31,18,45,16141.71,10,40,m,y
4493,34,0.35,152,92,16092.3,9,46,f,y
4494,0,0.22,11,28,917.18,9,48,f,n
4495,2,0.28,151,58,596.17,5,67,f,y
4496,34,0.38,14,32,0.0,5,80,f,y
4497,0,0.19,86,44,6523.46,3,42,f,n
4498,24,0.74,73,41,0.0,9,71,f,w
4499,9,0.18,59,54,1095.15,1,25,f,n
4500,7,0.22,131,24,436.53,3,37,f,n
4501,13,0.24,55,50,207.42,7,40,f,y
4502,36,0.22,75,32,1937.11,7,34,m,n
4503,3,0.19,144,36,3150.15,5,31,m,y
4504,17,0.26,123,50,0.0,6,61,m,y
4505,5,0.26,175,62,5249.76,4,51,m,y
4506,10,0.15,95,46,1568.19,8,60,m,w
4507,13,0.29,144,48,4141.41,4,65,m,n
4508,2,0.49,77,76,7721.46,10,58,f,n
4509,1,0.26,72,42,5262.44,6,64,m,w
4510,0,0.21,135,31,986.52,5,53,m,y
4511,2,0.31,31,87,8520.98,10,37,f,y
4512,3,0.24,81,40,509.64,6,70,f,n
4513,4,0.23,42,17,1741.77,3,46,f,w
4514,18,0.17,41,34,616.08,3,40,f,n
4515,1,0.34,21,48,11718.18,10,52,m,y
4516,12,0.33,83,71,1169.57,7,41,m,n
4517,0,0.27,71,42,46103.1,1,48,m,y
4518,2,0.28,26,87,30528.54,1,60,m,y
4519,2,0.24,140,72,98657.53,1,60,m,y
4520,2,0.19,144,27,2142.02,6,41,f,n
4521,29,0.24,177,41,0.0,4,47,m,y
4522,14,0.69,59,41,34.08,6,71,m,w
4523,1,0.6,98,57,14759.47,1,62,m,y
4524,23,0.27,63,54,42525.77,4,86,f,y
4525,3,0.19,42,37,2584.39,4,72,m,w
4526,6,0.34,125,72,3626.86,2,72,m,y
4527,0,0.3,44,91,1458.32,1,34,m,n
4528,9,0.21,109,57,1493.93,8,66,m,y
4529,0,0.25,73,42,13860.77,6,54,m,n
4530,7,0.48,73,48,701.59,4,46,f,y
4531,7,0.25,160,82,14909.03,2,57,m,y
4532,7,0.21,109,17,3676.95,5,69,f,n
4533,0,0.36,65,38,4126.4,9,62,f,y
4534,28,0.42,177,78,0.0,7,41,f,y
4535,6,0.12,163,3,2063.45,4,66,m,n
4536,9,0.5,131,86,108068.95,5,45,m,n
4537,5,0.21,128,18,30.85,8,58,m,y
4538,11,0.36,41,59,3705.16,5,50,f,n
4539,1,0.13,138,23,6578.61,6,51,f,w
4540,8,0.28,129,36,206.26,10,66,m,y
4541,8,0.14,152,25,6210.47,6,39,f,n
4542,8,0.42,145,62,1051.39,8,84,f,w
4543,8,0.24,95,27,9746.88,5,27,f,y
4544,0,0.35,88,45,755.28,1,46,m,y
4545,7,0.33,144,87,0.0,4,60,f,y
4546,15,0.29,58,52,812.75,3,63,m,n
4547,6,0.21,25,68,2128.97,2,53,f,y
4548,21,0.28,78,73,48053.32,7,54,m,n
4549,0,0.2,89,36,466.83,7,61,m,n
4550,5,0.24,32,67,7392.01,8,51,f,y
4551,3,0.34,63,42,336.37,10,75,f,n
4552,2,0.32,128,63,0.0,5,67,m,w
4553,3,0.51,138,91,3205.24,1,68,m,y
4554,0,0.47,79,40,2575.21,6,40,f,y
4555,0,0.34,142,30,1337.9,6,53,f,n
4556,9,0.17,82,43,714.14,8,50,f,y
4557,0,0.24,130,32,198.65,10,39,f,y
4558,18,0.3,130,50,0.0,2,60,m,y
4559,9,0.22,37,31,2544.02,9,46,f,y
4560,8,0.26,178,55,200.54,6,64,f,y
4561,7,0.14,32,39,120.36,1,38,f,n
4562,19,0.58,161,66,17766.36,9,80,m,w
4563,3,0.29,23,88,84902.83,8,41,f,y
4564,2,0.37,92,50,7311.15,10,58,f,y
4565,8,0.16,110,48,9722.3,1,66,f,y
4566,5,0.72,164,90,4622.28,8,46,f,y
4567,18,0.2,46,36,0.0,7,67,f,y
4568,0,0.25,39,16,492.65,5,36,f,y
4569,8,0.28,12,70,5997.74,6,76,m,w
4570,15,0.36,10,60,1795.71,4,55,m,y
4571,2,0.28,26,38,304.18,9,46,f,y
4572,13,0.27,139,58,1196.94,9,50,f,y
4573,6,0.23,178,59,3866.21,10,67,m,y
4574,20,0.24,125,60,1464.11,1,46,f,n
4575,4,0.3,168,55,10704.98,9,43,m,y
4576,2,0.18,111,42,4843.84,3,51,m,w
4577,10,0.15,92,38,1855.34,2,37,f,y
4578,3,0.53,136,32,2328.56,4,82,f,w
4579,1,0.51,166,69,820.54,4,46,m,w
4580,9,0.33,43,38,0.0,9,67,f,y
4581,13,0.29,92,74,0.0,4,58,f,y
4582,23,0.22,85,38,0.0,5,40,f,n
4583,2,0.24,118,54,16504.21,6,54,m,y
4584,5,0.18,149,35,1810.06,4,66,f,n
4585,1,0.29,94,23,1118.43,1,52,m,y
4586,22,0.18,111,42,0.0,2,72,m,y
4587,13,0.44,76,66,80711.13,3,70,f,y
4588,6,0.29,13,64,12378.48,4,68,f,w
4589,19,0.25,136,64,0.0,5,48,m,y
4590,13,0.15,74,30,127.99,10,38,f,y
4591,0,0.17,133,37,10261.65,10,45,f,n
4592,12,0.17,24,28,0.0,3,57,f,y
4593,1,0.35,140,89,5325.77,1,63,f,y
4594,3,0.15,91,39,3373.71,8,25,m,y
4595,1,0.26,55,57,250.57,8,54,f,n
4596,0,0.21,139,42,4908.01,4,57,m,n
4597,7,0.23,138,37,4888.22,7,50,f,y
4598,24,0.3,66,71,1124.01,4,74,m,y
4599,0,0.23,100,30,506.9,3,61,m,y
4600,11,0.36,63,69,9940.64,7,74,f,w
4601,2,0.45,155,67,4972.07,6,51,m,y
4602,0,0.43,37,83,64576.03,1,69,m,y
4603,20,0.23,150,33,11709.96,9,79,f,y
4604,0,0.2,174,47,508.34,2,74,f,w
4605,0,0.17,27,33,3382.08,3,38,f,w
4606,2,0.34,85,63,2878.27,5,51,m,y
4607,21,0.37,47,81,46146.29,3,49,m,y
4608,2,0.22,84,55,8353.23,3,62,m,y
4609,0,0.12,141,38,1063.98,8,65,f,y
4610,1,0.19,51,41,0.0,4,42,f,y
4611,4,0.32,120,48,2102.3,10,56,m,w
4612,17,0.33,136,42,3091.08,2,25,m,y
4613,2,0.19,82,46,2496.28,5,76,m,w
4614,5,0.37,35,65,3657.21,2,47,m,y
4615,2,0.24,33,41,7816.23,10,55,m,n
4616,6,0.25,78,65,4991.67,8,50,f,n
4617,0,0.26,158,43,2277.65,3,72,m,y
4618,5,0.4,170,38,227.55,2,25,f,n
4619,0,0.4,44,90,4555.51,3,54,f,y
4620,31,0.24,88,59,57664.96,3,53,m,y
4621,19,0.22,72,50,15438.81,1,48,f,n
4622,8,0.58,134,51,5017.97,3,80,f,y
4623,20,0.16,43,31,0.0,3,41,m,n
4624,7,0.4,57,95,0.0,4,66,f,n
4625,2,0.37,88,81,785.66,8,60,m,w
4626,1,0.19,90,33,505.69,9,73,f,w
4627,36,0.32,18,56,0.0,1,44,f,y
4628,2,0.24,22,69,3661.03,1,44,f,n
4629,16,0.21,89,49,0.0,6,71,f,w
4630,4,0.28,163,80,3483.16,1,61,f,n
4631,3,0.36,171,37,698.21,5,31,f,n
4632,2,0.37,144,79,20110.82,1,46,f,y
4633,15,0.51,160,34,2512.35,8,60,m,y
4634,14,0.26,43,56,6002.55,5,67,f,n
4635,16,0.3,33,59,1015.92,6,44,m,w
4636,10,0.27,159,54,8030.2,4,25,m,y
4637,0,0.25,108,58,215.33,8,62,f,w
4638,3,0.1,166,10,2854.29,9,36,m,n
4639,13,0.37,165,100,60975.16,9,25,m,n
4640,28,0.29,158,73,2739.36,1,25,f,n
4641,15,0.6,29,69,4868.92,7,67,m,w
4642,8,0.47,173,43,517.29,4,56,m,n
4643,13,0.18,160,41,0.0,10,51,f,n
4644,3,0.34,51,81,1085.2,8,75,f,y
4645,8,0.32,89,59,1984.33,7,64,f,y
4646,11,0.25,102,48,0.0,1,79,f,y
4647,5,0.33,74,74,0.0,1,34,f,y
4648,2,0.18,74,56,4894.05,1,54,f,y
4649,21,0.23,44,51,0.0,2,30,f,n
4650,12,0.21,162,53,887.04,10,51,f,n
4651,2,0.6,80,100,775.88,2,51,f,y
4652,1,0.12,91,22,1281.55,9,64,m,n
4653,10,0.42,36,72,0.0,5,55,m,y
4654,8,0.28,70,81,0.0,1,64,m,y
4655,7,0.26,20,42,2306.9,7,65,f,w
4656,25,0.31,88,65,2453.07,10,87,m,y
4657,3,0.22,79,44,0.0,2,50,f,n
4658,1,0.34,14,67,23462.24,3,40,f,y
4659,1,0.61,18,49,2388.2,4,58,f,y
4660,10,0.29,125,29,7082.99,3,42,m,n
4661,19,0.38,50,57,0.0,3,77,f,y
4662,9,0.34,95,21,1451.05,9,50,m,w
4663,1,0.42,139,43,1604.3,4,46,f,y
4664,9,0.36,109,54,1245.29,8,47,f,n
4665,3,0.22,49,24,548.16,1,65,m,w
4666,4,0.23,7,59,821.19,6,52,f,w
4667,8,0.24,162,46,0.0,1,45,m,y
4668,4,0.19,130,46,279.6,5,79,f,y
4669,26,0.26,17,70,17011.71,7,42,m,n
4670,12,0.15,119,48,0.0,1,55,m,y
4671,6,0.44,72,40,4801.38,9,64,m,y
4672,4,0.14,16,20,946.34,9,30,m,n
4673,3,0.31,10,58,1310.6,6,62,f,y
4674,3,0.25,50,73,8441.81,2,39,f,y
4675,8,0.38,122,77,540014.5,2,67,f,y
4676,14,0.41,139,66,0.0,9,40,m,n
4677,1,0.19,85,33,1402.79,4,65,m,n
4678,20,0.33,99,92,11546.26,6,71,f,w
4679,2,0.26,89,37,2625.19,10,67,m,y
4680,9,0.46,94,83,8831.33,2,58,f,y
4681,11,0.19,116,43,945.99,4,51,f,y
4682,13,0.35,72,75,9183.18,2,46,m,n
4683,3,0.18,167,34,5956.39,3,77,f,y
4684,4,0.28,17,71,1064.8,2,44,f,n
4685,8,0.22,32,58,1320.65,8,39,f,n
4686,24,0.36,110,25,32352.08,5,64,m,n
4687,21,0.22,91,44,0.0,5,43,m,y
4688,10,0.55,122,75,109810.07,8,40,m,n
4689,1,0.2,161,61,563.05,8,33,m,n
4690,8,0.43,178,41,1750.84,7,47,m,y
4691,13,0.24,135,27,75.44,5,53,f,y
4692,34,0.27,142,64,0.0,7,58,f,n
4693,6,0.16,36,52,0.0,1,69,f,y
4694,7,0.25,169,61,3674.63,3,62,m,y
4695,33,0.37,118,19,0.0,3,52,f,y
4696,14,0.24,110,56,0.0,2,52,m,y
4697,0,0.25,20,38,85.06,6,62,f,w
4698,26,0.53,102,100,3444.56,3,74,f,w
4699,2,0.24,36,31,4635.58,4,56,f,y
4700,15,0.24,160,56,56.42,3,47,f,n
4701,3,0.34,7,68,1081.52,7,40,f,n
4702,1,0.23,48,26,617.22,4,33,m,n
4703,15,0.3,120,74,1008.15,5,64,m,y
4704,0,0.46,128,47,348.23,7,63,m,y
4705,7,0.34,6,89,143991.75,4,63,m,y
4706,2,0.32,14,49,131.95,6,53,f,y
4707,1,0.42,135,43,5061.43,9,76,m,y
4708,6,0.26,106,56,330.55,6,47,f,y
4709,19,0.37,115,43,3374.46,5,69,m,y
4710,26,0.27,145,59,0.0,1,54,m,y
4711,1,0.24,143,65,1348.14,8,45,f,n
4712,11,0.35,116,55,0.0,5,63,m,y
4713,9,0.21,70,35,690.83,5,61,f,n
4714,4,0.23,70,53,4807.35,3,60,f,n
4715,0,0.46,66,55,5570.25,10,56,m,y
4716,5,0.28,100,68,15482.39,2,54,f,y
4717,12,0.36,40,67,416.7,1,90,m,w
4718,0,0.52,144,58,27258.54,9,72,f,y
4719,3,0.25,43,22,1234.77,5,65,f,n
4720,0,0.36,119,82,10592.84,10,56,m,n
4721,0,0.42,44,60,52.17,4,70,f,y
4722,2,0.21,154,24,874.08,7,62,m,y
4723,17,0.18,125,39,11172.86,4,55,f,y
4724,4,0.2,169,33,369.32,2,50,f,n
4725,10,0.25,115,68,5084.78,9,53,f,n
4726,25,0.56,25,62,1814.85,8,25,f,n
4727,0,0.24,48,39,1385.79,4,58,m,y
4728,12,0.26,154,83,0.0,8,47,f,y
4729,1,0.2,168,39,2235.73,9,78,m,y
4730,0,0.25,69,47,9632.51,2,55,f,w
4731,8,0.27,112,63,6542.24,4,37,m,y
4732,9,0.16,37,18,323.39,6,54,f,y
4733,10,0.36,41,90,20744.83,7,39,f,n
4734,2,0.17,110,7,12004.27,5,62,f,y
4735,1,0.16,74,26,88.13,10,59,m,y
4736,1,0.28,114,22,1714.9,10,69,f,y
4737,2,0.29,137,36,575.3,7,43,f,y
4738,4,0.27,12,61,0.0,4,55,f,w
4739,18,0.28,89,59,2001.66,8,34,m,n
4740,27,0.22,157,33,0.0,3,65,f,y
4741,0,0.14,154,29,957.72,3,62,m,y
4742,0,0.24,152,46,1551.84,5,62,m,y
4743,7,0.22,161,52,0.0,6,55,m,y
4744,4,0.24,165,59,471.59,3,61,m,y
4745,5,0.24,39,58,758.41,10,79,m,w
4746,30,0.25,21,64,460.97,2,50,m,n
4747,10,0.39,43,29,286.14,5,57,m,n
4748,1,0.33,120,44,23844.44,10,38,f,y
4749,33,0.38,86,46,0.0,6,41,f,n
4750,5,0.34,124,51,8262.51,3,56,m,y
4751,6,0.59,137,65,6742.18,7,71,f,y
4752,31,0.29,61,34,0.0,3,51,f,w
4753,0,0.36,173,65,32467.14,2,51,f,y
4754,0,0.37,125,51,7047.64,10,48,m,n
4755,1,0.37,55,69,15471.1,4,46,m,y
4756,1,0.18,114,37,2575.09,3,59,f,y
4757,5,0.61,122,70,138816.62,7,32,m,n
4758,4,0.27,173,67,17379.89,8,74,m,y
4759,8,0.31,111,29,6920.89,3,45,m,n
4760,5,0.38,87,56,5067.63,6,65,m,n
4761,9,0.23,119,57,33504.99,1,35,f,n
4762,2,0.32,54,29,0.0,5,65,m,y
4763,10,0.25,53,71,85201.99,2,65,f,y
4764,27,0.28,139,77,0.0,1,60,f,n
4765,0,0.21,131,45,2814.6,7,40,f,y
4766,4,0.12,138,22,3716.31,10,58,m,n
4767,10,0.24,84,55,0.0,4,37,m,y
4768,1,0.28,178,41,597.37,5,51,f,y
4769,2,0.42,149,92,1151.06,2,70,m,n
4770,24,0.26,117,71,1516.47,8,66,f,n
4771,10,0.29,150,37,7428.92,10,55,m,n
4772,23,0.16,125,35,22775.58,3,40,f,n
4773,36,0.36,106,56,9515.35,7,64,f,n
4774,2,0.37,112,60,15234.14,1,55,f,y
4775,15,0.68,84,50,4982.25,10,25,f,w
4776,2,0.4,168,56,5406.89,1,66,m,n
4777,12,0.41,13,81,2307.55,7,54,m,n
4778,12,0.18,104,44,0.0,1,73,m,y
4779,27,0.16,66,24,2806.36,9,38,m,n
4780,36,0.22,105,53,862.85,9,25,f,y
4781,8,0.31,32,90,33219.66,8,59,m,y
4782,10,0.22,124,60,3758.22,8,59,m,y
4783,13,0.29,25,39,2102.21,4,29,f,y
4784,14,0.28,62,34,197.96,4,40,m,y
4785,5,0.31,28,63,4512.73,5,95,f,w
4786,2,0.46,105,86,87737.84,9,50,m,n
4787,13,0.16,135,24,15535.6,3,65,m,y
4788,7,0.26,160,50,2340.48,4,45,f,n
4789,8,0.24,165,61,2872.22,10,25,f,n
4790,4,0.16,45,12,172.71,5,52,m,y
4791,20,0.21,109,37,0.0,7,51,m,y
4792,17,0.26,38,69,138932.43,5,49,m,n
4793,1,0.17,34,36,51.32,9,53,m,y
4794,1,0.23,38,23,8079.8,6,58,m,y
4795,5,0.37,105,61,31503.97,3,52,f,y
4796,8,0.26,150,67,21833.97,6,36,m,n
4797,2,0.35,79,49,69.29,6,62,m,n
4798,4,0.33,70,27,429.35,10,25,f,y
4799,1,0.27,127,61,3235.52,1,25,m,y
4800,2,0.23,48,38,701.73,7,66,m,n
4801,7,0.29,122,58,0.0,3,62,f,n
4802,1,0.11,132,22,683.08,1,54,m,y
4803,22,0.44,105,70,4758.17,1,34,f,n
4804,23,0.31,96,19,285.69,5,44,m,w
4805,7,0.21,48,30,1261.79,10,51,m,y
4806,1,0.17,170,32,8239.29,10,31,m,n
4807,3,0.38,51,45,758.7,2,43,m,y
4808,10,0.26,30,41,479.47,2,64,m,n
4809,2,0.49,103,90,5775.08,4,76,m,y
4810,13,0.35,98,42,406.57,10,48,f,y
4811,0,0.3,104,76,7022.34,7,66,f,n
4812,1,0.13,110,41,5052.78,8,26,m,n
4813,3,0.4,79,94,10448.49,10,64,f,y
4814,27,0.27,122,54,8194.02,7,42,f,y
4815,11,0.22,43,43,5393.18,9,59,f,y
4816,0,0.34,171,55,3176.7,7,51,m,n
4817,4,0.31,6,54,0.0,4,74,f,w
4818,9,0.18,59,28,7252.9,9,41,m,n
4819,7,0.25,101,45,7369.52,9,64,m,y
4820,4,0.31,27,61,87576.93,3,50,f,n
4821,2,0.57,24,79,21884.47,10,52,f,y
4822,3,0.25,39,58,1130.84,8,52,f,n
4823,9,0.26,49,49,1041.91,1,42,f,n
4824,11,0.46,122,72,0.0,2,54,m,w
4825,5,0.33,114,67,0.0,8,54,f,y
4826,19,0.25,72,56,0.0,8,58,m,y
4827,25,0.27,119,57,0.0,6,56,m,y
4828,12,0.24,27,73,0.0,8,66,f,n
4829,1,0.31,34,51,12490.77,8,68,m,y
4830,16,0.41,147,83,0.0,2,39,f,y
4831,4,0.59,67,60,261.44,3,68,m,w
4832,2,0.3,20,60,2404.55,7,37,f,n
4833,12,0.37,147,67,982.8,3,63,m,w
4834,4,0.57,120,62,359.09,2,64,m,y
4835,2,0.24,155,33,11106.51,6,26,f,n
4836,7,0.4,102,74,3512.82,2,56,m,y
4837,1,0.37,92,100,133386.68,2,47,f,y
4838,3,0.31,130,95,4007.49,2,43,f,y
4839,3,0.41,125,59,3115.93,4,75,f,n
4840,4,0.23,12,42,417.7,7,45,f,y
4841,4,0.36,89,58,3065.79,6,42,m,n
4842,8,0.31,12,63,842.83,5,56,f,n
4843,0,0.15,22,12,14.94,4,65,m,y
4844,4,0.18,37,57,52.26,2,52,m,y
4845,5,0.5,130,100,26411.09,8,72,m,y
4846,3,0.15,84,37,15456.27,2,62,f,w
4847,10,0.31,67,84,8202.14,8,25,f,y
4848,10,0.23,63,44,21840.19,10,47,f,y
4849,5,0.23,116,19,144.9,4,46,f,y
4850,15,0.36,136,62,11647.93,5,62,f,w
4851,0,0.51,94,100,58921.27,1,25,f,y
4852,3,0.28,85,53,6659.23,2,93,m,y
4853,9,0.47,123,77,0.0,8,62,f,y
4854,20,0.31,6,91,7127.09,1,57,f,w
4855,15,0.3,115,60,5167.26,3,72,m,y
4856,1,0.7,72,100,4339.52,2,90,f,w
4857,0,0.2,153,42,1817.5,10,68,m,y
4858,6,0.29,67,38,39157.35,5,69,f,w
4859,5,0.3,61,70,1199.76,4,56,f,y
4860,3,0.23,61,41,3863.67,4,52,f,n
4861,1,0.29,83,53,1101.39,4,47,f,y
4862,4,0.33,178,41,924.27,4,42,f,y
4863,5,0.43,84,94,6221.48,4,44,f,y
4864,2,0.18,101,42,1573.99,6,34,m,n
4865,0,0.15,151,36,489.02,2,53,m,w
4866,6,0.17,53,27,948.14,4,29,f,y
4867,25,0.28,43,53,10124.73,7,57,f,w
4868,3,0.49,27,66,345.2,7,54,f,y
4869,11,0.52,78,89,1201.99,1,57,m,w
4870,18,0.21,134,32,2460.31,10,47,f,y
4871,4,0.37,175,64,0.0,9,95,f,y
4872,3,0.2,130,37,14742.57,7,75,m,n
4873,17,0.19,129,34,620.84,6,36,f,n
4874,0,0.29,80,75,948.9,2,58,f,n
4875,5,0.4,162,53,0.0,6,45,f,y
4876,8,0.36,139,80,20311.66,5,39,f,n
4877,8,0.31,61,66,899.4,9,34,m,y
4878,0,0.17,125,49,458.04,1,61,f,y
4879,0,0.29,17,35,1834.66,5,44,f,y
4880,2,0.23,44,45,693.87,3,69,f,y
4881,12,0.4,113,69,27571.65,9,69,f,y
4882,32,0.56,145,68,0.0,1,75,f,w
4883,7,0.16,38,34,828.84,6,42,m,n
4884,8,0.44,125,63,2357.78,3,62,m,y
4885,32,0.31,88,97,0.0,1,64,m,n
4886,2,0.45,24,67,2438.28,3,47,f,y
4887,0,0.33,90,66,3376.46,2,43,f,n
4888,1,0.29,133,61,2112.62,10,79,m,y
4889,2,0.19,48,40,10042.69,8,58,m,n
4890,9,0.22,78,44,1951.47,3,64,m,y
4891,2,0.25,178,26,868.46,7,42,f,y
4892,5,0.41,91,45,10416.27,10,36,f,n
4893,0,0.21,24,25,711.04,6,46,f,y
4894,22,0.2,170,39,599.88,7,53,f,y
4895,7,0.3,16,42,4706.29,7,39,f,n
4896,6,0.21,133,42,4367.16,10,54,m,n
4897,10,0.3,158,88,10338.26,1,29,f,y
4898,23,0.39,104,78,0.0,4,38,f,y
4899,7,0.21,50,49,1086.04,4,65,f,y
4900,9,0.24,67,46,1658.0,5,64,f,n
4901,2,0.22,100,42,23964.32,10,49,f,y
4902,13,0.11,147,19,8269.21,5,39,f,n
4903,12,0.57,39,100,63206.74,8,39,f,n
4904,0,0.44,103,38,7414.42,4,49,f,y
4905,12,0.25,65,65,0.0,1,64,f,y
4906,1,0.28,69,61,1955.41,5,68,m,y
4907,1,0.29,47,91,19863.85,1,47,m,n
4908,3,0.26,154,41,1798.24,3,37,f,y
4909,23,0.22,109,56,4535.71,8,59,m,w
4910,7,0.45,138,72,25622.63,10,42,m,y
4911,23,0.23,71,16,0.0,5,47,m,n
4912,0,0.3,119,79,55062.34,7,74,f,y
4913,6,0.31,141,93,830610.71,1,67,f,w
4914,5,0.22,71,51,3678.99,6,57,m,n
4915,4,0.29,92,89,353.09,8,35,m,y
4916,36,0.21,67,51,0.0,6,58,f,w
4917,5,0.19,153,32,1843.11,4,70,m,y
4918,2,0.26,137,54,13376.8,8,49,m,n
4919,8,0.55,148,72,3744.54,8,75,f,w
4920,2,0.25,25,47,11159.06,6,74,f,w
4921,1,0.52,29,71,14447.31,8,79,m,w
4922,6,0.24,14,59,12630.88,6,59,f,w
4923,10,0.24,121,57,3131.82,4,63,m,w
4924,4,0.23,154,42,2548.88,6,76,f,y
4925,3,0.2,46,33,1390.73,9,61,m,y
4926,1,0.15,18,48,2741.53,8,47,m,n
4927,12,0.16,138,33,0.0,7,48,f,n
4928,17,0.28,51,64,34812.96,5,58,f,y
4929,2,0.21,83,41,460.93,7,35,m,y
4930,4,0.28,76,82,0.0,1,52,m,n
4931,2,0.14,64,20,0.0,8,71,f,w
4932,14,0.18,56,35,73552.32,5,25,f,y
4933,20,0.32,21,68,0.0,7,78,m,y
4934,1,0.29,56,79,44346.73,7,71,f,y
4935,0,0.3,133,74,3868.36,8,48,m,y
4936,0,0.31,175,42,4424.62,7,63,f,n
4937,2,0.52,16,70,14143.52,6,55,m,w
4938,10,0.51,73,77,6615.7,6,73,m,y
4939,3,0.21,126,19,0.0,5,69,m,y
4940,33,0.63,143,58,14964.37,5,33,m,n
4941,0,0.22,77,43,2499.4,4,63,m,y
4942,8,0.3,169,43,0.0,7,51,m,y
4943,4,0.61,50,35,397.6,3,56,m,n
4944,2,0.37,11,68,47233.2,5,44,m,n
4945,6,0.25,11,57,630.24,3,81,f,n
4946,2,0.45,96,92,461315.04,8,70,m,n
4947,7,0.15,78,18,454.18,5,43,f,y
4948,36,0.27,69,62,2147.02,10,34,m,y
4949,2,0.29,43,23,2381.89,6,49,m,y
4950,3,0.25,83,65,6907.96,1,61,f,y
4951,16,0.32,68,57,1694.17,4,58,f,y
4952,3,0.41,116,53,1636.51,9,73,m,y
4953,19,0.23,76,56,0.0,5,66,m,n
4954,9,0.28,25,61,1927.83,1,69,f,n
4955,0,0.17,82,33,361.21,4,59,f,y
4956,3,0.26,69,39,786.64,6,34,f,y
4957,3,0.29,42,58,4290.13,7,52,f,y
4958,2,0.49,113,78,16659.42,7,70,m,y
4959,7,0.41,169,57,3011.42,8,54,f,y
4960,0,0.43,15,78,7250.05,5,62,f,n
4961,7,0.32,167,57,506.71,6,50,f,y
4962,6,0.21,50,56,44987.7,2,39,f,y
4963,9,0.26,68,49,33031.29,10,53,f,y
4964,6,0.16,18,47,545.2,2,59,f,y
4965,3,0.17,30,39,505.59,3,45,m,w
4966,28,0.25,132,38,0.0,4,51,f,y
4967,1,0.29,49,70,5214.32,6,40,m,n
4968,10,0.21,79,43,0.0,6,71,m,w
4969,1,0.19,121,41,35266.91,3,50,m,y
4970,0,0.12,157,37,587.12,1,76,m,y
4971,11,0.13,74,18,0.0,3,77,f,w
4972,15,0.12,52,16,1175.5,4,53,f,w
4973,1,0.24,96,47,782.14,9,39,m,y
4974,5,0.17,55,39,758.66,10,25,f,y
4975,10,0.31,121,80,0.0,8,32,m,n
4976,3,0.27,169,71,2620.81,4,34,m,y
4977,4,0.18,38,37,4551.02,7,75,f,y
4978,30,0.35,97,39,0.0,9,56,f,y
4979,10,0.14,109,42,4109.13,2,60,m,y
4980,20,0.14,136,26,935.89,3,25,f,y
4981,4,0.31,164,72,1782.65,1,37,m,y
4982,5,0.17,65,44,0.0,8,68,f,n
4983,27,0.42,34,89,0.0,2,59,m,y
4984,4,0.31,177,69,0.0,7,52,m,y
4985,4,0.3,178,56,30523.44,7,63,f,y
4986,9,0.27,121,71,0.0,3,79,f,w
4987,0,0.39,47,90,2249.02,2,51,m,y
4988,4,0.43,154,30,576.44,3,56,f,y
4989,22,0.48,37,50,0.0,8,57,m,y
4990,18,0.27,161,37,340.27,9,90,f,y
4991,8,0.16,104,48,2935.9,8,25,m,n
4992,4,0.36,125,52,1094.4,2,65,f,y
4993,5,0.72,52,55,887.46,9,53,f,y
4994,2,0.21,22,47,32859.3,6,63,m,n
4995,1,0.42,34,79,10443.48,2,45,f,y
4996,2,0.2,53,44,1990.09,9,54,f,y
4997,18,0.18,135,23,95.6,5,65,f,y
4998,2,0.43,38,41,3800.81,6,95,m,w
4999,5,0.46,133,62,21458.85,1,67,f,y
5000,10,0.18,73,32,0.0,2,42,f,y
5001,10,0.48,44,65,5304.85,1,48,f,y
5002,2,0.25,138,67,1894.42,4,48,f,y
5003,2,0.21,124,30,3423.94,2,28,m,n
5004,3,0.21,73,49,0.0,1,50,f,n
5005,0,0.27,57,47,413.12,3,65,f,n
5006,6,0.25,162,58,5590.18,4,35,m,n
5007,10,0.13,170,18,972.53,4,70,f,w
5008,2,0.39,141,70,12406.58,3,62,f,y
5009,0,0.35,153,67,5520.64,2,43,f,y
5010,14,0.31,174,69,3284.58,8,52,m,y
5011,17,0.19,75,34,0.0,10,78,f,y
5012,15,0.34,41,70,0.0,2,66,m,y
5013,4,0.28,37,52,4274.53,5,55,f,y
5014,1,0.22,10,18,687.25,7,51,f,y
5015,9,0.25,109,57,29311.85,9,56,f,y
5016,0,0.21,153,32,360.28,3,47,m,n
5017,9,0.14,73,40,0.0,1,25,f,y
5018,1,0.46,155,28,464.69,9,85,f,y
5019,0,0.75,164,79,37456.09,1,57,m,n
5020,0,0.24,174,61,18357.89,8,60,f,y
5021,5,0.15,10,30,16448.99,2,54,f,y
5022,15,0.3,15,65,3397.35,7,43,f,y
5023,11,0.21,119,45,335.5,3,52,m,n
5024,2,0.14,170,21,1845.51,6,31,m,n
5025,1,0.64,61,73,9280.81,6,89,f,n
5026,25,0.21,91,38,0.0,4,36,m,y
5027,14,0.44,157,78,1276.94,8,39,m,y
5028,7,0.14,105,29,36739.37,5,48,f,y
5029,3,0.3,149,52,33849.63,7,74,m,w
5030,12,0.19,7,39,3195.32,5,55,f,n
5031,3,0.25,148,37,700.29,4,36,f,y
5032,9,0.35,174,64,0.0,6,73,f,w
5033,6,0.38,68,53,38494.95,3,65,f,y
5034,6,0.23,159,49,3006.17,6,63,m,w
5035,6,0.25,99,33,213.95,6,65,m,n
5036,29,0.26,71,69,10528.62,6,90,f,y
5037,18,0.92,123,51,0.0,3,87,m,w
5038,4,0.18,34,39,0.0,8,44,f,y
5039,22,0.16,45,30,447.47,4,79,f,y
5040,8,0.29,16,59,265.59,2,60,m,n
5041,14,0.21,131,27,342.92,7,62,f,y
5042,13,0.2,92,65,30715.47,8,29,m,y
5043,25,0.17,95,22,514.59,4,52,m,n
5044,1,0.3,84,23,4355.01,6,42,f,n
5045,9,0.19,108,50,0.0,8,67,f,y
5046,23,0.5,86,42,1034.52,5,71,f,y
5047,0,0.38,104,45,7759.1,9,25,m,n
5048,20,0.23,105,44,0.0,6,54,m,y
5049,21,0.24,136,45,0.0,6,71,m,w
5050,5,0.27,16,69,708.78,2,52,m,y
5051,9,0.2,33,16,92.15,7,65,m,y
5052,0,0.24,53,49,1757.97,9,60,f,y
5053,0,0.18,33,43,1084.47,5,60,f,y
5054,0,0.13,51,7,188.12,5,50,m,n
5055,4,0.27,60,52,3374.76,5,36,m,y
5056,0,0.17,88,15,55.38,1,38,f,y
5057,12,0.06,124,3,571.93,5,65,f,n
5058,2,0.18,7,10,1148.32,10,55,f,y
5059,1,0.23,149,74,5709.03,8,52,m,y
5060,3,0.24,16,37,1613.03,3,48,m,y
5061,2,0.24,8,57,1866.25,9,50,f,y
5062,10,0.4,47,47,1949.26,9,70,f,y
5063,3,0.25,162,48,13150.57,6,49,f,y
5064,12,0.17,97,35,329.01,4,34,f,y
5065,13,0.27,164,74,75821.18,4,66,m,n
5066,7,0.42,82,76,0.0,1,51,m,y
5067,7,0.5,158,56,0.0,10,55,f,n
5068,2,0.3,125,40,980.87,5,79,m,w
5069,8,0.32,139,55,0.0,5,54,f,y
5070,5,0.28,121,66,5337.3,5,59,m,y
5071,9,0.34,72,69,0.0,1,37,m,y
5072,8,0.21,155,62,15433.93,1,51,m,y
5073,9,0.45,46,77,8960.43,10,64,m,w
5074,15,0.2,44,45,0.0,2,31,m,n
5075,7,0.42,60,70,1767.33,1,58,f,w
5076,12,0.23,163,60,30905.89,8,56,f,n
5077,3,0.09,76,14,1850.92,4,55,m,y
5078,12,0.27,135,19,414.94,6,70,m,y
5079,3,0.35,13,45,54.46,8,60,f,y
5080,3,0.24,119,62,0.0,5,77,m,w
5081,16,0.24,68,53,5480.82,6,40,m,n
5082,2,0.24,102,52,2671.78,4,57,m,y
5083,10,0.29,161,48,2942.61,6,56,f,y
5084,2,0.32,79,82,6533.13,6,38,m,y
5085,2,0.48,171,58,12853.89,3,69,f,n
5086,7,0.52,23,47,5907.64,4,89,m,w
5087,0,0.28,102,47,781.52,6,54,m,y
5088,8,0.64,28,71,27577.12,8,62,m,y
5089,10,0.25,129,60,0.0,7,56,f,y
5090,19,0.26,173,65,1625.92,4,44,f,y
5091,11,0.32,65,74,14906.58,3,27,m,n
5092,14,0.35,90,63,2011.36,8,44,m,y
5093,2,0.36,10,74,2257.38,6,34,f,n
5094,2,0.33,104,76,3120.31,8,80,f,y
5095,23,0.46,151,32,157.71,9,53,m,y
5096,7,0.27,171,44,2470.32,9,49,f,y
5097,8,0.25,116,49,1937.72,10,68,m,n
5098,8,0.34,162,46,244643.48,9,38,m,n
5099,36,0.31,159,38,0.0,10,43,m,y
5100,9,0.57,65,89,189.84,1,56,f,y
5101,11,0.34,169,64,17103.85,3,70,m,y
5102,19,0.11,119,18,114.8,9,62,f,y
5103,2,0.2,87,36,8948.56,4,58,f,n
5104,13,0.23,162,41,2268.4,10,56,f,y
5105,0,0.31,164,57,45805.22,2,61,m,y
5106,1,0.38,111,94,5707.68,1,58,m,n
5107,1,0.37,146,72,5265.03,5,39,f,n
5108,0,0.31,123,77,18507.82,4,55,f,y
5109,4,0.35,128,42,2408.73,5,38,f,y
5110,34,0.19,173,35,0.0,5,56,m,n
5111,2,0.27,126,46,400.71,8,47,m,n
5112,1,0.28,7,65,3844.95,6,93,f,y
5113,4,0.22,123,23,5078.32,3,54,m,n
5114,10,0.33,141,70,0.0,9,33,f,y
5115,0,0.19,79,58,201.15,8,52,m,n
5116,6,0.26,132,58,2443.59,9,62,m,w
5117,5,0.38,123,84,0.0,4,80,m,w
5118,6,0.29,113,77,6194.99,8,46,m,n
5119,7,0.32,48,72,485.14,3,31,m,y
5120,2,0.38,117,66,60116.24,5,67,f,y
5121,3,0.22,155,16,0.0,7,34,m,n
5122,4,0.69,168,64,8263.67,1,48,m,y
5123,29,0.18,24,53,458.15,1,51,f,y
5124,7,0.18,137,33,0.0,3,53,m,w
5125,1,0.3,24,72,688.63,4,65,m,y
5126,1,0.2,25,53,12466.62,1,44,f,y
5127,9,0.28,9,77,30512.16,8,50,f,n
5128,4,0.23,54,47,9705.24,2,54,m,n
5129,15,0.19,159,45,227.12,5,57,m,w
5130,5,0.27,8,54,934.35,6,56,f,n
5131,0,0.31,57,46,211.66,6,61,m,n
5132,8,0.43,133,82,50592.97,6,67,f,n
5133,2,0.23,41,47,261.8,1,60,f,y
5134,34,0.35,174,15,979.45,3,61,f,n
5135,0,0.2,108,43,347.75,3,31,m,y
5136,1,0.58,21,48,912.72,8,55,m,y
5137,8,0.24,52,57,12232.46,6,62,f,y
5138,1,0.22,85,56,363.06,2,65,m,y
5139,9,0.15,51,45,1281.57,1,44,m,y
5140,5,0.52,105,48,1866.32,4,45,f,y
5141,1,0.33,103,81,1688.97,1,46,m,y
5142,4,0.32,129,52,0.0,5,63,m,y
5143,6,0.55,172,75,1933.36,8,70,f,y
5144,6,0.37,139,61,3609.37,10,48,m,n
5145,5,0.48,89,29,1368.16,2,68,m,w
5146,10,0.3,66,74,177140.95,8,56,m,n
5147,3,0.32,14,63,6884.8,8,53,f,y
5148,7,0.23,144,54,9241.87,6,51,m,n
5149,1,0.16,70,49,3704.98,8,66,m,y
5150,28,0.19,96,41,512.69,2,59,f,y
5151,2,0.22,127,53,16368.15,7,89,f,w
5152,15,0.28,64,67,4234.94,8,42,m,n
5153,1,0.22,117,42,17233.2,4,62,f,n
5154,26,0.21,118,46,3427.67,9,47,m,n
5155,33,0.72,123,84,0.0,6,41,f,y
5156,2,0.52,12,64,18108.84,3,54,m,w
5157,1,0.26,117,60,10063.36,4,57,m,n
5158,10,0.26,127,51,402.77,4,95,f,w
5159,9,0.31,66,66,8506.28,1,52,m,n
5160,9,0.35,62,74,11748.08,10,38,m,y
5161,0,0.41,91,53,2996.04,1,59,m,y
5162,6,0.58,167,45,86.43,1,25,f,y
5163,9,0.31,89,84,4622.51,4,53,m,y
5164,3,0.3,50,79,15863.99,1,55,m,y
5165,9,0.32,50,73,0.0,6,66,m,y
5166,4,0.29,20,92,2537.78,2,69,m,w
5167,3,0.4,142,51,2640.64,1,47,m,n
5168,12,0.14,179,24,229.02,7,52,m,n
5169,1,0.13,179,27,1948.89,6,43,m,y
5170,0,0.15,41,45,406.45,1,38,m,y
5171,12,0.26,51,52,88093.98,10,59,f,n
5172,19,0.32,47,74,15794.09,9,35,f,y
5173,4,0.46,163,58,60248.77,6,48,f,n
5174,3,0.31,144,100,87215.52,2,40,m,n
5175,29,0.43,123,39,37731.84,7,63,f,y
5176,1,0.27,38,57,28908.18,3,82,m,w
5177,11,0.14,131,23,4180.91,7,35,f,y
5178,0,0.52,115,30,11111.13,9,27,m,n
5179,27,0.37,173,24,0.0,5,53,m,y
5180,10,0.27,75,55,0.0,1,55,m,y
5181,1,0.25,176,62,2072.53,5,58,m,n
5182,9,0.33,115,60,17830.09,8,48,f,n
5183,16,0.11,172,33,0.0,8,51,f,n
5184,1,0.2,130,41,25110.68,3,60,f,y
5185,12,0.23,44,30,1086.8,4,70,f,n
5186,25,0.3,88,96,147536.5,8,25,m,n
5187,20,0.18,164,46,0.0,8,49,m,w
5188,3,0.21,111,38,27419.06,7,58,f,w
5189,9,0.12,68,23,1199.23,6,41,f,n
5190,4,0.21,30,26,71.78,4,80,f,w
5191,0,0.3,46,46,4443.41,10,45,m,n
5192,2,0.19,64,44,4180.4,9,54,f,y
5193,5,0.23,35,60,2171.75,2,63,f,y
5194,8,0.21,50,54,0.0,2,46,m,n
5195,2,0.18,58,35,207.51,1,27,m,n
5196,8,0.49,159,56,2545.88,3,48,m,n
5197,36,0.22,45,34,2274.8,3,70,f,y
5198,5,0.09,145,13,271.58,4,49,m,y
5199,10,0.2,6,50,1513.19,3,42,m,y
5200,12,0.25,75,53,742.78,10,68,m,y
5201,2,0.29,134,77,6989.94,6,50,f,y
5202,0,0.26,141,57,855.57,9,47,m,n
5203,7,0.3,117,65,18349.08,8,57,m,y
5204,4,0.18,38,33,435.56,6,66,f,y
5205,14,0.16,120,48,17566.8,8,90,f,y
5206,7,0.29,109,54,359.24,8,67,m,w
5207,6,0.4,139,32,1863.75,10,72,f,w
5208,2,0.44,136,49,3562.78,6,47,f,y
5209,8,0.34,84,75,0.0,2,39,m,w
5210,0,0.27,11,68,31572.51,5,55,m,y
5211,3,0.33,42,25,167.56,4,56,f,y
5212,24,0.32,32,41,0.0,6,38,m,n
5213,0,0.41,111,73,3243.41,2,52,m,y
5214,24,0.23,179,56,0.0,4,60,f,n
5215,5,0.25,74,60,83.85,8,60,f,w
5216,16,0.25,128,57,4268.31,1,62,f,n
5217,8,0.44,150,79,134513.87,3,59,m,y
5218,0,0.26,22,56,10949.21,4,47,f,y
5219,14,0.18,110,45,2895.19,2,47,m,y
5220,11,0.39,123,55,27858.89,2,37,f,y
5221,16,0.31,28,42,2574.24,6,81,f,y
5222,7,0.27,44,41,8662.32,6,55,f,y
5223,3,0.17,166,36,3758.51,3,51,m,n
5224,20,0.26,15,82,9848.71,8,41,f,n
5225,28,0.25,88,33,1779.57,3,95,f,y
5226,10,0.23,173,52,542.57,2,38,f,y
5227,1,0.63,78,54,1875.56,5,48,m,y
5228,2,0.45,148,70,995.95,7,61,f,y
5229,12,0.29,48,67,853.83,1,64,m,y
5230,1,0.16,93,48,829.49,2,69,f,y
5231,2,0.28,17,89,9917.01,2,82,f,w
5232,0,0.26,27,63,726.18,8,62,m,w
5233,7,0.15,23,29,8582.71,10,39,m,y
5234,4,0.23,67,23,853.82,6,51,m,n
5235,2,0.18,84,43,0.0,4,59,f,y
5236,6,0.71,172,51,3021.44,4,86,m,w
5237,6,0.42,155,27,544.61,5,34,m,y
5238,1,0.2,147,20,975.78,3,73,f,y
5239,0,0.34,110,90,1471.1,4,57,m,y
5240,16,0.29,12,68,0.0,4,67,m,y
5241,1,0.2,168,38,2260.96,7,53,f,y
5242,15,0.34,39,91,0.0,7,42,m,w
5243,5,0.2,68,61,3346.37,1,66,m,n
5244,8,0.34,135,62,3238.39,3,64,m,y
5245,4,0.27,114,27,54.2,9,69,f,y
5246,9,0.17,178,31,1182.24,6,54,f,n
5247,2,0.36,68,57,19655.77,6,46,m,n
5248,2,0.28,135,69,9311.8,4,31,m,n
5249,4,0.27,56,64,1589.14,10,67,m,y
5250,4,0.35,46,49,3250.13,9,61,f,n
5251,1,0.54,138,36,1573.7,3,40,m,n
5252,16,0.36,90,69,9941.4,8,46,f,y
5253,3,0.16,76,29,131.07,6,47,m,y
5254,15,0.36,158,100,180107.24,2,32,f,n
5255,4,0.31,6,51,1803.67,3,42,f,n
5256,3,0.45,14,44,2664.28,1,37,f,y
5257,15,0.79,113,72,46392.06,3,48,m,w
5258,1,0.3,106,54,846.38,4,43,f,y
5259,0,0.29,127,60,81367.32,6,30,m,y
5260,2,0.29,113,70,3124.02,10,85,m,y
5261,0,0.18,9,41,13359.78,7,73,m,w
5262,4,0.13,154,16,1431.98,3,43,f,y
5263,8,0.3,66,55,21120.73,7,59,f,y
5264,3,0.31,31,54,298.89,4,61,f,y
5265,27,0.17,122,41,0.0,1,72,f,n
5266,0,0.5,177,58,1741.5,1,42,m,n
5267,1,0.18,170,55,520.5,8,71,f,y
5268,2,0.35,83,60,661.11,10,46,f,n
5269,2,0.18,143,28,377.88,7,34,f,n
5270,2,0.36,87,54,9041.85,4,65,m,y
5271,1,0.36,86,57,1776.22,1,74,f,w
5272,6,0.31,80,42,0.0,6,93,f,y
5273,10,0.36,52,75,11135.97,10,37,f,y
5274,5,0.18,93,40,17726.99,7,65,m,n
5275,6,0.22,88,51,10122.74,6,48,f,n
5276,3,0.24,156,34,16018.75,6,66,f,y
5277,3,0.62,125,95,12794.52,8,32,m,y
5278,15,0.22,128,31,8134.56,6,36,m,n
5279,6,0.36,59,42,0.0,2,43,m,n
5280,3,0.49,152,60,6003.93,7,56,f,y
5281,11,0.16,30,34,14013.07,10,45,m,y
5282,5,0.16,72,16,4821.88,4,64,m,y
5283,0,0.26,146,22,676.85,3,70,f,y
5284,2,0.22,26,54,20775.17,8,63,f,y
5285,25,0.2,27,37,469.48,10,79,m,n
5286,5,0.48,34,62,206.07,5,61,m,y
5287,14,0.26,54,40,1536.3,4,36,f,n
5288,1,0.29,112,46,17209.46,4,75,f,y
5289,13,0.44,30,90,0.0,5,45,m,n
5290,13,0.58,156,56,16491.77,4,68,f,y
5291,2,0.3,81,50,1969.84,3,78,m,y
5292,8,0.14,54,30,0.0,4,61,f,y
5293,3,0.57,156,61,16899.16,10,32,m,n
5294,4,0.23,10,52,430.98,5,41,m,y
5295,12,0.53,162,67,1500.1,2,74,m,y
5296,7,0.25,10,49,981.05,7,52,m,y
5297,1,0.34,44,30,30317.96,5,56,f,y
5298,11,0.15,168,15,1764.11,9,66,f,y
5299,3,0.27,86,41,1951.09,6,65,f,y
5300,19,0.31,35,84,974.85,1,59,m,y
5301,2,0.3,7,40,64.25,9,51,m,n
5302,19,0.37,20,52,0.0,5,50,m,w
5303,2,0.37,56,45,768.45,9,67,m,y
5304,13,0.21,28,60,3120.27,1,63,f,n
5305,2,0.39,31,70,301.33,2,51,m,n
5306,31,0.23,16,43,4808.88,3,71,f,w
5307,17,0.26,133,38,10087.51,5,53,f,y
5308,1,0.22,29,53,1000.67,6,42,m,n
5309,7,0.32,142,60,2024.44,5,43,f,n
5310,2,0.4,76,74,2776.71,1,40,m,y
5311,2,0.34,143,84,333923.25,4,50,m,y
5312,11,0.2,102,31,2714.83,6,73,f,w
5313,0,0.29,115,22,737.13,4,42,m,n
5314,8,0.21,77,43,57048.6,4,57,m,y
5315,6,0.53,76,76,3684.83,5,45,f,n
5316,13,0.29,95,89,23410.65,8,51,m,y
5317,0,0.41,132,98,5983.97,5,32,f,y
5318,3,0.27,128,40,1220.4,7,51,m,y
5319,1,0.25,148,62,1229.25,8,52,m,y
5320,7,0.33,38,77,9158.75,6,63,f,n
5321,9,0.32,144,57,89.33,6,58,f,y
5322,0,0.54,152,100,12709.53,2,37,m,n
5323,7,0.28,175,39,0.0,10,71,m,y
5324,3,0.22,63,23,412.77,5,58,f,y
5325,12,0.34,151,65,0.0,1,57,m,y
5326,7,0.21,151,37,16227.97,9,54,f,y
5327,6,0.26,27,68,583.76,7,47,f,n
5328,10,0.54,94,84,0.0,2,58,f,y
5329,8,0.19,123,34,4524.52,6,62,f,n
5330,6,0.39,49,63,310.14,10,28,f,y
5331,4,0.29,164,49,526.87,9,46,f,y
5332,10,0.25,14,28,672.27,5,51,f,y
5333,15,0.28,55,21,3985.55,3,58,f,n
5334,3,0.24,124,42,3882.62,10,72,m,y
5335,21,0.23,66,58,0.0,4,43,m,n
5336,15,0.47,24,30,206.45,3,47,f,n
5337,4,0.43,57,86,2210.36,1,47,f,y
5338,0,0.33,60,59,558.01,10,42,m,y
5339,23,0.46,30,65,26483.79,7,49,m,y
5340,4,0.44,74,58,8587.04,8,66,f,w
5341,5,0.43,80,73,1559.77,2,39,f,y
5342,12,0.37,146,100,0.0,8,61,m,y
5343,1,0.2,167,8,21.48,9,29,f,y
5344,1,0.3,77,71,2921.75,7,46,f,n
5345,11,0.21,30,66,14813.65,1,50,f,n
5346,3,0.25,96,56,2358.73,4,80,f,w
5347,7,0.31,80,52,3740.93,7,50,m,n
5348,5,0.51,69,72,39979.57,6,25,f,y
5349,1,0.38,87,86,0.0,8,25,f,y
5350,26,0.28,143,48,3307.1,6,55,f,n
5351,3,0.17,102,28,1630.71,10,64,m,w
5352,3,0.23,105,51,37174.96,6,60,m,y
5353,20,0.43,22,100,0.0,10,57,m,y
5354,1,0.3,10,60,4394.27,6,72,m,w
5355,0,0.31,72,47,4172.63,7,46,f,y
5356,3,0.27,106,49,1318.65,5,68,f,y
5357,13,0.25,143,48,0.0,9,30,f,n
5358,0,0.33,160,30,2005.33,7,41,f,n
5359,14,0.36,140,65,4153.27,1,27,m,y
5360,2,0.35,118,45,4830.16,9,50,f,y
5361,9,0.26,34,67,6529.85,6,54,f,y
5362,4,0.33,54,100,4618.77,8,56,f,w
5363,0,0.37,172,100,33305.49,9,55,f,w
5364,4,0.5,14,84,518.36,2,41,f,n
5365,2,0.18,83,45,6268.89,2,52,f,y
5366,2,0.24,142,29,1663.32,5,32,m,y
5367,12,0.12,65,22,0.0,5,75,f,w
5368,15,0.43,57,84,2221.54,10,50,f,y
5369,6,0.28,126,30,2287.55,10,47,m,n
5370,16,0.29,80,51,0.0,2,78,f,w
5371,9,0.15,16,32,203.58,10,36,f,y
5372,2,0.17,109,36,2950.93,4,38,f,n
5373,15,0.25,168,23,0.0,9,38,f,y
5374,1,0.28,80,45,21859.48,4,53,f,n
5375,4,0.16,41,36,74.91,1,61,m,y
5376,4,0.31,136,61,5345.75,5,66,m,n
5377,6,0.1,114,33,506.98,2,93,f,w
5378,10,0.28,88,59,5897.06,6,25,f,y
5379,1,0.21,33,61,2943.13,1,64,f,y
5380,10,0.66,58,90,15599.98,7,46,m,y
5381,4,0.15,59,21,0.0,7,46,m,y
5382,2,0.31,70,35,3099.18,4,45,f,n
5383,13,0.16,58,33,1541.35,9,41,m,y
5384,5,0.14,45,22,1378.27,3,80,f,n
5385,12,0.33,46,55,0.0,5,67,f,y
5386,2,0.33,171,45,119.68,5,55,f,y
5387,14,0.3,80,22,0.0,8,75,m,w
5388,1,0.4,34,76,2151.6,10,32,f,y
5389,36,0.39,164,71,10649.67,10,35,f,n
5390,11,0.18,45,36,1417.31,4,25,m,n
5391,8,0.46,135,55,483.25,1,44,m,y
5392,3,0.35,53,60,1342.84,5,57,m,n
5393,8,0.32,6,99,25042.72,1,56,m,y
5394,18,0.31,64,51,4602.68,3,57,f,y
5395,2,0.41,165,66,6057.93,6,33,f,n
5396,3,0.24,93,59,2166.79,1,67,f,y
5397,1,0.2,7,36,598.69,10,58,f,n
5398,7,0.35,64,35,20550.95,3,65,f,y
5399,4,0.35,136,35,1534.9,7,26,m,y
5400,13,0.32,54,53,361.78,2,59,f,y
5401,1,0.19,81,40,4149.32,6,37,f,n
5402,1,0.21,39,27,385.07,7,49,f,n
5403,3,0.22,67,53,416.95,2,63,f,y
5404,3,0.25,39,28,1317.33,5,56,f,n
5405,9,0.53,28,85,2881.47,10,42,f,w
5406,3,0.23,24,51,7707.79,10,55,f,y
5407,6,0.23,65,61,1100.86,1,32,m,n
5408,6,0.27,132,63,0.0,3,72,f,n
5409,2,0.36,101,72,1133.17,1,51,f,y
5410,20,0.24,161,41,0.0,3,71,m,y
5411,1,0.26,95,49,3879.65,4,47,m,y
5412,9,0.29,54,57,6545.89,5,47,f,w
5413,4,0.13,50,13,958.22,4,43,m,y
5414,6,0.09,81,4,180.1,4,68,m,n
5415,9,0.27,112,19,316.69,9,44,f,y
5416,25,0.24,65,31,4858.89,9,64,f,n
5417,0,0.25,137,23,8860.83,9,49,f,y
5418,10,0.15,151,20,139.5,5,25,m,n
5419,1,0.18,162,38,668.52,5,46,m,y
5420,11,0.15,125,37,267.8,2,37,m,n
5421,17,0.5,172,75,0.0,6,55,m,n
5422,6,0.17,60,41,5544.84,2,37,m,n
5423,5,0.19,36,45,511.74,10,68,f,y
5424,0,0.27,120,51,4522.56,5,53,f,y
5425,15,0.2,161,37,2014.56,5,52,m,w
5426,19,0.36,160,83,3208.21,4,64,m,y
5427,10,0.25,35,29,2100.67,5,69,f,y
5428,2,0.5,54,47,822.93,7,54,f,y
5429,2,0.41,175,71,12560.35,10,43,m,y
5430,18,0.28,80,68,0.0,2,28,f,y
5431,0,0.42,73,88,43622.42,1,44,m,n
5432,0,0.21,105,43,7404.92,4,45,m,y
5433,7,0.44,134,71,60926.07,7,56,m,y
5434,5,0.31,177,75,103159.95,1,49,f,n
5435,0,0.42,108,69,5650.21,4,65,m,y
5436,17,0.35,170,70,0.0,6,45,m,n
5437,2,0.23,166,46,6030.24,6,54,m,y
5438,2,0.13,154,37,299.92,1,72,f,w
5439,17,0.24,93,44,0.0,7,60,m,y
5440,7,0.24,173,18,0.0,5,54,m,y
5441,4,0.2,119,38,14462.62,6,45,m,y
5442,4,0.15,18,35,405.26,1,45,m,y
5443,5,0.33,118,44,404.16,7,42,f,n
5444,5,0.18,171,35,0.0,4,46,m,y
5445,0,0.2,162,31,1289.44,3,66,m,n
5446,22,0.44,69,99,2765.28,4,51,f,w
5447,1,0.25,41,52,2009.25,9,34,m,n
5448,0,0.53,109,50,1591.83,5,81,m,y
5449,0,0.43,116,42,337.3,5,59,m,y
5450,7,0.55,10,81,0.0,8,33,f,n
5451,16,0.55,153,31,728.45,7,48,f,n
5452,9,0.53,144,40,1351.43,3,56,f,n
5453,3,0.33,77,97,7639.31,1,80,f,y
5454,6,0.19,161,38,2718.52,2,38,f,n
5455,2,0.45,174,81,19309.43,3,69,f,n
5456,0,0.41,151,91,10929.21,1,75,f,y
5457,0,0.17,163,44,154.43,1,45,m,n
5458,9,0.31,133,85,3244.11,8,50,m,y
5459,4,0.44,147,53,2087.37,8,39,f,y
5460,7,0.47,61,63,7712.54,2,51,f,n
5461,8,0.24,78,36,447.57,8,54,m,y
5462,25,0.2,96,65,177.42,2,64,f,y
5463,3,0.22,34,31,765.96,5,71,f,y
5464,1,0.35,133,100,17124.05,1,43,m,y
5465,1,0.31,32,38,5827.54,9,25,m,y
5466,0,0.11,73,18,13046.24,4,54,f,w
5467,1,0.46,168,81,9725.73,10,59,m,y
5468,9,0.15,96,36,13257.78,2,58,f,y
5469,4,0.24,15,62,1341.71,1,50,f,n
5470,16,0.41,132,80,182555.33,6,56,f,y
5471,0,0.22,31,63,1037.31,8,77,m,y
5472,21,0.4,76,54,0.0,4,60,f,y
5473,0,0.55,96,94,2071.97,1,49,m,y
5474,31,0.62,99,56,4695.59,1,47,m,y
5475,0,0.45,81,93,4803.73,6,52,f,y
5476,1,0.28,109,65,455.69,2,79,m,y
5477,10,0.37,82,33,453.33,5,52,m,n
5478,3,0.25,46,70,9756.87,2,54,m,y
5479,21,0.36,137,77,937.81,9,47,f,n
5480,0,0.22,71,62,5771.46,2,71,m,n
5481,10,0.19,170,32,300.87,5,84,f,y
5482,6,0.26,39,31,1648.41,4,61,f,w
5483,15,0.15,127,44,0.0,1,56,f,y
5484,0,0.38,55,89,11791.13,10,55,f,y
5485,18,0.46,95,76,3179.49,9,25,m,y
5486,0,0.25,47,43,7745.05,3,66,m,n
5487,17,0.26,134,60,0.0,10,57,m,y
5488,24,0.27,39,74,12960.04,8,61,m,y
5489,0,0.28,143,47,850.22,4,44,f,y
5490,3,0.26,10,36,89886.95,9,49,m,n
5491,15,0.32,95,90,13938.62,5,48,m,y
5492,3,0.26,177,80,3710.84,2,70,f,y
5493,2,0.34,152,71,1265.31,8,49,f,y
5494,1,0.16,154,35,564.72,4,86,f,w
5495,8,0.44,126,83,103610.64,2,61,f,y
5496,1,0.32,167,77,18673.38,6,35,f,y
5497,1,0.32,34,52,812.15,1,53,f,n
5498,1,0.33,107,46,9.49,8,45,m,y
5499,8,0.5,45,57,109457.5,9,25,f,n
5500,13,0.36,120,61,0.0,7,78,f,w
5501,15,0.37,23,42,0.0,9,65,m,n
5502,11,0.15,128,39,3262.46,2,62,m,y
5503,3,0.24,54,77,1947.98,1,57,f,y
5504,0,0.34,70,58,2590.35,7,34,f,y
5505,8,0.15,169,24,162.31,4,47,m,n
5506,14,0.37,75,62,31086.03,10,67,m,w
5507,11,0.18,12,41,2082.03,8,39,f,y
5508,15,0.46,66,89,0.0,3,25,f,n
5509,7,0.24,109,17,391.53,7,51,m,n
5510,13,0.25,93,48,4681.45,7,52,m,y
5511,6,0.42,163,58,6037.56,10,57,f,y
5512,0,0.3,22,63,77445.68,9,65,m,y
5513,2,0.47,177,33,7473.11,4,64,f,y
5514,5,0.1,81,14,702.0,10,58,m,w
5515,1,0.25,31,55,7422.76,1,72,m,w
5516,7,0.2,150,51,14780.83,7,32,m,y
5517,0,0.14,168,19,4300.16,10,62,m,y
5518,4,0.25,179,47,83962.55,6,64,m,y
5519,10,0.26,113,79,83749.05,1,36,m,n
5520,1,0.39,138,56,2625.81,9,32,f,n
5521,6,0.24,50,44,7488.94,10,43,m,n
5522,5,0.11,80,30,326.34,8,45,f,n
5523,10,0.29,149,68,5355.23,10,66,m,y
5524,14,0.22,63,51,0.0,4,45,f,y
5525,4,0.27,47,46,553.66,5,42,m,w
5526,36,0.21,99,47,6962.34,8,45,m,y
5527,1,0.18,139,49,92173.01,2,71,f,n
5528,19,0.58,25,59,60042.47,6,55,f,y
5529,5,0.27,29,37,1208.91,10,52,f,y
5530,16,0.27,96,75,0.0,2,53,f,y
5531,11,0.36,57,100,3707.21,8,74,f,n
5532,5,0.56,143,76,61276.56,5,43,m,n
5533,7,0.24,158,36,1493.41,10,74,f,y
5534,2,0.18,111,39,344.37,3,58,f,y
5535,6,0.33,178,55,4030.07,2,52,f,y
5536,5,0.32,6,21,231.64,4,92,f,w
5537,2,0.22,30,37,812.8,8,39,m,y
5538,2,0.2,117,64,1989.23,1,49,m,n
5539,2,0.31,108,76,7673.04,10,36,f,y
5540,8,0.21,142,8,1768.96,3,69,f,y
5541,4,0.22,175,61,7415.78,1,80,f,y
5542,13,0.24,110,59,0.0,2,80,f,w
5543,8,0.23,158,50,7659.19,10,73,m,y
5544,4,0.22,53,52,4304.27,7,52,m,y
5545,8,0.28,71,70,331.4,1,49,m,y
5546,14,0.38,29,77,0.0,9,29,f,y
5547,17,0.12,87,27,0.0,8,85,f,y
5548,3,0.2,96,55,774.74,1,62,m,y
5549,7,0.19,177,41,3434.61,10,47,f,y
5550,4,0.33,40,71,1095.8,1,74,m,n
5551,13,0.31,39,94,0.0,2,40,m,y
5552,0,0.33,11,89,2250.87,2,61,f,y
5553,3,0.2,149,44,13534.48,6,52,m,y
5554,13,0.25,146,51,2677.97,1,64,f,y
5555,5,0.31,17,55,12653.15,4,54,f,y
5556,16,0.37,144,41,316.42,7,33,f,y
5557,11,0.63,52,52,1154.5,9,56,m,y
5558,8,0.41,65,42,2396.28,10,70,f,n
5559,0,0.43,54,70,5365.71,3,54,f,y
5560,0,0.4,57,44,4681.85,4,66,f,n
5561,4,0.16,66,36,709.92,5,39,f,y
5562,0,0.3,100,34,70.9,5,54,m,y
5563,9,0.17,125,38,775.0,2,45,m,y
5564,9,0.25,45,59,0.0,5,66,f,y
5565,13,0.29,95,61,17611.96,10,55,f,y
5566,1,0.18,76,55,4765.52,1,65,m,y
5567,0,0.3,66,73,514.4,7,71,m,w
5568,0,0.3,155,65,5120.11,5,65,f,y
5569,4,0.37,43,76,3688.93,6,59,m,w
5570,0,0.42,66,32,322.77,9,40,m,y
5571,3,0.14,88,29,1315.69,3,54,m,n
5572,5,0.32,105,71,16804.3,1,47,m,y
5573,13,0.18,123,56,105.73,8,49,f,n
5574,0,0.22,52,42,775.1,2,49,m,y
5575,27,0.17,32,23,0.0,2,40,m,y
5576,6,0.21,151,38,3752.54,10,25,m,y
5577,19,0.17,130,37,0.0,4,44,m,w
5578,12,0.4,25,60,2497.22,5,57,f,w
5579,0,0.24,47,65,1845.03,1,34,m,y
5580,18,0.15,46,32,3422.21,3,55,f,n
5581,14,0.08,77,24,0.0,8,83,m,n
5582,35,0.16,63,32,0.0,6,70,m,y
5583,1,0.4,45,51,3887.74,3,79,m,y
5584,12,0.28,124,54,641.12,7,60,m,w
5585,0,0.36,163,35,3704.89,6,72,f,n
5586,13,0.41,145,73,0.0,5,44,m,y
5587,3,0.14,123,43,235.94,8,45,f,y
5588,22,0.25,67,71,24128.27,8,25,m,y
5589,2,0.15,92,8,715.96,3,72,m,n
5590,7,0.22,75,71,3203.45,8,78,m,y
5591,2,0.43,104,21,8578.8,10,46,f,y
5592,18,0.45,148,53,12232.3,9,51,m,y
5593,9,0.26,129,61,13193.61,10,43,m,y
5594,3,0.24,12,49,8641.47,3,60,m,y
5595,5,0.41,139,92,5525.6,8,71,m,w
5596,36,0.26,32,83,430.96,8,28,f,y
5597,4,0.19,7,38,1360.06,7,61,f,n
5598,0,0.25,139,59,33563.9,8,50,f,y
5599,27,0.29,66,80,1637.33,1,56,f,y
5600,28,0.21,165,51,0.0,3,61,f,y
5601,8,0.27,162,47,6422.14,6,52,m,n
5602,5,0.32,70,34,5013.48,7,53,f,n
5603,16,0.21,148,43,0.0,7,51,m,y
5604,36,0.32,143,83,16526.95,6,69,m,y
5605,36,0.19,15,45,3029.33,4,61,f,n
5606,10,0.24,15,37,63308.05,5,58,f,y
5607,2,0.25,42,48,954.2,9,35,f,n
5608,7,0.34,37,80,29562.84,1,49,f,y
5609,0,0.19,41,61,1788.2,2,68,m,n
5610,10,0.26,69,36,1842.56,5,55,m,y
5611,1,0.51,148,65,9933.71,5,64,m,y
5612,3,0.29,78,23,3422.86,7,81,f,w
5613,19,0.17,21,41,1009.11,8,70,f,y
5614,7,0.17,110,35,595.65,10,56,m,y
5615,8,0.24,88,39,3686.69,6,47,m,y
5616,1,0.24,179,51,995.31,6,25,m,y
5617,10,0.18,127,43,3164.4,5,52,f,y
5618,12,0.29,177,63,36.51,5,50,f,w
5619,25,0.31,81,75,0.0,8,60,m,n
5620,7,0.42,40,73,8739.5,5,52,f,y
5621,18,0.56,130,40,15484.4,6,50,f,n
5622,11,0.39,56,46,3482.93,3,28,m,y
5623,3,0.24,112,38,0.0,5,40,f,n
5624,1,0.38,10,55,3331.45,9,62,m,y
5625,24,0.33,171,34,9007.74,3,80,m,w
5626,25,0.56,11,70,3503.05,8,53,m,n
5627,2,0.16,147,26,1333.7,7,59,f,y
5628,30,0.24,17,52,21273.48,4,69,f,y
5629,6,0.16,119,29,1792.53,5,42,m,y
5630,2,0.47,119,77,2651.32,8,60,f,y
5631,16,0.4,73,78,778.23,10,43,m,y
5632,9,0.19,112,43,1029.35,7,67,f,y
5633,5,0.48,64,34,567.89,10,57,f,n
5634,5,0.28,23,45,5029.93,10,59,m,n
5635,23,0.17,36,55,365.11,2,43,m,y
5636,3,0.26,40,65,4330.8,8,65,f,y
5637,3,0.37,9,73,2319.36,8,86,m,w
5638,3,0.11,14,7,1973.48,9,39,f,n
5639,22,0.27,114,52,0.0,2,49,f,y
5640,7,0.47,148,99,30241.64,4,58,f,y
5641,26,0.37,47,63,0.0,2,66,m,n
5642,10,0.33,90,63,0.0,4,46,m,n
5643,13,0.29,101,72,335.37,3,25,m,y
5644,5,0.39,117,52,1697.49,7,75,f,n
5645,9,0.23,37,52,795.4,5,66,m,y
5646,2,0.22,85,36,650.38,7,28,m,y
5647,0,0.23,50,71,2370.5,2,45,f,n
5648,1,0.2,10,43,1098.08,4,78,f,y
5649,28,0.34,164,89,6467.76,6,76,m,w
5650,0,0.4,158,75,51973.53,5,69,f,y
5651,4,0.17,6,46,122.21,2,52,f,y
5652,29,0.25,66,43,1973.92,7,56,m,n
5653,4,0.27,72,49,341.14,2,53,m,n
5654,15,0.24,72,36,1759.54,9,71,f,w
5655,1,0.38,175,73,13171.84,7,41,f,y
5656,5,0.46,101,60,11866.74,3,42,m,y
5657,3,0.5,99,39,725.67,6,70,m,w
5658,10,0.23,64,22,1418.43,5,54,m,n
5659,0,0.18,39,35,27903.56,9,75,f,w
5660,11,0.55,117,39,51270.91,3,44,m,y
5661,2,0.16,73,49,1048.36,2,54,m,y
5662,12,0.42,147,51,0.0,2,41,f,y
5663,3,0.25,165,45,7178.32,4,55,f,n
5664,0,0.41,112,75,11420.33,1,32,f,n
5665,0,0.27,86,61,7797.31,9,47,m,n
5666,18,0.22,13,30,0.0,3,33,m,y
5667,21,0.27,168,69,45385.35,5,65,m,y
5668,3,0.51,29,89,7840.29,2,65,f,y
5669,4,0.31,8,90,27020.59,8,29,f,n
5670,21,0.21,86,42,355.16,3,75,m,w
5671,5,0.34,41,78,8229.59,5,92,m,y
5672,9,0.3,109,67,0.0,7,55,f,y
5673,5,0.16,86,46,220.03,2,45,f,y
5674,16,0.17,64,38,442.92,3,95,m,w
5675,24,0.33,99,96,0.0,8,35,f,y
5676,10,0.44,27,89,16637.56,10,55,f,w
5677,2,0.2,170,58,824.03,8,57,f,n
5678,1,0.27,131,67,4833.48,3,75,f,y
5679,0,0.25,17,40,2719.0,10,60,f,y
5680,9,0.32,154,53,252.51,7,47,f,n
5681,12,0.75,148,100,24104.38,2,40,f,y
5682,8,0.18,17,40,0.0,9,49,m,y
5683,0,0.28,91,71,3541.35,8,39,m,n
5684,1,0.63,108,79,23820.16,9,55,f,n
5685,7,0.28,61,41,178.11,9,46,f,n
5686,8,0.23,111,24,3582.59,7,32,f,y
5687,2,0.44,149,52,14666.59,4,73,m,w
5688,4,0.26,38,55,9355.33,5,47,f,y
5689,21,0.26,122,43,16514.8,7,35,m,y
5690,0,0.22,176,37,1036.38,5,52,f,y
5691,2,0.2,54,35,84.33,10,56,m,y
5692,13,0.41,83,62,0.0,8,28,m,w
5693,9,0.25,23,48,2805.09,5,59,m,n
5694,6,0.2,149,44,5277.71,5,39,f,n
5695,7,0.21,173,48,9467.04,5,80,m,w
5696,1,0.26,112,66,4179.01,4,62,m,y
5697,8,0.38,95,66,19481.88,7,49,m,y
5698,4,0.63,84,100,21969.77,2,43,m,n
5699,36,0.33,105,84,157355.22,10,53,f,y
5700,0,0.15,160,31,773.92,4,64,m,y
5701,23,0.14,123,25,0.0,3,54,m,y
5702,2,0.37,125,62,1856.98,10,51,f,y
5703,3,0.4,132,77,41359.69,8,55,f,y
5704,0,0.34,86,83,111468.52,7,45,f,y
5705,8,0.24,147,64,28371.18,3,49,f,y
5706,6,0.35,160,34,2717.35,4,25,f,y
5707,12,0.25,59,65,0.0,4,69,m,y
5708,5,0.15,93,28,2017.97,10,59,f,y
5709,8,0.14,173,21,2284.54,7,43,f,w
5710,24,0.29,178,63,5054.04,8,83,f,w
5711,4,0.33,104,78,48439.06,4,56,f,y
5712,5,0.19,73,59,7837.67,8,39,f,w
5713,5,0.35,173,67,1606.66,1,67,m,w
5714,6,0.26,46,42,21633.01,9,60,m,y
5715,2,0.47,6,80,0.0,7,60,f,y
5716,2,0.21,14,52,7521.85,4,48,f,w
5717,3,0.51,80,67,650.11,8,61,m,n
5718,15,0.15,85,30,0.0,10,51,f,y
5719,13,0.32,98,78,2265.55,2,63,f,n
5720,0,0.15,148,23,151.89,8,26,m,y
5721,13,0.44,64,55,5583.6,10,48,f,y
5722,2,0.26,15,44,13969.17,6,80,f,y
5723,0,0.29,144,69,26275.54,7,43,m,y
5724,4,0.22,35,49,431.35,7,45,f,y
5725,0,0.25,28,71,3065.43,2,48,m,n
5726,2,0.19,27,51,3545.76,2,36,m,y
5727,11,0.27,47,66,4500.19,4,25,m,y
5728,0,0.2,34,42,847.11,6,51,f,y
5729,4,0.41,178,54,729.11,4,57,m,y
5730,1,0.41,166,51,330.18,6,54,m,w
5731,4,0.32,172,66,20710.08,5,52,f,y
5732,16,0.37,70,23,7241.92,6,55,m,y
5733,13,0.35,117,76,0.0,9,70,f,y
5734,4,0.28,91,45,22797.75,6,52,f,y
5735,1,0.7,53,46,5314.3,6,46,f,y
5736,25,0.23,42,59,0.0,8,50,f,y
5737,5,0.29,91,47,179.1,5,63,m,y
5738,1,0.26,166,31,4688.36,5,76,m,y
5739,2,0.25,139,35,4041.8,10,45,f,n
5740,14,0.25,96,69,0.0,1,56,f,y
5741,1,0.39,75,30,9944.71,6,60,m,y
5742,0,0.45,60,72,31875.74,1,40,f,n
5743,2,0.52,177,72,38007.43,8,55,f,n
5744,10,0.25,55,51,0.0,10,33,f,y
5745,4,0.39,59,41,5627.59,9,28,f,w
5746,1,0.26,110,38,200.29,6,60,f,n
5747,18,0.76,21,51,0.0,9,49,f,y
5748,5,0.21,133,51,720.07,2,58,f,y
5749,25,0.23,52,59,54020.0,9,54,m,y
5750,23,0.35,135,78,0.0,4,40,f,y
5751,7,0.27,170,47,7901.95,3,54,f,y
5752,4,0.32,98,85,168214.71,1,36,f,n
5753,4,0.2,28,49,476.74,1,75,f,w
5754,4,0.2,146,56,0.0,8,34,m,y
5755,0,0.38,120,81,3236.78,2,52,f,y
5756,9,0.27,70,62,1562.58,1,39,f,y
5757,3,0.22,53,67,710.64,2,63,m,n
5758,3,0.13,12,24,187.35,3,50,m,n
5759,12,0.32,164,40,0.0,4,47,f,y
5760,31,0.28,178,47,1038.72,9,67,m,y
5761,0,0.33,61,70,13915.07,7,55,m,y
5762,1,0.21,27,46,3101.25,5,62,m,n
5763,0,0.26,68,56,775.86,5,40,f,y
5764,12,0.37,85,49,7849.78,6,33,f,y
5765,10,0.21,33,56,7923.14,1,56,m,y
5766,8,0.2,177,43,2824.85,6,50,f,n
5767,1,0.25,108,32,960.53,6,64,f,y
5768,6,0.36,147,56,304.84,5,53,m,w
5769,7,0.24,90,56,47491.81,10,58,m,y
5770,23,0.3,152,72,6133.78,9,30,f,y
5771,8,0.24,82,62,3419.05,10,83,m,y
5772,16,0.13,7,25,0.0,10,52,f,n
5773,14,0.13,56,25,237.93,5,65,m,n
5774,11,0.29,83,79,37582.68,9,42,m,n
5775,3,0.33,167,44,1700.54,10,59,f,n
5776,16,0.33,87,63,60494.25,7,35,m,n
5777,11,0.11,56,11,205.49,3,61,f,w
5778,10,0.15,152,29,182.09,9,49,m,y
5779,1,0.48,169,42,4470.14,10,55,m,n
5780,20,0.24,123,47,2235.4,7,65,m,w
5781,0,0.29,159,78,118.46,4,36,m,y
5782,2,0.18,168,43,424.19,9,44,m,n
5783,9,0.26,68,63,11883.2,6,61,m,y
5784,1,0.46,109,82,34155.91,9,86,f,y
5785,11,0.32,137,39,7307.12,4,52,f,y
5786,1,0.26,90,69,668.0,10,63,m,y
5787,0,0.22,8,65,438.33,2,53,f,y
5788,0,0.25,10,22,6137.45,9,84,m,w
5789,1,0.18,162,41,1655.49,10,28,m,y
5790,6,0.25,124,49,0.0,4,56,f,y
5791,0,0.57,24,81,15425.65,2,30,m,n
5792,3,0.27,120,46,17190.3,7,25,f,y
5793,1,0.25,150,47,664.88,7,59,m,y
5794,16,0.45,39,26,0.0,5,57,f,y
5795,2,0.28,25,52,4554.04,5,50,f,y
5796,8,0.27,161,59,0.0,8,53,m,y
5797,10,0.25,78,44,1362.6,6,95,m,w
5798,1,0.37,143,77,3315.89,1,51,f,y
5799,1,0.12,154,9,32.78,4,62,f,y
5800,19,0.29,121,88,2631.2,1,45,m,w
5801,1,0.33,9,72,8388.49,5,59,m,n
5802,6,0.39,27,70,30609.49,5,51,m,y
5803,7,0.15,76,12,0.0,4,48,f,n
5804,3,0.31,17,79,2236.81,9,82,f,w
5805,5,0.22,144,65,3361.85,8,72,m,w
5806,2,0.54,155,46,476.41,10,57,m,n
5807,14,0.44,162,44,33274.06,3,25,f,y
5808,1,0.23,66,49,17807.85,5,49,f,y
5809,2,0.58,32,68,486.88,6,95,f,n
5810,5,0.25,89,33,6172.88,5,51,m,n
5811,2,0.2,147,54,5594.64,8,71,f,w
5812,15,0.25,12,53,338.62,5,76,f,y
5813,18,0.45,148,73,224.35,8,58,m,y
5814,13,0.28,179,62,10331.35,10,42,f,w
5815,17,0.24,161,62,1727.66,10,25,f,y
5816,4,0.3,176,38,431.11,3,65,f,y
5817,6,0.15,15,29,884.07,5,42,f,n
5818,8,0.29,8,41,1733.68,4,57,m,y
5819,12,0.41,108,81,5049.43,6,36,m,y
5820,3,0.2,49,23,1976.28,3,51,m,y
5821,0,0.28,59,47,177.27,10,55,f,y
5822,16,0.18,167,28,0.0,4,59,m,y
5823,11,0.32,94,73,193144.68,4,38,f,n
5824,5,0.17,30,36,17894.44,5,72,m,y
5825,0,0.38,75,83,1122.35,6,46,f,n
5826,4,0.32,50,47,1999.92,2,29,f,y
5827,0,0.23,73,60,4381.27,10,53,f,y
5828,6,0.29,31,54,5318.81,8,55,f,n
5829,0,0.21,31,50,46267.07,4,57,f,y
5830,10,0.43,159,74,17891.89,7,75,m,n
5831,1,0.12,117,24,7465.63,7,51,m,y
5832,3,0.27,97,72,24606.17,10,53,m,y
5833,2,0.44,135,87,35565.95,2,38,f,n
5834,1,0.17,46,28,1232.11,7,67,m,n
5835,23,0.47,178,80,20167.38,1,57,f,y
5836,11,0.36,19,69,0.0,2,48,m,n
5837,11,0.27,170,40,350.96,5,26,f,y
5838,3,0.27,135,78,12302.3,8,76,f,y
5839,10,0.35,10,40,35745.88,7,36,f,y
5840,5,0.19,107,40,1409.35,3,46,f,y
5841,4,0.32,135,15,2203.72,10,60,m,y
5842,13,0.4,134,71,6139.34,9,37,m,n
5843,3,0.26,27,57,10064.96,5,32,f,y
5844,0,0.23,46,53,23458.75,3,25,m,y
5845,0,0.26,158,51,125.31,7,65,f,w
5846,14,0.31,51,81,0.0,4,46,f,y
5847,12,0.21,99,45,3105.96,1,95,f,y
5848,6,0.27,14,64,940.81,5,40,m,y
5849,3,0.13,106,41,6543.81,8,41,f,y
5850,2,0.36,52,78,5709.66,4,46,m,y
5851,14,0.15,79,22,1016.56,7,58,m,y
5852,0,0.33,8,77,86673.44,8,47,m,n
5853,15,0.28,13,63,1075.28,9,64,m,n
5854,2,0.32,158,50,55333.87,9,40,m,n
5855,1,0.23,41,23,3615.5,5,34,m,n
5856,21,0.31,48,87,4600.64,6,28,f,y
5857,4,0.26,68,30,11715.98,7,25,m,y
5858,24,0.18,167,35,184.9,10,47,f,n
5859,8,0.37,143,66,5035.87,2,50,m,y
5860,7,0.21,32,49,1437.96,9,45,m,y
5861,3,0.25,94,72,11035.65,1,73,f,n
5862,2,0.33,18,64,9298.26,6,73,f,y
5863,0,0.29,56,61,270.94,6,49,m,n
5864,7,0.8,73,90,4916.99,7,28,m,y
5865,0,0.39,129,85,771.57,2,46,m,w
5866,4,0.26,149,63,0.0,6,46,m,n
5867,15,0.34,145,53,20436.53,6,45,f,y
5868,19,0.25,30,52,4074.98,9,44,f,n
5869,4,0.2,149,65,1479.1,8,45,m,n
5870,3,0.19,108,35,90739.66,5,49,f,n
5871,5,0.44,7,37,18986.41,7,45,m,y
5872,0,0.25,78,62,4537.94,7,58,f,y
5873,0,0.22,128,27,1610.25,5,60,f,y
5874,0,0.55,132,40,1280.08,7,41,f,y
5875,16,0.35,82,74,0.0,3,74,f,w
5876,12,0.25,83,52,4450.38,7,40,f,y
5877,2,0.2,81,21,0.0,6,30,m,y
5878,9,0.19,168,36,23881.26,6,60,f,y
5879,17,0.39,155,78,0.0,2,42,m,n
5880,13,0.32,53,39,774.23,2,59,m,y
5881,1,0.18,119,29,748.69,7,25,f,n
5882,2,0.36,69,68,0.0,1,75,m,w
5883,2,0.34,155,35,1127.16,9,65,f,n
5884,4,0.23,78,42,4340.66,3,32,f,n
5885,5,0.45,52,35,148.09,6,32,f,y
5886,2,0.26,45,31,1132.57,3,80,f,y
5887,15,0.27,111,53,0.0,9,43,m,n
5888,0,0.38,123,78,3798.72,10,42,f,y
5889,5,0.3,8,61,699.82,7,25,m,n
5890,3,0.2,100,58,456.41,1,49,f,y
5891,13,0.24,106,42,411.02,4,51,f,n
5892,23,0.28,139,51,2526.52,5,65,f,y
5893,0,0.16,147,32,2529.21,7,34,f,y
5894,4,0.47,88,67,10861.39,7,32,f,n
5895,4,0.32,87,59,12369.05,5,61,m,y
5896,0,0.25,126,60,8833.75,1,70,m,n
5897,15,0.33,140,43,13132.24,5,31,m,n
5898,1,0.31,162,37,1310.25,5,71,f,w
5899,0,0.21,8,36,11818.98,4,55,f,n
5900,18,0.23,18,41,0.0,6,71,f,y
5901,2,0.3,169,78,1345.05,8,53,f,n
5902,6,0.27,110,68,2693.46,10,25,f,y
5903,6,0.38,94,67,3279.77,5,52,m,y
5904,36,0.19,97,54,657.44,8,70,m,n
5905,13,0.21,171,52,6718.45,5,41,m,n
5906,2,0.31,80,51,20744.43,3,49,f,y
5907,7,0.24,65,76,15223.22,8,52,m,y
5908,0,0.37,131,39,934.42,4,25,f,n
5909,6,0.18,78,29,451.09,3,80,f,y
5910,20,0.18,27,35,606.9,3,41,m,n
5911,0,0.22,154,38,512.07,6,62,m,n
5912,0,0.31,128,81,21326.16,8,53,m,y
5913,0,0.14,38,24,14359.81,10,73,m,y
5914,6,0.4,9,44,0.0,5,61,f,y
5915,3,0.25,177,74,792.25,1,51,m,w
5916,0,0.2,134,40,182.19,1,41,f,n
5917,2,0.24,155,32,11978.42,3,66,f,y
5918,18,0.33,64,57,668.61,6,26,m,y
5919,3,0.3,42,74,30927.07,2,64,f,n
5920,1,0.19,156,52,2207.98,1,38,f,y
5921,3,0.22,166,53,4838.34,7,73,f,w
5922,3,0.62,118,100,63118.17,2,57,m,y
5923,8,0.38,155,70,1075.65,8,64,m,n
5924,2,0.25,132,70,5368.37,2,56,m,n
5925,0,0.18,123,55,22133.75,1,28,m,y
5926,11,0.47,145,14,1327.43,10,42,f,n
5927,5,0.33,117,39,15996.08,2,65,f,y
5928,1,0.19,151,29,720.09,2,57,f,y
5929,4,0.37,130,82,3419413.39,7,72,m,y
5930,4,0.24,105,66,1604.58,1,61,m,n
5931,18,0.31,6,71,0.0,3,40,f,n
5932,0,0.29,126,13,305.11,5,43,m,n
5933,21,0.22,94,27,357.72,7,56,m,n
5934,0,0.4,25,40,1635.27,6,25,f,y
5935,34,0.39,22,61,1295.51,8,80,m,y
5936,5,0.23,155,56,1494.4,1,61,f,y
5937,4,0.25,119,61,7745.48,7,73,m,w
5938,10,0.42,166,28,4190.11,9,31,f,w
5939,0,0.37,31,54,4160.76,7,73,f,y
5940,14,0.13,32,12,814.14,6,88,m,w
5941,18,0.39,167,41,0.0,9,35,f,n
5942,0,0.26,92,55,52240.6,4,66,f,y
5943,5,0.33,85,59,16769.26,10,55,f,y
5944,3,0.3,60,71,0.0,6,31,m,n
5945,10,0.34,66,17,0.0,6,62,f,y
5946,11,0.16,19,36,6351.85,10,67,m,w
5947,7,0.3,131,45,3368.41,3,45,f,y
5948,13,0.17,114,32,3183.82,7,72,f,y
5949,8,0.24,127,76,5934.25,1,29,f,y
5950,5,0.29,56,65,3541.83,8,32,f,n
5951,6,0.24,118,33,681.22,8,57,m,y
5952,2,0.63,160,49,200.09,8,55,m,n
5953,4,0.18,173,39,404.34,9,44,f,n
5954,21,0.24,73,55,6217.38,4,67,f,y
5955,11,0.53,14,30,269.25,6,62,m,n
5956,2,0.28,44,67,23675.14,7,67,f,y
5957,0,0.22,148,39,236.32,2,53,f,n
5958,0,0.29,94,43,1681.85,6,64,f,y
5959,15,0.43,23,86,10952.81,8,48,m,n
5960,14,0.28,57,61,7187.86,4,85,m,w
5961,3,0.24,42,58,5218.67,5,42,f,n
5962,0,0.17,85,55,1719.84,8,86,f,y
5963,4,0.14,145,28,16801.16,3,55,f,n
5964,3,0.26,158,43,539.62,6,34,m,y
5965,1,0.26,84,71,868.42,1,75,f,y
5966,1,0.35,30,42,2739.86,4,56,f,y
5967,7,0.27,154,55,16129.82,6,67,m,y
5968,10,0.3,127,59,636.84,3,73,f,w
5969,6,0.58,93,90,12643.95,1,60,f,n
5970,1,0.29,140,54,1521.14,6,46,f,y
5971,2,0.34,44,45,13090.1,3,69,f,n
5972,9,0.35,80,66,1392.29,8,55,f,y
5973,0,0.27,102,65,3397.5,7,65,f,n
5974,9,0.26,54,43,431.64,7,25,f,n
5975,15,0.26,167,79,3500.41,8,61,f,n
5976,12,0.3,149,74,2048.85,7,45,m,y
5977,6,0.5,101,41,0.0,5,79,f,w
5978,17,0.33,148,86,7657.95,10,64,f,y
5979,0,0.43,45,35,362.49,8,58,m,n
5980,6,0.32,12,63,483.4,8,62,f,y
5981,11,0.33,106,43,979.69,8,40,m,n
5982,4,0.19,45,37,0.0,10,79,f,y
5983,35,0.24,75,47,0.0,6,84,m,n
5984,0,0.34,108,52,223.61,2,60,m,y
5985,3,0.25,97,29,2192.41,8,78,f,w
5986,17,0.27,27,30,0.0,10,46,f,n
5987,1,0.25,106,71,1029.97,1,43,f,n
5988,4,0.2,138,28,820.29,9,55,f,n
5989,10,0.2,151,29,3712.79,9,61,f,y
5990,5,0.5,16,52,807.81,6,49,f,n
5991,3,0.3,124,47,2485.23,10,63,f,y
5992,0,0.17,13,27,1760.53,6,59,f,n
5993,12,0.23,25,36,218.28,6,40,m,n
5994,9,0.41,64,47,1329.46,4,62,f,y
5995,19,0.32,96,64,315.65,1,67,m,n
5996,18,0.24,158,47,0.0,1,57,f,n
5997,15,0.24,120,51,311.02,1,72,m,n
5998,3,0.33,24,71,312.15,5,36,f,y
5999,4,0.35,130,81,6645.15,7,62,f,y
6000,20,0.41,135,61,4637.31,1,37,f,w
6001,1,0.16,111,50,952.25,1,38,f,y
6002,0,0.17,71,27,29214.14,6,45,f,n
6003,8,0.24,12,37,619.71,2,40,m,y
6004,3,0.29,56,26,21006.59,2,46,f,y
6005,1,0.45,100,17,296.83,7,51,m,n
6006,4,0.59,166,80,8167.75,9,67,f,y
6007,2,0.28,80,75,1564.23,8,50,m,w
6008,2,0.52,109,100,82640.13,2,31,f,n
6009,1,0.26,18,45,29656.66,7,72,f,n
6010,11,0.25,143,52,16421.9,5,42,f,y
6011,26,0.37,118,26,866.19,10,54,f,w
6012,8,0.34,64,66,1969.52,4,61,f,y
6013,6,0.45,43,83,3690.85,10,57,m,y
6014,17,0.19,25,38,0.0,4,71,f,y
6015,0,0.22,19,40,13459.83,4,62,f,y
6016,1,0.13,45,25,1528.42,9,42,m,n
6017,4,0.16,140,32,5066.79,7,87,m,w
6018,0,0.32,11,56,111561.68,7,57,m,y
6019,4,0.17,173,30,143.05,4,52,f,y
6020,3,0.17,14,21,184.57,9,69,m,n
6021,23,0.18,111,42,2003.55,8,58,m,y
6022,1,0.31,70,38,4394.94,10,60,m,y
6023,5,0.21,153,26,592.78,4,92,f,y
6024,0,0.29,139,43,9858.03,6,50,f,y
6025,12,0.19,101,41,434.57,4,50,f,y
6026,11,0.3,44,68,0.0,1,56,f,y
6027,27,0.4,128,84,12067.57,5,71,m,n
6028,3,0.22,26,31,614.08,10,32,m,y
6029,36,0.16,42,34,339.47,3,25,f,n
6030,9,0.33,17,60,4966.75,1,46,m,w
6031,0,0.24,20,52,1261.43,2,30,m,w
6032,0,0.25,154,54,25720.18,2,48,f,n
6033,1,0.43,90,78,3990.87,8,62,m,y
6034,0,0.27,97,65,16854.26,4,41,f,y
6035,9,0.2,105,25,51.43,3,33,m,n
6036,25,0.31,179,42,0.0,4,56,f,y
6037,0,0.51,114,74,6142.16,10,67,m,y
6038,1,0.37,91,60,1325.77,1,29,m,n
6039,25,0.43,143,91,55274.24,1,67,m,y
6040,2,0.29,87,11,1056.87,5,67,f,n
6041,15,0.23,71,49,4935.7,7,69,f,n
6042,1,0.3,123,62,5572.78,9,73,m,w
6043,27,0.71,122,89,102695.09,7,88,f,w
6044,3,0.32,172,90,8254.19,5,49,f,y
6045,9,0.65,27,45,1090.07,3,56,f,n
6046,23,0.16,91,49,0.0,8,48,f,y
6047,2,0.46,175,57,175747.81,7,55,m,n
6048,4,0.23,139,33,277.37,4,77,f,y
6049,2,0.27,115,75,346.41,1,34,f,n
6050,5,0.52,170,58,1506.64,3,42,m,w
6051,18,0.35,11,85,18137.44,8,75,m,y
6052,1,0.5,78,92,35863.56,2,70,f,y
6053,5,0.21,162,37,11906.37,9,49,f,y
6054,1,0.38,106,73,1713.89,4,67,f,y
6055,4,0.23,82,45,2712.07,7,60,f,y
6056,1,0.7,32,58,7465.14,10,77,f,w
6057,2,0.22,170,29,173.44,7,56,m,y
6058,5,0.33,179,68,25511.19,8,70,m,y
6059,10,0.13,103,14,1412.97,7,94,m,w
6060,1,0.35,30,51,2021.1,4,63,m,y
6061,12,0.23,170,42,45.88,7,55,m,y
6062,35,0.39,156,37,0.0,5,65,f,n
6063,2,0.35,159,72,11097.28,10,49,f,n
6064,1,0.18,81,26,377.19,7,90,f,y
6065,0,0.3,125,24,2698.56,3,57,f,y
6066,1,0.25,8,37,854.95,10,50,f,y
6067,7,0.33,78,42,17173.03,7,42,f,y
6068,14,0.33,116,52,1918.19,7,71,f,y
6069,0,0.33,84,88,4667.21,2,68,m,n
6070,7,0.27,77,54,0.0,8,47,m,n
6071,1,0.33,161,47,796.75,7,63,f,y
6072,12,0.34,39,56,5952.85,9,32,m,n
6073,1,0.19,89,35,973.89,4,57,f,y
6074,0,0.34,70,81,9478.24,9,61,m,y
6075,31,0.54,34,79,1913.98,1,80,f,w
6076,5,0.28,9,64,780.75,5,43,f,n
6077,3,0.32,124,34,1637.96,10,35,m,y
6078,6,0.13,171,20,4422.31,7,41,f,y
6079,6,0.22,135,41,386.91,4,34,m,n
6080,0,0.27,118,58,15860.81,7,75,m,y
6081,3,0.27,97,42,1083.04,9,78,m,y
6082,7,0.49,81,60,5708.82,5,59,f,y
6083,23,0.24,130,22,686.2,5,73,m,n
6084,8,0.21,49,63,8715.0,2,57,f,y
6085,1,0.27,119,32,9370.86,5,53,m,w
6086,0,0.19,110,60,3347.33,8,50,m,y
6087,12,0.28,100,39,2547.96,4,50,f,y
6088,14,0.38,122,56,0.0,2,31,m,n
6089,1,0.36,106,100,10564.61,8,58,m,y
6090,3,0.34,37,56,746.54,4,54,m,y
6091,12,0.21,136,21,12348.5,5,66,f,y
6092,9,0.19,22,42,0.0,7,56,f,y
6093,1,0.22,124,43,2261.25,5,52,m,n
6094,8,0.35,145,61,47563.2,10,41,m,y
6095,9,0.33,69,94,52574.42,4,56,m,w
6096,36,0.17,83,14,0.0,7,66,m,n
6097,17,0.22,46,29,0.0,4,37,f,y
6098,0,0.35,7,50,2625.68,10,56,f,y
6099,0,0.58,39,50,811.8,4,58,f,y
6100,4,0.19,130,59,556.49,2,44,m,y
6101,3,0.28,93,73,7181.81,5,46,f,n
6102,0,0.16,117,38,441.42,8,58,f,y
6103,11,0.27,45,46,0.0,4,37,f,n
6104,2,0.14,60,44,750.72,2,60,f,y
6105,15,0.14,131,17,19800.16,9,41,f,y
6106,3,0.18,79,40,550.01,6,70,f,y
6107,10,0.29,10,46,5023.9,3,90,m,y
6108,1,0.26,61,30,2275.12,10,42,f,n
6109,5,0.28,123,75,2591.82,5,63,m,n
6110,6,0.43,154,37,1479.87,6,44,f,y
6111,4,0.32,63,47,702.93,9,70,f,w
6112,12,0.17,98,25,0.0,5,36,f,n
6113,8,0.26,36,26,0.0,9,62,m,n
6114,6,0.15,179,27,45.46,1,41,m,n
6115,2,0.3,160,46,1033.31,10,51,m,n
6116,5,0.3,112,64,21381.52,4,39,f,n
6117,9,0.25,164,61,0.0,1,67,f,y
6118,22,0.11,174,28,0.0,2,42,f,y
6119,1,0.42,50,71,1507.64,2,63,m,y
6120,16,0.4,169,36,311.89,10,49,f,n
6121,1,0.36,7,86,10684.15,5,53,f,y
6122,9,0.22,67,57,3115.65,1,57,m,w
6123,8,0.21,154,47,4116.32,10,43,f,y
6124,16,0.24,167,49,230.76,3,58,f,n
6125,0,0.32,91,37,1043.04,6,77,f,w
6126,17,0.32,18,87,11477.39,1,43,f,n
6127,3,0.4,24,79,10300.68,1,72,m,w
6128,5,0.34,166,32,159.92,3,77,f,y
6129,15,0.2,129,37,17043.22,9,42,f,y
6130,6,0.67,107,72,128262.09,2,33,f,w
6131,3,0.23,109,30,5926.22,6,59,f,y
6132,12,0.21,54,39,0.0,3,46,f,y
6133,0,0.1,8,14,2805.38,6,83,f,y
6134,8,0.38,171,98,3850.14,7,55,f,y
6135,0,0.11,76,14,88.76,7,42,m,n
6136,0,0.39,20,80,2183.69,2,37,m,n
6137,26,0.22,43,48,1349.35,3,71,m,w
6138,5,0.31,158,72,9978.49,4,46,f,y
6139,0,0.3,66,84,10162.19,8,55,f,y
6140,17,0.27,15,44,3262.45,5,69,m,w
6141,1,0.27,105,75,2670.24,1,47,m,w
6142,0,0.25,106,62,4566.11,9,54,f,w
6143,3,0.32,128,72,2124.19,1,54,f,n
6144,1,0.39,47,100,1782.06,2,65,f,y
6145,0,0.26,179,24,10016.19,7,63,m,y
6146,2,0.24,45,52,5004.93,3,51,m,n
6147,0,0.41,29,53,840.51,6,55,f,n
6148,3,0.25,74,65,1672.63,8,49,m,n
6149,19,0.24,90,31,58496.86,5,32,m,y
6150,2,0.78,173,99,44521.29,1,58,m,n
6151,10,0.3,153,44,0.0,10,83,m,y
6152,0,0.36,34,79,13983.73,3,41,m,y
6153,0,0.22,42,62,7682.32,2,43,f,y
6154,2,0.24,25,46,1176.72,6,41,m,n
6155,10,0.19,151,45,2052.19,5,65,m,y
6156,2,0.18,9,34,4796.21,7,61,f,y
6157,0,0.22,144,59,7339.49,2,52,f,y
6158,3,0.42,91,63,6612.39,6,41,f,n
6159,8,0.3,57,81,163518.88,5,56,f,y
6160,10,0.29,48,62,45040.33,6,31,f,n
6161,0,0.25,147,42,928.35,5,57,f,y
6162,1,0.47,127,36,552.38,7,68,f,y
6163,0,0.26,178,56,6833.77,5,36,f,n
6164,21,0.62,161,60,14706.36,7,32,f,y
6165,4,0.23,137,51,1944.04,1,78,m,y
6166,0,0.26,149,28,399.88,9,45,f,n
6167,8,0.15,171,31,15987.8,6,72,f,w
6168,9,0.24,156,26,46.17,9,52,f,y
6169,3,0.18,82,56,955.14,1,52,m,y
6170,0,0.23,153,51,1458.43,2,61,m,n
6171,36,0.24,88,49,0.0,7,41,f,n
6172,2,0.32,154,77,14617.41,4,56,m,y
6173,0,0.2,175,48,8044.8,10,49,f,y
6174,26,0.3,74,59,0.0,1,35,f,n
6175,1,0.31,19,60,4098.76,5,60,f,y
6176,8,0.26,75,55,410.83,4,51,f,n
6177,5,0.56,10,45,331.06,6,52,f,n
6178,12,0.18,157,42,589.59,7,36,f,y
6179,0,0.31,162,52,9025.24,3,78,f,w
6180,11,0.19,7,25,2664.12,6,68,f,y
6181,4,0.51,11,100,445418.37,2,69,f,y
6182,1,0.33,39,44,7006.54,10,50,f,n
6183,8,0.24,27,56,5974.56,4,29,f,n
6184,18,0.22,137,40,0.0,10,84,m,y
6185,3,0.39,118,73,5512.16,9,54,m,y
6186,11,0.21,139,34,4512.71,7,43,m,y
6187,1,0.26,72,47,14485.58,2,61,m,y
6188,36,0.52,82,91,0.0,6,72,f,w
6189,9,0.36,95,61,420.77,4,54,m,n
6190,6,0.24,121,51,5378.2,8,74,f,y
6191,5,0.33,92,57,1799.42,8,71,m,y
6192,8,0.34,73,43,783.96,1,38,m,y
6193,12,0.24,167,62,1846.41,8,44,m,y
6194,1,0.34,106,32,918.65,10,69,f,y
6195,8,0.41,167,66,2740.57,7,25,m,y
6196,20,0.28,62,75,8628.53,1,52,m,y
6197,2,0.19,170,46,37635.24,3,33,f,n
6198,11,0.47,139,64,10266.96,5,47,m,n
6199,0,0.22,76,47,572.47,3,50,m,y
6200,18,0.48,178,74,0.0,3,49,f,n
6201,0,0.38,174,84,2808.3,1,46,m,n
6202,0,0.66,108,65,1579.49,8,38,m,w
6203,3,0.18,138,36,6800.48,9,89,m,w
6204,6,0.22,65,45,4395.75,5,83,m,w
6205,4,0.15,150,46,602.58,1,37,f,n
6206,1,0.62,114,54,399.74,1,78,m,y
6207,12,0.29,106,47,2797.73,9,49,f,n
6208,9,0.14,14,36,557.4,1,56,f,n
6209,16,0.36,137,80,0.0,9,54,m,y
6210,0,0.55,175,50,1872.7,3,45,f,n
6211,3,0.23,179,45,37523.86,3,69,m,y
6212,1,0.42,79,69,62292.01,4,56,m,y
6213,8,0.29,101,75,3698.98,5,47,m,y
6214,29,0.33,134,51,11548.02,6,35,m,n
6215,2,0.31,92,69,72550.02,6,41,f,n
6216,15,0.19,120,38,1817.31,10,30,m,n
6217,16,0.5,150,80,5321.03,9,55,f,n
6218,2,0.22,121,45,124.88,1,37,f,y
6219,0,0.14,133,13,368.34,9,51,m,w
6220,16,0.34,96,81,0.0,4,75,f,y
6221,12,0.23,84,56,11159.75,7,72,f,w
6222,7,0.22,123,35,280.73,6,54,m,y
6223,3,0.29,12,37,440.15,9,53,m,y
6224,1,0.48,138,100,3687.45,2,83,m,w
6225,3,0.3,121,40,10130.2,2,62,f,n
6226,0,0.37,108,45,810.08,7,50,f,y
6227,13,0.33,58,29,196.54,9,33,m,n
6228,1,0.23,124,40,9587.38,5,60,f,y
6229,1,0.25,8,47,8811.63,7,67,f,y
6230,17,0.23,67,71,9477.67,8,45,f,n
6231,9,0.33,37,98,9328.35,8,59,m,y
6232,2,0.2,7,42,4146.38,4,49,m,n
6233,2,0.21,85,22,209.91,10,52,m,y
6234,16,0.17,129,28,0.0,7,25,f,n
6235,7,0.17,86,31,3183.44,1,51,f,y
6236,4,0.31,58,71,11791.1,4,69,f,y
6237,18,0.39,145,39,2178.65,5,45,m,n
6238,1,0.29,129,62,7126.84,10,55,m,n
6239,6,0.46,138,75,17920.74,7,43,f,w
6240,21,0.22,9,55,3157.11,6,60,f,n
6241,5,0.15,61,31,4548.09,4,51,f,n
6242,2,0.43,85,83,2655.12,3,40,m,y
6243,36,0.21,50,12,1184.23,6,74,m,y
6244,5,0.09,153,14,4076.79,10,68,f,y
6245,4,0.23,58,39,3016.93,5,45,f,y
6246,3,0.18,78,42,604.14,3,62,f,n
6247,3,0.25,21,59,7538.54,4,63,f,y
6248,1,0.45,98,37,27325.87,2,64,f,y
6249,12,0.3,118,68,0.0,9,29,m,y
6250,4,0.25,35,47,4823.22,7,70,f,y
6251,6,0.35,25,63,2399.47,10,46,f,y
6252,8,0.46,111,52,38485.49,3,49,f,n
6253,5,0.25,92,77,4327.8,8,94,m,y
6254,2,0.26,41,75,1166.34,8,59,m,n
6255,12,0.18,27,32,99.46,1,49,f,n
6256,6,0.3,134,46,5090.01,5,25,m,n
6257,1,0.22,26,37,863.52,5,75,m,w
6258,2,0.29,10,45,3412.16,3,34,m,n
6259,1,0.17,125,54,3464.3,2,39,f,y
6260,5,0.37,173,100,2439.29,1,50,f,y
6261,0,0.33,87,32,420.76,4,76,m,w
6262,7,0.27,84,27,6240.24,10,66,f,y
6263,16,0.32,50,72,1491.99,2,52,m,y
6264,9,0.37,164,81,0.0,5,59,f,y
6265,2,0.14,148,22,123.58,10,45,f,n
6266,5,0.15,63,37,293.38,2,57,f,y
6267,2,0.58,50,82,5189.06,1,56,m,n
6268,3,0.22,175,55,7808.44,10,69,f,y
6269,10,0.33,157,75,939.52,10,69,f,y
6270,6,0.21,43,54,20316.81,10,62,f,y
6271,1,0.34,56,84,7856.29,10,49,m,n
6272,10,0.28,29,64,4137.99,9,66,m,y
6273,34,0.29,96,92,0.0,2,53,f,y
6274,12,0.2,166,48,0.0,10,38,m,y
6275,4,0.36,152,38,1789.83,4,48,m,n
6276,2,0.35,30,87,464.46,3,56,f,y
6277,2,0.32,75,76,3184.54,1,68,m,y
6278,0,0.34,54,64,23380.68,8,52,f,y
6279,2,0.2,22,40,547.1,2,36,m,n
6280,8,0.34,154,94,1566.98,8,55,f,y
6281,10,0.21,48,46,21.66,1,56,f,y
6282,6,0.37,87,48,0.0,6,57,f,w
6283,17,0.24,155,39,0.0,4,68,f,y
6284,1,0.23,68,53,13309.27,3,70,m,n
6285,6,0.21,29,63,321.2,1,46,f,y
6286,1,0.3,38,60,9123.61,10,45,f,n
6287,2,0.27,22,82,2852.73,1,39,m,n
6288,20,0.47,49,88,5194.57,7,65,f,y
6289,24,0.35,158,30,3506.82,6,76,m,w
6290,1,0.36,112,99,28571.41,3,50,f,y
6291,4,0.33,104,90,3374.39,2,51,m,y
6292,11,0.35,34,54,941.92,10,77,f,y
6293,8,0.2,17,47,12097.28,3,62,f,n
6294,9,0.27,105,59,832.22,8,61,m,n
6295,7,0.28,132,49,499.9,7,37,f,n
6296,1,0.3,142,33,749.26,7,65,m,w
6297,12,0.41,91,17,573.04,5,41,m,y
6298,8,0.21,58,31,0.0,10,37,m,n
6299,6,0.22,66,46,103.34,3,49,m,n
6300,0,0.28,164,91,62398.79,1,46,m,w
6301,1,0.38,118,69,4464.97,1,51,f,y
6302,11,0.2,53,43,8403.11,6,33,f,w
6303,3,0.39,113,50,1391.54,4,69,f,y
6304,6,0.24,84,30,1826.77,7,71,m,w
6305,16,0.2,52,43,2835.3,10,25,f,n
6306,1,0.24,166,43,1091.97,10,69,f,n
6307,1,0.3,72,49,707.14,10,42,m,y
6308,4,0.26,69,54,1782.25,1,67,f,y
6309,8,0.13,127,27,1641.41,6,53,f,y
6310,1,0.27,150,45,1113.97,7,55,f,y
6311,6,0.41,49,55,1312.32,1,52,m,n
6312,9,0.27,10,56,4262.32,2,73,m,w
6313,2,0.28,99,50,7912.51,9,36,f,y
6314,3,0.25,84,18,7366.76,9,64,f,y
6315,16,0.29,44,54,0.0,6,71,m,y
6316,1,0.31,175,43,1447.33,4,65,m,y
6317,11,0.27,107,66,23726.24,7,89,f,w
6318,1,0.42,97,39,642.03,5,47,f,n
6319,4,0.29,26,60,0.0,3,69,f,w
6320,10,0.22,79,40,436.45,4,53,m,y
6321,3,0.42,33,93,18677.21,2,73,m,y
6322,0,0.27,154,44,4107.73,6,54,m,y
6323,3,0.24,118,54,3482.37,3,49,m,n
6324,2,0.31,33,76,8809.18,7,74,m,w
6325,1,0.26,91,37,306.91,4,47,f,y
6326,7,0.16,107,36,6573.86,8,33,f,y
6327,0,0.29,24,76,857.74,1,47,f,n
6328,15,0.26,68,33,765.66,9,64,m,n
6329,11,0.43,121,96,0.0,3,75,m,y
6330,11,0.2,43,43,639.05,3,56,m,n
6331,10,0.56,51,99,7814.75,5,74,m,y
6332,2,0.36,157,89,64506.42,10,34,f,n
6333,1,0.39,97,92,12670.99,1,48,m,y
6334,36,0.47,178,56,15186.72,3,50,m,y
6335,36,0.15,14,14,985.24,4,53,m,y
6336,23,0.3,14,76,0.0,2,56,m,y
6337,9,0.25,26,30,1457.34,6,65,f,y
6338,4,0.26,29,57,1708.16,10,48,m,n
6339,1,0.3,100,70,9004.69,4,57,f,y
6340,6,0.37,98,93,0.0,1,54,f,n
6341,2,0.23,45,49,629.52,3,41,m,y
6342,1,0.3,137,71,1589093.67,7,53,m,y
6343,11,0.38,136,56,9235.31,3,52,f,w
6344,0,0.21,146,51,1918.29,6,52,f,n
6345,12,0.24,26,62,0.0,6,55,m,y
6346,2,0.38,13,100,40157.55,1,56,m,y
6347,0,0.42,125,99,6116.6,2,48,m,n
6348,1,0.25,115,53,3317.26,10,74,m,y
6349,15,0.27,134,41,3210.5,6,37,m,n
6350,5,0.32,19,94,13877.17,2,44,m,n
6351,11,0.13,81,40,0.0,2,95,m,y
6352,2,0.48,41,100,53861.08,4,39,m,y
6353,20,0.3,155,73,0.0,8,34,m,n
6354,18,0.38,122,74,0.0,6,66,f,y
6355,3,0.21,169,62,1293.34,8,25,f,y
6356,15,0.18,50,11,0.0,4,51,f,n
6357,2,0.42,149,67,4477.34,3,87,m,w
6358,30,0.26,16,65,0.0,7,31,f,y
6359,5,0.22,72,45,380.86,7,25,m,n
6360,6,0.37,103,69,8121.81,2,32,f,n
6361,0,0.28,158,56,6612.97,1,68,m,y
6362,11,0.16,95,45,3770.48,8,71,m,y
6363,2,0.17,164,30,5626.23,3,47,f,n
6364,1,0.47,118,60,6767.75,6,65,f,y
6365,3,0.24,95,49,595.61,7,75,f,n
6366,3,0.18,94,56,2434.02,8,81,m,w
6367,1,0.25,16,32,2355.64,6,51,m,y
6368,12,0.13,85,10,323.57,7,25,m,n
6369,10,0.3,89,40,34982.6,5,42,f,n
6370,2,0.23,111,56,43330.29,3,48,f,y
6371,5,0.35,121,100,4119.18,2,51,f,y
6372,2,0.2,171,35,835.68,7,52,m,y
6373,0,0.27,7,61,1041.92,8,71,f,w
6374,4,0.31,59,94,475.89,8,74,m,w
6375,3,0.18,98,31,1615.37,3,52,m,y
6376,17,0.31,12,52,1533.17,2,71,f,w
6377,8,0.27,45,66,20542.0,9,60,f,y
6378,11,0.25,50,52,16841.52,6,55,m,y
6379,8,0.24,137,46,4100.76,10,68,m,y
6380,2,0.23,112,51,3542.93,3,56,m,y
6381,13,0.4,39,48,674.55,5,85,m,w
6382,9,0.26,13,60,268.77,1,33,m,y
6383,0,0.26,37,70,1623.4,2,47,m,y
6384,4,0.29,151,31,3294.13,9,53,m,y
6385,0,0.16,173,35,4101.15,10,61,f,n
6386,3,0.76,80,27,19277.37,10,74,f,w
6387,7,0.53,42,51,2368.37,3,54,f,n
6388,5,0.16,41,50,0.0,8,33,f,y
6389,5,0.34,15,24,1263.36,10,67,f,y
6390,1,0.18,75,46,4042.59,8,66,m,y
6391,0,0.28,123,74,9194.27,5,25,m,y
6392,4,0.24,167,50,992.48,8,54,f,n
6393,4,0.44,100,79,21900.16,2,31,f,y
6394,10,0.24,77,73,1268.19,2,45,f,y
6395,1,0.49,150,29,733.86,4,41,f,y
6396,3,0.2,128,53,952.17,8,67,m,y
6397,3,0.26,66,58,1872.96,2,56,m,y
6398,4,0.27,151,36,0.0,4,35,m,y
6399,1,0.29,41,81,5970.0,8,68,m,y
6400,8,0.4,166,46,7927.19,3,33,m,n
6401,3,0.71,156,71,45811.99,8,59,m,y
6402,6,0.18,43,42,830.88,2,42,m,n
6403,0,0.32,163,99,15683.19,1,49,m,n
6404,9,0.47,149,69,19630.97,6,62,m,n
6405,8,0.33,109,83,48405.1,8,62,m,y
6406,4,0.36,97,58,0.0,9,75,m,y
6407,4,0.19,11,31,6264.62,10,53,m,n
6408,2,0.22,138,66,3396.53,8,59,f,y
6409,2,0.32,97,39,1303.01,2,48,f,y
6410,22,0.26,6,62,735.13,1,57,m,y
6411,0,0.36,19,100,11553.95,7,61,m,n
6412,6,0.21,88,47,6135.9,7,53,f,w
6413,2,0.34,36,53,6088.27,3,27,f,y
6414,3,0.44,126,59,1166.25,6,59,f,y
6415,5,0.27,84,62,3800.32,7,60,m,w
6416,4,0.2,152,39,1443.44,9,44,f,y
6417,1,0.21,107,64,7950.14,1,35,f,y
6418,2,0.26,37,52,859.25,3,77,f,y
6419,0,0.36,62,28,1016.45,5,62,m,w
6420,3,0.18,36,37,494.59,3,51,f,y
6421,18,0.32,63,56,4119.96,8,37,f,y
6422,5,0.23,159,53,844.08,10,42,f,y
6423,6,0.22,53,50,0.0,6,74,m,w
6424,4,0.17,128,54,764.3,2,57,f,w
6425,17,0.37,46,84,31509.9,1,46,m,y
6426,4,0.21,158,36,0.0,10,62,m,w
6427,11,0.5,126,30,657.46,5,42,f,y
6428,11,0.17,66,39,2908.75,9,77,m,y
6429,5,0.22,137,54,2910.08,10,75,f,w
6430,8,0.21,164,43,29970.18,9,48,f,n
6431,4,0.18,125,32,8597.97,1,45,m,y
6432,11,0.32,101,45,480.84,3,25,f,y
6433,15,0.17,117,28,2009.25,6,32,f,n
6434,17,0.24,46,51,4745.33,5,34,m,n
6435,0,0.32,31,47,460.96,4,57,f,w
6436,3,0.18,24,44,1702.9,2,50,m,n
6437,2,0.29,92,45,301.69,4,34,m,n
6438,14,0.18,30,31,0.0,5,50,m,n
6439,8,0.57,52,30,1297.03,2,62,m,n
6440,4,0.45,13,51,34813.7,10,62,m,n
6441,3,0.32,8,77,4332.8,1,26,f,y
6442,0,0.57,38,64,2560.4,7,53,f,y
6443,17,0.13,117,0,838.93,7,34,f,y
6444,12,0.45,161,86,26436.91,8,68,m,n
6445,4,0.5,27,50,0.0,10,66,f,y
6446,0,0.53,104,35,1633.22,6,41,m,y
6447,17,0.5,103,46,1811.81,1,43,m,y
6448,2,0.35,35,47,2013.06,8,48,m,y
6449,3,0.33,52,92,16574.52,2,25,m,n
6450,17,0.67,169,46,0.0,3,60,m,y
6451,6,0.36,64,68,0.0,8,50,f,y
6452,5,0.35,19,35,2235.69,4,69,f,n
6453,4,0.38,78,55,10494.06,5,38,m,n
6454,6,0.25,110,38,0.0,9,45,m,y
6455,1,0.16,19,10,939.29,7,32,m,y
6456,2,0.26,157,51,2850.62,10,39,f,n
6457,0,0.27,54,68,3371.09,7,37,f,y
6458,20,0.28,176,60,2554.79,1,69,f,w
6459,17,0.22,8,60,0.0,1,44,f,y
6460,7,0.14,28,39,0.0,8,56,m,y
6461,4,0.22,153,46,9323.32,10,49,f,y
6462,7,0.24,114,61,1648.4,1,35,m,y
6463,4,0.2,148,50,601.85,10,52,m,w
6464,15,0.28,48,78,634.4,2,63,f,w
6465,6,0.21,76,21,7977.18,4,36,m,w
6466,12,0.2,166,43,2150.42,9,67,f,w
6467,1,0.23,60,53,5281.89,7,42,m,n
6468,20,0.21,131,48,0.0,7,47,f,n
6469,0,0.16,87,29,662.47,10,62,m,n
6470,11,0.15,46,34,1724.64,7,45,m,y
6471,4,0.53,151,32,3185.17,5,55,f,y
6472,8,0.17,136,51,0.0,1,50,f,n
6473,17,0.27,8,31,15.35,5,56,f,w
6474,5,0.36,105,100,38117.41,8,25,f,n
6475,21,0.28,149,53,0.0,7,27,f,n
6476,2,0.23,176,46,21714.24,7,64,f,y
6477,17,0.5,28,46,2557.66,2,70,m,n
6478,4,0.3,148,85,2015.43,1,41,m,w
6479,5,0.21,132,35,1090.67,4,51,m,y
6480,4,0.68,63,74,1506.78,8,59,f,w
6481,1,0.2,173,61,47987.34,1,65,m,y
6482,9,0.23,123,64,7755.43,2,25,f,n
6483,6,0.31,171,72,3299.8,7,41,f,n
6484,13,0.21,122,33,453.89,5,50,f,y
6485,19,0.51,87,48,282.34,6,65,m,y
6486,2,0.16,107,36,4441.99,8,92,m,n
6487,10,0.19,139,36,2108.54,9,51,f,y
6488,2,0.28,113,79,1667.35,8,33,m,y
6489,9,0.22,51,67,659.47,1,61,m,y
6490,3,0.2,11,45,745.71,4,74,m,w
6491,13,0.21,128,43,689.27,5,56,m,y
6492,12,0.37,97,100,48896.38,9,41,m,y
6493,1,0.28,153,62,18806.51,6,69,f,w
6494,20,0.31,24,82,4327.73,6,64,m,w
6495,4,0.19,19,19,7974.35,3,39,f,n
6496,5,0.53,70,75,26157.91,2,60,m,y
6497,2,0.2,101,42,4289.5,2,69,f,y
6498,3,0.16,162,17,3142.35,7,72,f,y
6499,5,0.18,164,35,8469.82,5,54,m,y
6500,1,0.3,158,75,1288.48,10,49,m,n
6501,6,0.29,51,61,27971.14,1,73,m,y
6502,6,0.23,21,56,20920.85,5,36,f,n
6503,5,0.25,113,74,12152.65,1,61,f,y
6504,2,0.24,144,34,0.0,9,34,f,y
6505,0,0.28,23,46,683.84,8,70,m,y
6506,14,0.54,113,68,0.0,4,51,m,n
6507,4,0.27,74,82,3541.28,1,74,m,y
6508,9,0.43,125,99,66593.3,8,62,m,y
6509,0,0.18,93,34,156.11,5,36,f,y
6510,1,0.18,95,54,1725.67,1,76,m,y
6511,11,0.36,21,62,1688.57,2,78,f,w
6512,8,0.15,107,21,23549.66,5,68,f,y
6513,9,0.2,139,38,6672.67,9,43,f,y
6514,0,0.33,130,75,4075.79,10,50,m,n
6515,3,0.2,125,65,11865.9,8,57,f,y
6516,3,0.36,81,33,3364.38,10,44,f,y
6517,12,0.53,78,58,3129.07,8,80,f,y
6518,3,0.23,46,51,35446.77,9,57,f,y
6519,0,0.13,111,40,674.76,2,25,f,y
6520,4,0.32,126,66,4622.04,7,60,f,n
6521,2,0.27,94,38,32105.03,10,49,m,n
6522,11,0.21,123,30,6466.86,5,53,f,y
6523,9,0.4,161,81,20756.71,3,49,f,n
6524,9,0.47,164,40,213.53,10,67,f,y
6525,15,0.3,71,84,6316.83,8,71,f,n
6526,24,0.52,51,97,744.8,2,59,m,n
6527,32,0.34,113,69,8661.1,4,49,f,y
6528,31,0.23,9,20,3406.04,5,54,f,y
6529,16,0.41,155,60,0.0,5,55,m,w
6530,7,0.19,178,35,25570.9,4,42,m,y
6531,2,0.2,161,36,4820.77,3,63,f,y
6532,0,0.16,143,34,339.06,3,61,m,n
6533,3,0.35,100,48,89.36,5,78,m,w
6534,13,0.27,111,70,7860.65,10,73,m,w
6535,9,0.22,85,39,1586.53,6,44,f,y
6536,1,0.52,56,100,3319.63,1,67,m,y
6537,0,0.16,176,32,5138.07,4,40,m,y
6538,2,0.7,139,48,734.91,10,65,f,y
6539,11,0.27,126,44,0.0,10,47,f,y
6540,8,0.18,158,39,3488.57,6,39,f,n
6541,8,0.12,9,39,123.34,2,59,m,y
6542,9,0.22,157,44,0.0,10,25,f,y
6543,2,0.23,96,51,3468.01,5,28,m,y
6544,7,0.28,59,56,12180.53,9,52,f,w
6545,31,0.2,8,28,0.0,3,56,f,w
6546,2,0.23,35,55,833.87,3,49,m,w
6547,16,0.36,81,67,0.0,9,31,f,y
6548,18,0.13,46,9,3325.46,3,42,m,y
6549,4,0.29,111,45,1537.96,4,60,f,y
6550,0,0.4,64,49,9730.19,9,63,m,n
6551,36,0.27,45,67,0.0,4,54,f,y
6552,0,0.23,50,41,6641.68,5,72,m,y
6553,14,0.45,155,86,104091.95,2,60,m,y
6554,3,0.29,20,53,853.89,8,43,f,y
6555,7,0.25,22,54,575.55,9,50,f,y
6556,2,0.29,113,33,4287.29,10,33,f,y
6557,3,0.24,30,47,36.21,4,53,m,y
6558,2,0.54,48,44,562.52,3,71,m,y
6559,1,0.28,66,66,0.0,4,65,f,y
6560,3,0.17,178,34,4718.62,7,76,f,w
6561,16,0.44,136,75,60859.3,1,50,m,y
6562,0,0.31,169,79,2893.85,2,75,f,w
6563,0,0.28,33,32,1116.11,10,52,m,y
6564,2,0.5,112,51,8381.17,5,77,m,y
6565,15,0.17,129,34,0.0,9,54,m,y
6566,21,0.14,178,26,0.0,6,65,f,w
6567,13,0.25,89,58,7102.62,3,77,f,n
6568,0,0.14,154,25,923.54,3,52,f,y
6569,1,0.54,32,54,1346.9,7,58,f,y
6570,3,0.34,88,56,0.0,3,74,m,y
6571,9,0.41,105,85,198574.6,10,53,f,y
6572,3,0.54,81,62,23687.91,3,35,f,y
6573,5,0.57,40,45,4640.09,10,87,f,n
6574,0,0.38,102,29,1007.1,7,47,m,y
6575,0,0.37,105,70,11575.68,9,57,f,n
6576,10,0.2,156,28,1202.54,9,72,f,n
6577,0,0.23,18,58,7614.56,3,45,f,y
6578,2,0.35,163,46,134.06,8,39,f,n
6579,0,0.18,153,56,114236.9,1,58,f,n
6580,6,0.27,11,86,3388.33,8,28,m,y
6581,6,0.3,152,64,15202.59,2,50,f,y
6582,4,0.47,79,79,37575.83,4,58,f,n
6583,12,0.28,15,38,0.0,7,50,f,y
6584,3,0.15,26,18,1385.48,6,31,m,n
6585,2,0.39,132,56,29072.09,9,78,m,y
6586,3,0.14,61,44,11027.35,8,56,m,y
6587,9,0.2,62,59,5075.39,2,76,m,w
6588,23,0.26,135,47,0.0,4,51,m,w
6589,9,0.37,44,50,549.87,1,41,f,y
6590,36,0.25,66,63,151.39,7,59,m,n
6591,7,0.25,178,45,6682.22,4,51,m,y
6592,23,0.24,115,69,15837.11,8,37,m,n
6593,1,0.16,161,43,754.12,2,77,m,w
6594,2,0.39,151,68,2308.84,8,45,f,y
6595,8,0.14,19,40,10403.93,2,27,m,y
6596,5,0.26,64,83,11612.08,8,74,m,y
6597,3,0.28,114,89,8480.39,1,47,f,y
6598,3,0.2,152,52,1225.97,2,45,f,y
6599,2,0.18,46,17,334.21,5,28,m,n
6600,13,0.21,145,67,470.33,1,81,f,y
6601,3,0.64,153,28,0.0,5,35,f,y
6602,0,0.5,167,57,10737.39,5,55,f,n
6603,1,0.27,130,52,861.42,7,68,f,y
6604,5,0.28,41,85,1490.21,2,61,f,y
6605,1,0.26,26,79,15353.92,2,54,m,y
6606,14,0.34,61,80,0.0,6,29,m,n
6607,19,0.43,46,46,0.0,10,42,m,y
6608,0,0.24,132,46,1611.82,3,57,m,n
6609,16,0.19,174,46,0.0,8,43,f,y
6610,9,0.43,176,42,1288.94,3,58,f,n
6611,3,0.69,111,45,1074.88,10,65,m,n
6612,2,0.18,91,26,1759.16,4,69,m,n
6613,4,0.47,43,30,3130.02,7,36,m,y
6614,7,0.15,151,44,1702.46,1,87,f,y
6615,2,0.22,13,63,14046.72,1,66,f,w
6616,16,0.3,153,65,0.0,9,54,f,y
6617,0,0.29,111,63,49985.28,6,71,f,y
6618,0,0.21,151,43,24678.59,5,90,f,w
6619,5,0.26,113,62,8761.09,2,33,f,n
6620,3,0.3,135,55,7236.6,2,51,m,y
6621,2,0.15,175,28,21011.59,7,25,f,n
6622,4,0.29,69,65,4901.45,6,57,f,y
6623,6,0.22,49,70,1128.75,8,60,f,y
6624,1,0.45,106,29,1941.85,3,54,f,n
6625,15,0.3,111,34,13057.66,3,45,f,n
6626,3,0.16,70,22,1873.88,5,25,f,w
6627,5,0.32,70,82,67605.7,10,60,f,y
6628,6,0.36,123,78,19669.26,4,76,m,w
6629,8,0.31,129,94,17193.16,8,46,f,y
6630,0,0.29,113,53,646.77,6,61,f,y
6631,14,0.26,100,68,1029.7,8,31,m,n
6632,0,0.33,172,66,11709.85,7,61,f,y
6633,1,0.25,141,55,359.56,2,49,f,y
6634,0,0.25,72,66,17241.44,9,43,f,y
6635,11,0.4,116,78,561.15,6,43,f,y
6636,9,0.31,81,57,455669.49,6,49,m,y
6637,2,0.23,54,43,1445.54,2,60,f,y
6638,12,0.23,169,48,0.0,9,35,f,n
6639,19,0.53,12,74,1037.17,1,49,m,y
6640,1,0.32,20,74,27507.84,6,54,m,n
6641,3,0.23,90,66,367.68,8,38,f,n
6642,6,0.18,158,57,1264.63,2,81,f,y
6643,2,0.32,43,60,3126.85,3,42,f,n
6644,8,0.35,42,39,4915.47,10,44,f,n
6645,14,0.15,127,27,0.0,10,40,m,n
6646,10,0.28,21,40,30660.29,7,81,m,y
6647,23,0.13,6,42,0.0,1,63,m,n
6648,3,0.34,42,67,3969.99,5,40,f,y
6649,1,0.23,50,59,0.0,6,71,m,y
6650,16,0.37,147,31,0.0,10,58,f,y
6651,35,0.26,167,60,454.26,7,58,f,y
6652,4,0.29,164,57,10630.0,10,49,f,n
6653,1,0.22,88,39,533.93,10,43,m,n
6654,2,0.27,177,44,4058.12,7,60,f,n
6655,4,0.29,28,67,29261.98,3,46,m,y
6656,1,0.44,99,43,143.82,7,82,m,w
6657,3,0.22,86,59,2938.39,1,35,m,n
6658,9,0.41,71,95,2896.02,4,78,f,y
6659,5,0.22,144,38,898.65,7,53,m,y
6660,12,0.19,63,38,0.0,7,59,f,y
6661,0,0.63,34,38,33.86,4,67,m,w
6662,14,0.29,88,58,0.0,1,45,m,n
6663,3,0.19,134,39,5911.99,8,67,m,n
6664,3,0.27,138,39,718.22,4,25,f,y
6665,7,0.4,120,100,12497.3,2,44,f,y
6666,10,0.28,39,30,14730.9,4,41,f,y
6667,1,0.25,130,72,3583.83,8,36,f,n
6668,0,0.75,83,100,4167824.58,8,51,f,y
6669,2,0.27,24,63,0.0,5,60,f,y
6670,3,0.2,93,47,2677.55,2,65,f,y
6671,1,0.54,173,47,1138.86,7,58,f,w
6672,11,0.28,86,68,17363.73,3,45,f,n
6673,8,0.27,100,66,3574.38,6,60,f,y
6674,1,0.39,77,81,644.79,9,56,f,w
6675,1,0.56,150,57,3187.87,5,69,f,y
6676,5,0.71,43,56,2565.7,9,66,f,y
6677,15,0.17,176,32,0.0,4,55,m,y
6678,3,0.29,45,68,361.95,9,41,f,y
6679,7,0.29,178,44,0.0,1,45,m,y
6680,2,0.19,173,40,37480.24,4,46,f,n
6681,18,0.18,125,46,0.0,1,50,f,n
6682,13,0.42,93,96,46460.34,9,59,f,n
6683,14,0.18,95,49,2175.08,8,65,m,n
6684,0,0.24,35,77,247.92,8,54,m,n
6685,5,0.16,168,36,1558.81,7,55,m,y
6686,0,0.51,177,34,296.85,9,57,m,n
6687,15,0.28,137,53,0.0,3,47,f,n
6688,1,0.52,138,38,7459.47,7,41,f,n
6689,10,0.18,71,26,1409.83,6,28,f,y
6690,2,0.33,100,36,9234.8,5,44,f,y
6691,14,0.12,32,19,726.91,9,62,m,n
6692,3,0.28,157,74,36826.51,4,44,m,n
6693,0,0.22,61,41,3201.75,3,51,m,y
6694,0,0.17,50,37,10160.87,3,61,f,y
6695,15,0.34,73,89,13417.63,2,62,f,y
6696,18,0.21,161,36,0.0,1,38,f,w
6697,10,0.27,10,70,0.0,3,69,m,y
6698,28,0.27,113,71,0.0,8,71,m,y
6699,19,0.37,52,27,425.6,6,38,f,y
6700,10,0.27,138,61,1004.53,2,42,m,y
6701,0,0.28,10,68,206.23,8,72,f,y
6702,1,0.27,126,38,1673.47,5,52,m,n
6703,1,0.38,78,36,1828.31,4,25,m,n
6704,2,0.38,52,72,2249.02,1,34,f,y
6705,2,0.33,160,100,19007.3,1,51,m,n
6706,1,0.22,9,54,23513.86,4,37,f,y
6707,5,0.3,96,71,6005.98,9,48,f,y
6708,25,0.39,70,37,1802.0,10,55,f,y
6709,0,0.23,101,41,891.95,10,76,f,y
6710,1,0.34,85,49,3706.3,6,50,f,n
6711,3,0.36,92,68,0.0,1,71,m,y
6712,7,0.32,66,74,43438.96,8,76,f,w
6713,1,0.18,153,36,467.72,9,76,f,w
6714,6,0.38,105,100,69622.19,2,59,m,n
6715,1,0.3,124,61,11850.46,6,25,f,n
6716,1,0.29,114,47,711.3,7,61,f,w
6717,0,0.37,141,60,556.59,1,70,f,y
6718,25,0.22,87,54,0.0,5,53,f,y
6719,2,0.16,18,22,2692.59,5,81,m,y
6720,7,0.33,170,47,892.97,3,67,f,n
6721,2,0.39,48,70,3910.75,2,63,m,y
6722,20,0.14,97,38,789.41,1,71,m,w
6723,0,0.19,25,32,314.56,6,60,f,y
6724,5,0.39,53,91,0.0,7,25,f,y
6725,3,0.25,105,54,5161.26,2,47,m,y
6726,3,0.3,24,81,49479.29,2,72,f,w
6727,0,0.31,74,45,2220.86,5,42,f,y
6728,3,0.31,22,66,5585.58,5,51,f,y
6729,10,0.28,161,64,0.0,3,39,f,y
6730,9,0.2,41,33,2736.55,3,81,f,y
6731,20,0.2,171,60,5938.1,1,80,m,y
6732,0,0.17,87,35,2850.65,3,41,m,n
6733,18,0.39,75,81,5333.4,9,57,f,y
6734,4,0.28,121,74,467.83,2,44,f,n
6735,4,0.49,159,67,0.0,1,64,f,w
6736,4,0.19,6,34,2682.69,9,62,f,w
6737,9,0.39,86,79,54374.58,5,67,f,y
6738,4,0.37,135,82,5501.42,8,59,m,y
6739,30,0.33,169,41,0.0,4,95,m,y
6740,9,0.24,40,63,22568.94,8,39,m,w
6741,7,0.28,132,53,15588.97,5,29,f,y
6742,1,0.36,32,54,753.04,6,49,m,y
6743,2,0.42,51,56,0.0,6,31,f,y
6744,9,0.26,153,59,0.0,6,32,m,y
6745,3,0.24,13,68,106706.83,2,39,f,y
6746,11,0.21,98,39,5381.09,10,41,m,n
6747,4,0.26,77,39,16599.63,10,40,f,n
6748,16,0.31,119,28,0.0,9,62,m,y
6749,7,0.26,96,35,598.99,7,47,m,y
6750,14,0.19,31,38,2710.91,3,52,f,n
6751,17,0.19,108,59,73.49,2,68,m,y
6752,3,0.25,67,40,2917.0,4,43,f,y
6753,3,0.33,99,62,947.63,8,51,f,n
6754,10,0.27,166,50,4813.74,9,60,f,w
6755,1,0.22,66,42,46838.5,10,25,f,y
6756,1,0.3,153,91,9575.56,2,25,m,n
6757,13,0.36,73,75,0.0,6,60,f,y
6758,0,0.34,34,80,1239.22,8,62,m,w
6759,0,0.28,51,18,1818.79,3,85,m,y
6760,6,0.22,170,13,1523.74,9,57,m,y
6761,26,0.27,106,50,3007.74,4,67,m,y
6762,21,0.39,95,58,0.0,5,52,f,y
6763,4,0.2,138,47,3870.1,7,59,f,y
6764,12,0.25,93,57,0.0,5,80,m,w
6765,9,0.31,132,39,39905.63,4,25,m,y
6766,13,0.21,112,35,0.0,4,61,m,w
6767,2,0.3,71,54,1751.81,5,87,m,y
6768,3,0.28,148,11,237.63,3,59,f,w
6769,12,0.42,51,35,9527.12,9,79,m,w
6770,2,0.42,13,50,1231.95,2,45,m,y
6771,11,0.26,170,54,1303.26,7,54,f,y
6772,11,0.37,106,73,17471.92,4,55,f,y
6773,11,0.35,147,84,73765.38,8,25,f,y
6774,4,0.17,138,29,277.58,7,37,f,y
6775,1,0.23,78,53,360.96,8,38,m,y
6776,0,0.35,128,81,2448.42,4,67,m,n
6777,1,0.43,48,100,42508.76,2,68,m,n
6778,5,0.24,128,34,2124.37,7,59,m,y
6779,2,0.44,177,51,4868.61,9,67,f,w
6780,15,0.18,53,35,5626.55,6,52,f,w
6781,10,0.31,163,57,3775.69,7,73,m,y
6782,10,0.29,166,40,2730.77,6,55,m,y
6783,2,0.21,170,67,3794.75,2,55,m,y
6784,5,0.29,12,47,14460.69,9,51,f,y
6785,8,0.21,176,23,54.16,5,65,m,y
6786,4,0.2,45,37,1932.55,3,48,m,y
6787,12,0.59,37,41,6587.55,4,69,f,n
6788,7,0.25,110,50,27553.87,4,38,m,n
6789,7,0.21,99,48,35511.29,9,38,m,y
6790,0,0.3,116,58,8276.57,5,65,m,w
6791,12,0.18,94,43,2881.19,2,53,m,n
6792,1,0.23,82,51,1438.48,6,48,m,y
6793,1,0.21,14,41,1036.67,7,68,m,n
6794,1,0.27,142,44,27.44,8,45,f,y
6795,14,0.19,69,34,0.0,5,51,f,y
6796,17,0.31,178,73,7460.78,8,75,f,y
6797,30,0.19,96,62,12767.5,8,78,f,y
6798,1,0.19,100,44,618.53,4,78,m,y
6799,15,0.4,98,71,0.0,7,50,f,y
6800,6,0.13,99,19,3935.15,9,73,m,w
6801,18,0.41,171,68,21577.89,10,40,m,n
6802,2,0.31,179,77,3418.51,4,41,m,y
6803,2,0.21,129,46,3142.19,9,25,m,y
6804,13,0.35,75,61,6454.89,4,80,f,w
6805,2,0.23,108,73,1027.13,1,42,m,y
6806,0,0.16,69,20,114.2,4,53,m,y
6807,4,0.34,100,100,72268.03,2,41,m,y
6808,7,0.29,168,74,2322.91,6,65,m,n
6809,9,0.17,17,49,219.35,8,49,m,n
6810,1,0.46,53,80,47482.04,6,35,m,n
6811,5,0.2,68,20,482.11,9,61,m,y
6812,3,0.33,178,37,323.56,6,33,f,n
6813,4,0.7,11,50,2478.54,7,42,m,y
6814,0,0.33,50,68,34910.58,5,25,m,y
6815,10,0.5,95,57,4219.44,8,33,f,n
6816,8,0.24,106,74,71.54,2,57,f,n
6817,6,0.2,165,61,8149.37,2,25,m,y
6818,1,0.24,109,56,799.33,8,32,m,y
6819,1,0.17,136,37,4536.77,6,54,f,n
6820,1,0.42,132,58,930.07,2,46,m,n
6821,12,0.2,135,28,17924.04,6,84,f,w
6822,3,0.34,25,41,507.77,8,82,m,y
6823,3,0.33,44,84,41629.63,6,41,f,n
6824,3,0.35,145,63,0.0,9,63,f,n
6825,1,0.25,41,56,21164.51,6,66,f,y
6826,15,0.19,97,20,0.0,3,46,m,y
6827,6,0.35,14,33,2451.2,9,32,m,y
6828,36,0.28,49,67,12789.86,10,54,m,y
6829,5,0.24,80,41,117.68,5,52,f,y
6830,9,0.3,58,59,0.0,6,48,f,y
6831,13,0.25,35,35,3628.33,4,61,m,y
6832,13,0.34,120,43,4584.38,3,43,f,y
6833,4,0.23,71,56,446.2,10,37,m,n
6834,3,0.26,43,46,2551.56,5,56,m,y
6835,1,0.24,43,58,5351.78,3,60,f,y
6836,11,0.11,166,29,9577.64,2,37,m,n
6837,7,0.24,60,42,1841.9,6,68,m,y
6838,1,0.15,81,46,476.58,8,28,m,y
6839,5,0.2,121,46,3674.3,3,46,f,y
6840,6,0.21,90,47,33070.95,6,51,f,n
6841,16,0.32,28,68,0.0,9,45,f,w
6842,0,0.12,147,32,122.08,1,46,f,n
6843,1,0.23,101,43,3366.72,3,83,f,w
6844,6,0.37,54,55,14200.31,2,42,m,y
6845,0,0.45,118,61,790.86,8,91,f,w
6846,3,0.32,119,64,3418.59,9,61,f,w
6847,0,0.65,50,52,13685.87,10,56,f,y
6848,2,0.4,160,76,4682.28,6,62,f,n
6849,1,0.24,101,58,33173.68,3,92,f,n
6850,2,0.32,54,45,16777.1,10,40,m,y
6851,11,0.26,7,47,478.83,8,38,m,n
6852,3,0.37,108,39,4103.22,10,43,f,n
6853,17,0.18,64,19,1650.92,7,55,f,y
6854,2,0.38,65,95,12510.35,2,29,f,n
6855,1,0.22,27,39,1229.39,7,55,m,w
6856,0,0.17,94,55,8772.81,1,80,m,w
6857,36,0.23,111,44,0.0,8,57,f,y
6858,0,0.54,179,64,33845.74,5,50,f,y
6859,3,0.24,58,57,9692.85,9,45,f,w
6860,15,0.19,24,42,5951.08,3,68,m,y
6861,2,0.24,54,47,6744.9,7,42,f,n
6862,0,0.3,22,36,1318.94,8,82,f,w
6863,6,0.26,132,57,11131.04,1,84,f,w
6864,0,0.25,160,42,1269.51,6,58,m,y
6865,10,0.42,24,72,7987.59,2,54,m,y
6866,7,0.25,35,73,1262.42,8,70,f,n
6867,2,0.53,83,57,2741.76,6,71,m,y
6868,5,0.58,179,67,15065.99,3,42,f,n
6869,0,0.33,111,37,2240.95,4,47,f,n
6870,6,0.23,69,49,1165.33,7,35,f,y
6871,11,0.18,37,27,795.79,9,61,m,n
6872,0,0.22,156,41,12896.06,10,64,m,y
6873,2,0.15,41,41,5224.63,2,34,f,y
6874,7,0.25,15,65,8028.28,9,48,f,y
6875,0,0.2,64,48,2451.89,6,34,m,n
6876,13,0.19,107,30,749.01,2,41,m,y
6877,3,0.61,123,85,4735.88,8,63,f,y
6878,1,0.17,162,38,1381.04,4,43,m,y
6879,15,0.31,16,67,0.0,8,50,f,y
6880,8,0.21,171,50,4429.93,7,30,m,n
6881,18,0.3,84,53,1479.2,7,57,f,y
6882,3,0.32,165,70,25795.93,7,54,f,n
6883,31,0.28,96,91,0.0,2,44,f,y
6884,24,0.17,107,41,0.0,8,52,m,y
6885,6,0.39,134,78,3118.46,2,57,f,y
6886,10,0.1,19,10,1422.99,3,42,m,w
6887,3,0.22,136,31,211.79,10,32,f,y
6888,0,0.25,35,57,91.65,7,82,f,w
6889,3,0.35,164,15,269.57,7,45,f,n
6890,2,0.48,134,57,2055.72,7,53,m,n
6891,1,0.26,179,26,45.31,4,70,f,n
6892,5,0.33,147,55,11462.99,5,95,m,y
6893,21,0.24,169,38,725.39,7,36,m,n
6894,17,0.34,179,62,1275.04,8,61,m,y
6895,2,0.6,169,48,4566.8,3,44,m,n
6896,36,0.48,176,35,0.0,6,46,m,w
6897,19,0.27,110,18,1970.88,9,44,m,n
6898,0,0.32,48,86,1179.76,10,38,f,y
6899,2,0.35,148,35,588.99,5,54,m,y
6900,3,0.41,43,89,2700.49,4,32,f,y
6901,2,0.27,94,49,8811.52,9,69,m,y
6902,1,0.32,49,65,1242.57,4,55,f,y
6903,4,0.13,114,17,0.0,3,61,f,y
6904,7,0.17,60,32,0.0,7,48,f,w
6905,11,0.28,60,56,924.43,5,49,f,n
6906,18,0.33,83,75,3770.12,1,59,m,n
6907,3,0.26,112,51,778.06,8,37,f,y
6908,8,0.22,62,47,1254.35,1,49,m,n
6909,5,0.39,135,56,207484.85,9,42,f,w
6910,9,0.4,129,48,10397.28,1,41,m,n
6911,10,0.24,167,55,0.0,4,25,m,y
6912,0,0.34,54,51,24421.92,10,75,m,n
6913,9,0.22,69,47,3856.64,4,44,f,w
6914,0,0.31,92,24,4714.14,9,72,f,y
6915,2,0.25,141,59,1759.3,1,71,f,n
6916,2,0.3,74,67,0.0,10,35,f,y
6917,7,0.31,176,38,3297.01,9,38,m,y
6918,2,0.3,67,81,0.0,4,93,f,w
6919,5,0.25,126,38,648.41,7,81,f,y
6920,7,0.32,57,64,1522.45,9,54,f,y
6921,26,0.37,38,38,0.0,7,58,f,y
6922,8,0.33,25,96,36541.95,2,45,f,w
6923,10,0.16,117,24,4982.27,6,61,f,y
6924,3,0.23,42,58,4146.67,6,44,m,n
6925,4,0.32,111,64,2771.03,3,25,m,y
6926,1,0.12,110,24,521.79,4,35,m,n
6927,3,0.52,56,64,8437.21,6,55,m,w
6928,0,0.38,34,100,4543.67,6,38,m,y
6929,3,0.25,142,62,475.95,1,53,f,y
6930,10,0.22,91,52,4022.03,10,38,m,y
6931,9,0.2,45,50,135.88,8,43,f,n
6932,6,0.48,176,61,3223.96,9,67,f,y
6933,5,0.65,105,84,59792.22,2,58,m,y
6934,13,0.26,28,58,0.0,4,54,m,y
6935,34,0.38,108,53,1832.85,6,68,f,y
6936,36,0.26,13,80,18028.53,2,62,f,y
6937,0,0.19,79,41,4521.59,7,76,f,w
6938,0,0.18,69,39,20.35,6,48,m,n
6939,3,0.45,156,52,6857.65,8,48,f,y
6940,8,0.34,98,55,28679.48,7,35,m,n
6941,7,0.38,125,80,4200.19,10,48,f,n
6942,16,0.28,114,86,66015.92,1,69,f,n
6943,6,0.32,101,66,2454.75,10,74,m,n
6944,2,0.69,147,42,706.07,10,69,m,y
6945,1,0.32,85,31,4684.69,5,28,m,n
6946,5,0.58,108,32,1266.66,6,71,m,w
6947,30,0.29,22,78,58894.32,7,27,f,y
6948,7,0.26,25,43,185.01,4,68,m,y
6949,0,0.19,120,36,13676.72,9,49,f,y
6950,0,0.23,17,63,1192.85,1,65,m,y
6951,9,0.22,129,54,512.65,3,35,f,y
6952,9,0.35,127,64,996.42,10,72,f,n
6953,7,0.26,77,21,1189.2,2,33,f,y
6954,9,0.23,174,66,13666.69,2,44,f,n
6955,2,0.21,90,44,931.32,1,40,m,y
6956,4,0.19,165,46,350.86,3,28,f,n
6957,6,0.2,170,38,17354.83,10,56,m,y
6958,0,0.21,115,44,3271.44,5,82,m,y
6959,21,0.54,23,38,132.47,6,95,m,y
6960,9,0.37,34,99,23241.58,8,56,f,n
6961,16,0.14,140,21,2432.77,4,71,f,y
6962,1,0.15,45,45,2251.01,1,58,f,w
6963,4,0.39,106,63,3331.15,9,62,m,w
6964,14,0.25,125,64,25832.27,3,49,m,n
6965,10,0.27,139,85,0.0,8,57,f,n
6966,6,0.19,153,46,1284.96,4,63,f,n
6967,0,0.2,60,36,4549.8,3,46,m,n
6968,6,0.53,78,63,35977.72,3,53,f,w
6969,3,0.19,93,39,5409.78,4,54,m,y
6970,0,0.17,130,23,918.55,4,67,m,y
6971,2,0.37,166,62,1010.34,7,39,m,y
6972,12,0.21,27,61,11605.91,2,54,m,n
6973,31,0.22,55,62,6647.54,8,83,m,y
6974,4,0.21,32,51,3533.6,2,72,f,w
6975,0,0.5,53,63,7381.02,1,75,f,y
6976,19,0.26,71,60,3504.22,8,55,f,n
6977,0,0.25,146,49,6626.86,4,59,f,y
6978,3,0.31,135,71,4261.3,6,70,f,y
6979,1,0.17,51,38,2018.53,1,78,m,y
6980,2,0.56,76,91,40785.25,3,25,f,y
6981,8,0.41,133,71,23409.9,7,35,f,y
6982,0,0.16,16,29,12924.58,7,74,m,w
6983,3,0.23,31,63,1593.68,8,50,m,y
6984,0,0.39,54,67,430.11,2,44,f,n
6985,4,0.42,68,78,0.0,7,36,f,y
6986,4,0.21,26,49,3823.93,4,46,m,y
6987,14,0.23,84,41,343.47,6,33,f,n
6988,5,0.28,85,53,35825.06,4,86,f,y
6989,1,0.36,14,39,5937.8,9,54,m,w
6990,7,0.46,154,87,15920.1,1,54,f,n
6991,2,0.18,121,52,1342.86,1,63,f,y
6992,5,0.3,125,53,29454.37,5,69,m,n
6993,2,0.49,60,51,4044.55,5,69,f,y
6994,2,0.2,46,64,4378.1,8,71,m,w
6995,12,0.22,11,42,0.0,7,45,m,n
6996,5,0.28,6,62,14324.67,3,50,m,n
6997,12,0.16,100,44,9046.3,8,66,f,y
6998,4,0.61,138,58,1152.93,4,47,f,y
6999,2,0.29,31,38,3093.15,3,54,m,y
7000,6,0.33,6,70,2512.56,2,60,m,w
7001,14,0.16,6,34,200.69,9,66,m,w
7002,0,0.21,98,37,921.41,7,28,f,y
7003,28,0.27,43,41,2565.02,5,65,f,n
7004,5,0.23,46,38,2097.57,9,51,f,w
7005,4,0.42,161,79,36732.26,3,65,f,y
7006,27,0.46,138,79,0.0,6,66,f,n
7007,3,0.49,154,100,4050.09,8,79,m,y
7008,4,0.49,68,52,5932.65,9,75,m,y
7009,1,0.29,91,52,648.54,4,75,f,y
7010,17,0.4,89,69,0.0,1,76,f,n
7011,31,0.47,145,17,30.44,8,59,m,n
7012,1,0.24,139,39,9275.9,10,55,f,y
7013,23,0.24,162,64,4038.37,3,68,f,y
7014,0,0.19,114,33,364.06,6,65,m,y
7015,10,0.24,109,39,2342.58,4,50,f,n
7016,8,0.36,40,66,24944.07,6,61,f,y
7017,0,0.23,80,30,4167.55,3,54,m,y
7018,0,0.25,130,33,162664.87,7,42,f,y
7019,0,0.34,57,68,3339.9,2,74,m,w
7020,14,0.22,38,34,0.0,5,55,m,w
7021,6,0.3,158,25,279.09,3,85,f,n
7022,12,0.24,19,26,222.62,5,30,m,n
7023,13,0.33,58,42,3520.52,3,46,m,n
7024,9,0.37,66,72,0.0,9,55,m,n
7025,23,0.26,18,81,16056.7,8,72,m,w
7026,0,0.23,20,69,11706.76,2,60,m,n
7027,2,0.21,60,61,19043.24,8,59,f,y
7028,4,0.18,52,56,6628.63,8,38,m,n
7029,12,0.31,178,78,0.0,10,37,f,n
7030,3,0.2,102,21,15879.91,3,59,f,y
7031,4,0.16,80,34,1604.52,10,34,m,n
7032,9,0.23,20,48,6762.34,5,47,f,n
7033,3,0.3,26,67,9169.52,2,62,f,y
7034,25,0.16,41,30,0.0,10,40,m,n
7035,3,0.15,158,27,949.63,6,79,m,y
7036,6,0.32,49,47,0.0,2,73,f,w
7037,0,0.19,134,20,2660.16,4,31,f,y
7038,3,0.27,47,62,505.09,3,41,m,n
7039,0,0.23,38,48,3918.46,1,25,m,n
7040,16,0.21,108,50,0.0,8,43,m,n
7041,13,0.45,165,48,2266.14,8,66,m,w
7042,2,0.23,158,66,2256.35,1,48,f,y
7043,36,0.29,45,42,299.45,6,61,m,n
7044,5,0.55,102,100,19632.04,1,32,m,y
7045,1,0.28,120,33,3854.91,9,66,m,n
7046,2,0.17,107,40,9373.07,1,46,m,n
7047,2,0.31,69,42,2626.33,3,55,m,w
7048,1,0.27,152,63,8617.22,9,53,m,w
7049,6,0.36,33,75,0.0,1,35,m,y
7050,1,0.38,85,73,6422.68,2,37,f,y
7051,0,0.29,117,65,162.05,4,69,f,n
7052,36,0.34,175,69,1322.67,7,60,m,y
7053,10,0.25,91,53,421.48,8,70,f,y
7054,18,0.43,111,100,18494.72,1,59,m,y
7055,0,0.17,53,49,167.52,1,57,f,y
7056,3,0.31,14,55,6876.59,5,29,m,y
7057,2,0.25,163,63,6138.01,8,50,m,n
7058,17,0.24,151,73,3075.81,1,54,f,n
7059,21,0.17,178,37,0.0,3,84,m,w
7060,4,0.31,115,29,1167.72,6,65,m,y
7061,5,0.34,88,65,0.0,1,78,f,y
7062,33,0.4,83,28,0.0,3,63,f,y
7063,4,0.23,71,54,1865.14,1,44,f,w
7064,5,0.36,144,71,41778.91,4,56,m,y
7065,14,0.19,95,43,0.0,9,58,f,y
7066,13,0.25,77,54,0.0,5,40,m,y
7067,1,0.29,20,32,18775.87,3,49,m,n
7068,9,0.17,114,30,858.81,10,51,f,n
7069,8,0.18,45,39,899.43,7,79,f,y
7070,11,0.2,146,48,0.0,6,25,f,y
7071,6,0.21,91,34,0.0,9,73,f,w
7072,34,0.48,38,73,17601.32,4,40,m,y
7073,8,0.24,131,49,5465.34,4,34,m,n
7074,3,0.31,135,49,1601.06,9,72,m,w
7075,11,0.23,114,57,401.35,2,65,f,n
7076,0,0.37,115,55,1770.01,10,73,m,w
7077,3,0.34,167,57,387.44,2,67,f,w
7078,5,0.58,21,79,190803.22,9,85,f,w
7079,4,0.17,19,25,0.0,7,63,f,y
7080,1,0.28,51,57,3336.97,5,52,f,y
7081,2,0.22,55,22,253.11,5,60,f,n
7082,23,0.31,118,63,0.0,9,73,f,y
7083,17,0.27,138,71,4810.17,10,43,f,n
7084,1,0.25,48,31,497.05,5,45,m,y
7085,3,0.16,151,32,5359.2,9,50,m,n
7086,1,0.43,53,80,3467.88,8,25,f,n
7087,11,0.27,159,72,34428.49,6,57,f,n
7088,2,0.36,147,52,12587.12,5,26,m,y
7089,0,0.22,26,51,3927.4,5,55,m,w
7090,16,0.28,60,31,0.0,5,67,f,y
7091,10,0.22,121,70,0.0,1,47,f,y
7092,12,0.27,113,70,0.0,5,80,m,y
7093,11,0.13,7,25,0.0,3,33,f,n
7094,5,0.29,136,74,6509.48,6,72,f,n
7095,9,0.16,18,38,93.75,9,65,f,n
7096,8,0.31,26,84,0.0,3,29,m,n
7097,27,0.15,166,49,0.0,1,95,m,w
7098,0,0.18,153,41,2590.99,8,54,m,n
7099,7,0.21,130,46,808.93,9,41,m,n
7100,0,0.19,151,34,697.76,10,33,m,n
7101,15,0.27,43,62,33515.26,4,51,f,n
7102,1,0.32,30,31,2167.07,10,53,m,y
7103,2,0.14,171,25,1172.32,5,56,f,y
7104,1,0.16,148,15,691.56,3,50,f,y
7105,7,0.18,162,56,7735.93,8,64,m,y
7106,15,0.26,102,53,153.99,3,49,f,y
7107,3,0.38,37,57,2250.92,4,25,f,n
7108,0,0.23,48,37,176.29,10,52,f,w
7109,3,0.35,18,89,19057.02,7,25,m,y
7110,17,0.16,83,35,0.0,2,60,f,n
7111,7,0.29,30,69,2344.41,1,40,m,n
7112,5,0.49,54,68,8751.68,4,57,f,y
7113,1,0.32,93,45,3427.69,8,74,m,w
7114,6,0.49,125,52,1072.64,1,40,f,w
7115,3,0.19,141,39,0.0,10,70,m,y
7116,14,0.29,161,72,1725.41,3,48,m,n
7117,4,0.18,131,39,814.39,4,81,f,y
7118,5,0.21,16,29,1114.6,4,49,f,y
7119,15,0.12,15,16,56.62,3,42,m,n
7120,7,0.32,64,50,938.18,3,65,m,n
7121,0,0.5,70,44,410.51,7,48,f,n
7122,1,0.36,138,91,14328.4,8,42,f,y
7123,14,0.39,85,72,0.0,10,47,m,n
7124,9,0.19,153,39,6416.64,4,54,f,y
7125,7,0.37,97,64,6028.34,8,75,f,w
7126,21,0.32,138,40,258.58,8,25,m,y
7127,11,0.37,117,35,904.88,6,55,f,w
7128,12,0.36,163,53,593.87,1,64,f,n
7129,16,0.35,92,89,43669.27,7,57,f,w
7130,7,0.24,167,39,621.62,7,74,m,y
7131,11,0.28,118,65,0.0,5,53,f,n
7132,0,0.41,123,49,418.5,6,52,m,n
7133,9,0.41,97,39,309.86,9,63,f,n
7134,16,0.26,6,31,0.0,3,56,m,y
7135,21,0.28,117,69,2094.15,4,49,f,y
7136,1,0.23,160,57,348.09,9,62,f,y
7137,36,0.42,124,46,255.57,10,45,m,y
7138,8,0.26,125,70,20340.82,2,45,f,n
7139,2,0.3,39,47,481.63,9,47,f,n
7140,2,0.26,100,15,3435.14,5,75,m,y
7141,10,0.33,37,55,373.04,3,25,f,n
7142,2,0.64,121,63,2258.51,8,60,f,y
7143,4,0.37,179,77,2816.98,9,55,m,y
7144,15,0.29,27,69,1358.11,1,29,f,y
7145,2,0.21,162,20,101.65,5,59,f,w
7146,20,0.35,103,75,0.0,9,62,m,n
7147,8,0.32,50,56,4035.74,2,63,f,y
7148,1,0.5,178,71,12306.57,1,25,m,n
7149,2,0.41,72,55,492.02,8,75,f,y
7150,3,0.32,26,68,7615.69,6,43,f,y
7151,18,0.38,154,38,1437.59,2,65,m,y
7152,6,0.23,34,55,1468.36,3,66,f,y
7153,0,0.25,38,38,1835.35,5,41,f,n
7154,9,0.29,172,71,4984.86,1,64,m,n
7155,1,0.37,95,100,67047.09,2,49,f,y
7156,1,0.73,131,100,53162.66,1,25,f,y
7157,3,0.48,50,38,0.0,7,72,m,y
7158,13,0.28,78,77,7125.22,7,43,f,y
7159,36,0.19,87,22,0.0,10,42,m,n
7160,23,0.25,134,60,0.0,5,48,m,y
7161,0,0.25,16,53,3933.27,10,59,f,n
7162,5,0.13,165,12,1610.02,6,54,f,y
7163,3,0.33,112,79,24582.3,3,63,f,y
7164,1,0.2,96,37,20725.71,2,34,m,n
7165,1,0.28,163,53,114.58,10,43,f,y
7166,6,0.22,65,37,708.35,9,53,f,y
7167,2,0.2,143,42,170.98,2,83,m,y
7168,2,0.39,107,98,31012.83,1,53,m,y
7169,7,0.24,154,53,30839.04,9,71,f,y
7170,1,0.4,11,76,2698.64,8,55,m,y
7171,3,0.3,171,73,0.0,8,47,m,n
7172,2,0.22,130,45,843.56,7,51,f,n
7173,4,0.19,121,40,9928.84,9,52,f,n
7174,2,0.34,13,49,572.0,3,64,f,y
7175,8,0.21,75,43,3835.12,8,75,f,n
7176,2,0.2,167,57,29815.07,1,60,f,y
7177,2,0.4,45,70,4380.42,1,72,f,y
7178,0,0.36,91,64,2385.12,6,40,m,y
7179,1,0.18,34,45,2386.76,8,48,m,y
7180,13,0.26,14,75,479.16,8,44,m,y
7181,10,0.22,26,47,0.0,10,59,m,y
7182,1,0.16,37,50,1021.89,1,49,m,y
7183,10,0.53,77,78,5537.1,1,65,m,y
7184,4,0.58,176,72,5522.57,9,41,m,y
7185,3,0.19,15,28,227.83,9,55,m,y
7186,5,0.2,92,46,1707.64,7,65,f,y
7187,1,0.25,89,68,2196.73,1,25,m,y
7188,1,0.27,146,57,3340.55,10,86,f,y
7189,5,0.23,91,66,1528.53,2,50,m,y
7190,10,0.29,46,90,14785.89,8,25,f,y
7191,12,0.23,36,73,3769.53,8,57,f,n
7192,24,0.45,114,41,0.0,5,55,f,y
7193,3,0.34,37,59,30553.73,2,53,f,y
7194,4,0.25,178,57,2087.83,3,69,f,y
7195,13,0.32,18,50,25.04,5,66,m,y
7196,4,0.27,126,70,12318.43,3,59,f,y
7197,16,0.16,158,27,6062.4,10,61,f,w
7198,4,0.3,123,59,506.06,1,53,f,n
7199,1,0.26,111,36,1893.11,6,81,m,y
7200,1,0.4,20,83,5161.19,5,32,f,n
7201,12,0.19,69,31,681.12,3,57,f,y
7202,6,0.17,122,28,2315.22,9,55,f,y
7203,7,0.15,13,17,102.6,10,67,f,n
7204,7,0.25,150,72,204838.9,8,42,m,y
7205,6,0.13,10,25,392.96,7,28,m,y
7206,0,0.17,146,46,1240.8,2,57,m,n
7207,3,0.22,26,55,819.22,10,59,m,y
7208,6,0.25,122,60,0.0,5,77,m,w
7209,19,0.19,129,34,6379.24,5,35,m,n
7210,2,0.25,120,53,1275.58,6,72,m,w
7211,1,0.47,49,45,914.61,6,90,f,y
7212,6,0.25,58,11,2073.2,3,49,m,y
7213,2,0.24,161,41,2596.67,4,35,f,n
7214,9,0.26,71,49,226.51,1,48,f,w
7215,7,0.15,154,41,203.48,1,55,f,y
7216,7,0.41,110,93,12801.33,5,63,m,w
7217,6,0.36,131,49,237.49,4,46,f,y
7218,28,0.2,125,45,0.0,7,78,f,y
7219,7,0.34,62,47,6610.65,7,38,f,y
7220,5,0.23,60,40,367.82,4,28,f,y
7221,0,0.2,135,43,2118.33,10,71,f,w
7222,1,0.22,99,69,27178.05,2,25,f,y
7223,15,0.49,70,42,3603.0,10,51,m,w
7224,25,0.22,115,49,5950.81,4,95,m,n
7225,0,0.4,136,78,20233.4,8,54,f,y
7226,0,0.19,10,35,4031.42,2,38,m,n
7227,15,0.56,71,84,0.0,5,54,m,y
7228,1,0.37,95,49,3792.98,7,54,f,n
7229,0,0.26,151,62,12519.58,10,57,m,y
7230,15,0.68,142,56,1766.53,6,64,f,y
7231,11,0.2,155,34,8778.15,9,39,f,n
7232,7,0.32,161,50,0.0,2,80,m,w
7233,0,0.61,145,46,10346.2,4,58,m,y
7234,7,0.22,42,46,1472.36,7,65,m,n
7235,1,0.4,124,86,5845.06,8,45,m,n
7236,12,0.19,103,42,1193.25,5,74,m,y
7237,8,0.27,175,42,54341.06,5,51,m,n
7238,10,0.16,59,19,7592.53,4,59,m,y
7239,4,0.19,175,32,2743.2,9,41,m,y
7240,3,0.21,127,49,328.78,10,40,f,y
7241,2,0.22,72,50,319.24,4,65,f,y
7242,23,0.44,61,33,0.0,3,48,f,y
7243,0,0.4,51,85,2766.77,9,42,f,y
7244,4,0.25,10,61,60760.23,7,45,m,y
7245,12,0.3,61,63,2725.96,9,65,f,n
7246,7,0.28,156,34,1602.08,4,45,m,n
7247,19,0.33,67,40,1191.97,3,53,m,n
7248,11,0.29,146,37,5772.57,10,55,f,y
7249,5,0.13,64,35,2742.93,8,26,m,n
7250,13,0.52,33,70,0.0,4,32,m,y
7251,19,0.24,11,40,0.0,10,60,f,y
7252,7,0.37,66,68,28364.3,3,43,f,y
7253,2,0.22,178,47,6115.17,4,70,m,y
7254,10,0.34,98,77,26542.72,2,69,m,y
7255,0,0.24,17,39,1552.51,4,65,f,n
7256,5,0.16,168,30,17669.49,7,82,f,w
7257,0,0.41,67,43,471.54,3,53,m,n
7258,0,0.3,117,64,807.72,1,64,f,y
7259,2,0.25,10,52,5010.71,10,46,f,y
7260,13,0.26,71,53,0.0,8,91,m,w
7261,9,0.41,73,51,113291.42,6,84,f,y
7262,0,0.27,91,47,16700.32,3,55,f,w
7263,3,0.16,114,32,0.0,8,60,m,y
7264,11,0.2,119,15,586.33,6,75,f,w
7265,3,0.24,85,66,2701.86,1,52,m,w
7266,23,0.25,71,40,399.06,9,45,f,n
7267,35,0.24,174,45,2806.77,9,68,f,y
7268,0,0.2,160,41,824.16,9,56,m,y
7269,4,0.2,81,44,1890.96,6,57,f,w
7270,5,0.31,10,65,5506.3,6,42,f,n
7271,20,0.21,138,46,497.59,4,29,m,y
7272,4,0.38,91,93,12668.01,8,58,m,y
7273,0,0.47,146,58,4728.27,9,68,m,n
7274,3,0.21,85,34,5388.69,7,51,f,y
7275,5,0.35,95,30,0.0,7,76,f,w
7276,1,0.4,142,41,749.2,2,44,f,n
7277,4,0.34,37,80,2684.19,2,39,m,n
7278,0,0.3,88,54,2455.81,10,53,f,y
7279,23,0.33,41,68,10636.05,2,53,m,y
7280,7,0.25,148,60,2601.14,4,66,m,y
7281,21,0.2,142,20,484.29,9,43,f,n
7282,11,0.25,21,39,0.0,5,75,m,n
7283,5,0.21,11,60,3112.43,2,84,f,y
7284,2,0.32,77,51,331.25,4,54,f,y
7285,7,0.37,166,53,582.77,7,73,f,y
7286,5,0.11,115,13,0.0,5,39,f,n
7287,0,0.17,105,53,1853.64,8,71,m,w
7288,8,0.22,175,47,6248.75,1,70,f,n
7289,15,0.22,64,50,0.0,5,67,f,y
7290,17,0.13,41,24,0.0,4,54,f,w
7291,9,0.29,39,62,5507.76,3,25,m,y
7292,4,0.38,135,84,43476.74,7,45,f,n
7293,4,0.44,18,84,1772.67,10,45,f,y
7294,4,0.16,176,35,245.27,1,40,m,y
7295,16,0.26,62,62,10638.59,6,56,f,y
7296,5,0.19,12,50,514.96,8,48,f,n
7297,0,0.25,64,58,17505.95,2,42,m,n
7298,5,0.24,116,26,49213.96,6,39,m,y
7299,13,0.29,121,60,0.0,1,44,f,y
7300,2,0.33,56,68,29320.59,6,71,m,w
7301,10,0.33,8,82,10129.67,6,45,f,y
7302,2,0.31,160,58,6932.55,5,47,f,y
7303,8,0.28,59,39,31.1,7,48,m,y
7304,5,0.4,99,41,1691.55,5,60,f,n
7305,5,0.14,39,44,468.97,8,61,f,y
7306,9,0.34,28,81,394.49,2,25,f,w
7307,5,0.34,53,65,6116.72,6,70,f,y
7308,9,0.18,60,34,10308.23,5,76,f,y
7309,23,0.2,22,24,2559.02,10,39,m,y
7310,2,0.26,84,38,64.54,2,40,m,n
7311,0,0.36,67,45,19630.0,7,48,m,y
7312,6,0.28,130,42,574.24,4,43,m,n
7313,2,0.5,66,26,0.0,6,58,f,y
7314,6,0.35,49,39,202.07,5,25,m,y
7315,7,0.21,76,36,17296.27,4,38,f,n
7316,6,0.39,130,60,177.43,2,78,m,w
7317,8,0.27,133,64,261.11,7,41,m,y
7318,3,0.29,8,39,227.2,5,73,f,w
7319,5,0.35,72,93,0.0,3,60,m,n
7320,5,0.59,117,60,355.93,6,27,f,y
7321,2,0.31,104,68,15951.53,8,64,m,y
7322,5,0.38,141,64,16185.94,10,53,f,y
7323,16,0.28,159,44,38700.84,10,48,f,y
7324,3,0.3,125,80,18518.44,2,58,f,n
7325,8,0.37,148,92,88601.23,10,62,m,y
7326,0,0.3,138,71,199378.3,4,65,f,y
7327,0,0.34,146,44,26480.4,3,72,f,y
7328,32,0.21,108,45,0.0,7,61,f,w
7329,2,0.35,145,35,15301.83,10,34,m,n
7330,13,0.35,68,67,19757.23,8,47,m,y
7331,19,0.24,141,60,0.0,8,95,m,y
7332,3,0.22,39,21,1711.5,4,65,m,y
7333,0,0.41,27,65,50021.18,10,90,f,w
7334,3,0.17,55,54,3685.13,2,75,m,n
7335,15,0.26,145,58,0.0,6,58,m,w
7336,16,0.55,155,50,1496.21,3,59,f,y
7337,20,0.21,96,50,4425.8,8,54,f,y
7338,13,0.23,87,21,1653.32,3,28,f,n
7339,1,0.29,24,89,12308.54,2,55,f,n
7340,5,0.2,128,34,880.08,9,73,m,y
7341,4,0.34,138,43,23955.73,9,46,f,n
7342,5,0.19,21,27,3170.91,9,61,m,y
7343,7,0.42,118,48,0.0,3,67,m,y
7344,3,0.14,174,46,949.11,2,41,m,n
7345,9,0.23,24,33,2396.1,4,48,m,n
7346,0,0.31,113,47,5164.8,2,39,m,n
7347,10,0.26,27,67,1395.5,8,42,m,y
7348,6,0.22,150,47,9432.17,10,35,f,n
7349,1,0.23,40,67,2332.35,1,41,f,y
7350,7,0.35,172,100,0.0,2,76,f,y
7351,0,0.26,78,25,395.37,6,41,f,n
7352,8,0.21,60,48,2784.31,9,56,m,y
7353,6,0.23,138,29,685.22,10,47,m,w
7354,35,0.28,78,77,43168.85,5,72,m,y
7355,1,0.12,120,20,7697.84,5,74,m,y
7356,17,0.24,16,56,5058.35,3,67,f,n
7357,4,0.3,83,74,6462.41,8,59,f,n
7358,0,0.27,115,26,2860.11,6,51,m,y
7359,11,0.22,173,53,4110.22,10,37,m,y
7360,29,0.24,89,49,0.0,2,84,m,w
7361,11,0.23,102,16,0.0,5,43,m,y
7362,7,0.36,137,39,4941.67,4,64,m,y
7363,0,0.24,132,54,8542.76,10,70,f,n
7364,4,0.14,85,26,666.58,9,46,m,y
7365,0,0.25,120,35,4668.82,4,70,f,w
7366,3,0.22,69,55,13808.93,8,66,m,n
7367,5,0.41,72,100,0.0,1,80,m,w
7368,9,0.17,101,30,5998.44,5,47,f,y
7369,2,0.2,39,42,1888.56,9,35,f,w
7370,20,0.28,118,27,502.11,3,47,m,y
7371,5,0.24,94,53,0.0,6,58,f,y
7372,5,0.5,140,48,2223.6,10,55,m,y
7373,1,0.43,168,83,981.28,6,49,m,y
7374,7,0.5,162,52,11528.74,6,26,f,y
7375,3,0.33,30,60,14023.55,4,62,f,y
7376,21,0.37,33,57,5778.92,7,84,m,y
7377,17,0.24,74,47,0.0,3,61,m,y
7378,4,0.64,160,36,669.44,6,64,f,n
7379,12,0.2,81,41,1420.95,10,63,m,y
7380,5,0.15,87,31,0.0,5,60,m,n
7381,5,0.44,141,60,0.0,3,68,f,y
7382,9,0.22,171,44,1551.49,2,60,f,w
7383,12,0.33,124,91,0.0,1,50,m,y
7384,8,0.22,99,59,2086.19,8,43,f,w
7385,15,0.6,142,93,2895.2,1,51,f,y
7386,1,0.54,117,80,17874.98,5,59,m,w
7387,3,0.45,48,66,2681.15,5,50,f,y
7388,3,0.25,30,46,326.52,1,59,f,n
7389,12,0.31,99,77,70875.95,9,61,m,n
7390,3,0.44,71,65,25412.55,5,67,m,y
7391,1,0.37,22,27,373.73,9,74,f,n
7392,21,0.26,114,56,19351.25,6,56,f,n
7393,2,0.29,140,46,928.82,7,35,m,n
7394,18,0.14,27,29,153.34,7,49,f,y
7395,9,0.38,15,73,1073.45,2,55,f,n
7396,8,0.34,95,55,0.0,5,27,f,y
7397,2,0.22,146,65,4272.4,2,75,f,w
7398,17,0.29,47,72,7724.88,4,57,m,y
7399,12,0.32,33,69,17449.1,3,60,m,y
7400,1,0.24,105,29,2972.83,6,75,f,y
7401,20,0.41,16,76,0.0,5,45,m,n
7402,4,0.21,142,66,3221.86,1,63,f,w
7403,13,0.26,86,83,6477.3,2,53,m,y
7404,1,0.26,60,41,3390.59,7,52,m,y
7405,0,0.23,10,52,99752.42,9,43,m,y
7406,14,0.25,74,63,5432.67,1,79,f,w
7407,10,0.21,43,54,0.0,4,49,f,y
7408,0,0.2,71,27,3745.57,3,65,f,y
7409,0,0.15,69,33,2931.87,5,26,m,n
7410,5,0.72,158,73,0.0,5,72,m,y
7411,4,0.3,171,77,2280.78,10,70,f,y
7412,4,0.33,82,38,2447.31,10,56,m,y
7413,21,0.21,24,54,799.1,2,51,f,n
7414,4,0.22,104,47,174.58,5,61,f,w
7415,2,0.12,30,20,943.74,4,89,m,w
7416,7,0.35,53,47,382.16,1,28,f,y
7417,18,0.16,78,40,0.0,1,66,m,y
7418,11,0.45,40,100,0.0,1,41,f,y
7419,36,0.25,148,79,0.0,8,54,m,n
7420,3,0.6,54,49,5069.73,3,51,m,y
7421,1,0.33,163,63,988.05,9,48,f,n
7422,23,0.35,154,47,65016.0,10,54,f,y
7423,14,0.19,94,60,3095.14,2,37,f,n
7424,4,0.29,91,41,5185.03,9,70,f,n
7425,3,0.31,174,8,191.71,9,28,f,y
7426,9,0.34,136,71,47176.71,4,63,m,n
7427,4,0.37,130,45,635.27,4,50,f,n
7428,2,0.29,78,56,2323.28,4,37,f,n
7429,0,0.5,157,44,2735.96,1,58,m,n
7430,7,0.21,116,49,3520.7,5,31,f,y
7431,10,0.45,150,45,0.0,6,55,f,w
7432,20,0.32,110,61,0.0,4,33,m,n
7433,1,0.37,93,48,3562.34,8,61,f,y
7434,12,0.14,13,27,5150.62,3,41,m,y
7435,0,0.41,139,38,2367.23,9,48,m,y
7436,1,0.37,14,85,12158.35,7,59,m,y
7437,20,0.14,20,23,0.0,8,43,f,n
7438,2,0.28,69,49,3742.49,7,54,m,y
7439,7,0.38,129,39,1383.86,9,32,f,y
7440,7,0.43,16,82,4259.57,2,64,f,y
7441,3,0.2,100,44,283.53,4,81,f,n
7442,5,0.18,125,59,600.09,2,95,m,y
7443,3,0.26,179,62,1580.66,8,56,f,y
7444,6,0.69,50,73,51699.39,2,66,f,y
7445,1,0.21,82,46,1186.7,8,28,f,n
7446,26,0.27,99,68,4600.21,6,77,f,y
7447,5,0.27,64,54,1713.02,7,66,f,y
7448,4,0.16,158,22,8335.19,6,47,f,y
7449,1,0.61,145,83,12387.62,9,73,m,y
7450,6,0.47,90,39,1188.17,4,51,m,y
7451,1,0.11,31,31,6996.27,1,48,m,y
7452,9,0.29,119,71,5979.06,9,62,m,y
7453,8,0.23,42,41,1033.49,10,39,f,y
7454,6,0.31,28,72,19173.12,8,70,f,y
7455,4,0.21,70,60,237.79,1,39,f,n
7456,4,0.27,50,45,508.43,10,39,f,y
7457,5,0.31,79,80,27124.89,6,41,f,n
7458,2,0.19,168,28,1383.32,10,66,m,n
7459,2,0.27,107,48,2882.81,4,45,f,n
7460,15,0.58,33,67,0.0,2,34,m,y
7461,0,0.36,134,100,6132.73,3,45,m,n
7462,12,0.5,77,62,23024.44,9,54,f,y
7463,3,0.15,46,29,6000.6,5,37,m,y
7464,4,0.25,28,64,3367.77,7,37,m,y
7465,3,0.12,165,28,812.2,2,86,f,w
7466,7,0.29,92,67,415.48,8,42,m,y
7467,4,0.15,12,14,794.08,3,50,m,n
7468,4,0.3,77,74,59464.59,1,49,m,y
7469,1,0.29,48,46,33.46,8,48,m,n
7470,22,0.4,147,59,0.0,9,64,m,w
7471,12,0.5,19,56,690.27,8,69,f,w
7472,5,0.45,105,61,533.99,1,50,m,y
7473,1,0.18,174,35,227.54,7,36,f,n
7474,21,0.29,116,37,5371.24,7,74,m,w
7475,1,0.3,96,37,487.19,4,53,f,y
7476,1,0.3,89,76,42785.79,8,80,f,y
7477,1,0.33,107,21,85.27,5,25,f,n
7478,0,0.41,19,73,22743.29,4,57,f,y
7479,1,0.33,33,76,226.18,5,83,f,w
7480,8,0.29,35,76,0.0,2,49,m,y
7481,1,0.18,84,27,2408.32,4,51,f,y
7482,4,0.32,59,67,7727.44,10,59,f,y
7483,6,0.25,145,39,404.86,8,46,m,y
7484,9,0.23,119,47,6107.35,7,50,m,y
7485,1,0.29,125,88,101631.43,8,49,m,n
7486,5,0.19,80,47,457.26,7,45,f,y
7487,26,0.4,172,63,2618.25,7,73,m,w
7488,4,0.32,75,74,16990.97,7,61,m,n
7489,7,0.42,72,90,1230.16,2,58,m,y
7490,33,0.17,20,36,105.87,3,67,f,y
7491,4,0.37,137,95,12293.5,1,51,m,y
7492,5,0.28,103,76,0.0,2,43,m,y
7493,10,0.32,107,67,2085.25,10,45,f,y
7494,3,0.56,177,84,5576.51,6,55,f,y
7495,1,0.18,172,56,8617.68,2,39,f,w
7496,0,0.23,110,56,13060.0,1,47,f,y
7497,10,0.36,91,61,2684.88,8,47,m,n
7498,5,0.27,42,42,116710.69,9,86,m,w
7499,3,0.58,165,41,5263.62,7,25,m,n
7500,1,0.25,128,21,394.09,3,52,f,w
7501,22,0.17,161,53,873.14,1,80,m,w
7502,0,0.19,137,30,4772.52,4,56,f,y
7503,34,0.2,15,36,1434.76,10,66,f,w
7504,7,0.25,32,45,18078.47,3,56,m,w
7505,14,0.26,89,39,816.0,3,44,m,y
7506,3,0.12,169,29,518.01,2,25,m,y
7507,1,0.24,10,31,2060.1,10,58,m,y
7508,1,0.22,165,47,2779.73,3,43,m,y
7509,12,0.36,104,100,0.0,5,42,f,y
7510,3,0.38,156,85,869.77,4,47,m,n
7511,2,0.19,134,40,1268.52,1,81,m,n
7512,6,0.26,36,69,3404.94,1,91,m,n
7513,6,0.28,24,68,1073.85,1,58,f,y
7514,2,0.22,59,33,5254.84,10,48,f,n
7515,17,0.39,133,83,2506.71,9,37,f,y
7516,21,0.54,167,49,133.13,9,62,f,y
7517,2,0.45,137,93,1899.57,9,81,f,w
7518,8,0.43,53,61,379.35,10,51,m,y
7519,4,0.18,54,22,0.0,4,25,m,y
7520,1,0.33,122,53,1160.9,4,65,m,y
7521,4,0.13,177,26,1820.85,10,69,f,n
7522,10,0.32,167,35,0.0,7,31,m,n
7523,5,0.53,61,62,6158.61,3,57,m,y
7524,4,0.51,79,33,131.18,10,61,f,y
7525,4,0.22,11,49,742.0,3,53,f,n
7526,4,0.6,81,72,11552.55,4,43,f,n
7527,3,0.28,118,50,6721.83,6,70,m,n
7528,0,0.33,131,43,3382.91,1,48,f,n
7529,16,0.29,41,33,3933.25,3,32,f,n
7530,24,0.38,168,32,0.0,5,25,m,n
7531,10,0.24,30,30,0.0,4,73,f,w
7532,1,0.23,60,63,770.71,8,64,f,n
7533,8,0.33,174,46,1827.57,9,56,m,w
7534,16,0.24,62,66,0.0,8,48,m,y
7535,9,0.29,155,69,9081.7,9,47,f,n
7536,11,0.19,177,55,1582.58,8,38,m,n
7537,2,0.22,162,53,896.95,10,48,f,n
7538,12,0.36,76,64,0.0,1,25,m,y
7539,1,0.2,53,38,503.63,7,43,f,n
7540,9,0.25,109,51,0.0,9,50,f,n
7541,2,0.38,8,75,4087.81,1,64,f,y
7542,7,0.1,90,14,3766.04,10,54,m,n
7543,4,0.2,178,51,21504.69,1,66,m,n
7544,7,0.56,25,85,28020.42,10,75,m,y
7545,2,0.16,78,43,399.2,2,70,m,y
7546,27,0.17,169,37,185.26,5,62,m,y
7547,14,0.45,65,30,191.22,8,55,f,y
7548,10,0.28,83,53,198.1,8,40,m,y
7549,6,0.3,23,27,1501.09,10,66,f,y
7550,13,0.2,102,43,161.19,4,80,m,y
7551,9,0.07,71,5,1014.5,7,60,f,y
7552,3,0.23,36,33,1474.99,7,83,f,y
7553,1,0.34,14,61,2782.57,9,32,m,n
7554,4,0.16,153,27,444900.83,9,37,f,n
7555,8,0.29,153,81,0.0,3,67,f,n
7556,4,0.53,52,60,559.13,8,58,f,y
7557,12,0.17,6,24,25.81,5,74,f,n
7558,2,0.32,88,49,19509.07,5,54,m,y
7559,3,0.25,105,59,563.36,8,41,m,n
7560,21,0.33,147,82,69580.26,6,51,m,n
7561,2,0.5,134,49,0.0,10,32,f,n
7562,1,0.25,15,41,1504.04,10,38,f,y
7563,1,0.31,147,89,3808.64,1,69,f,n
7564,1,0.29,47,37,538.65,4,68,m,y
7565,0,0.21,129,20,1101.06,9,60,f,n
7566,4,0.34,30,55,0.0,5,29,f,n
7567,6,0.51,169,95,22719.27,4,49,m,n
7568,9,0.26,100,64,3966.37,10,36,m,y
7569,0,0.17,40,52,4679.76,1,72,m,w
7570,6,0.26,144,50,4088.01,9,46,f,y
7571,12,0.2,15,63,0.0,8,38,f,y
7572,6,0.23,13,52,10857.02,3,55,m,y
7573,2,0.31,110,82,58004.17,9,45,m,w
7574,8,0.31,156,52,1101.58,1,77,f,y
7575,3,0.37,139,55,4656.0,4,43,f,n
7576,7,0.13,129,23,1718.01,5,34,f,w
7577,25,0.13,69,15,0.0,4,25,f,n
7578,2,0.28,51,35,2188.06,4,54,m,w
7579,9,0.23,109,51,997.0,9,46,f,n
7580,6,0.18,43,30,7722.51,5,33,m,y
7581,3,0.24,158,63,662.87,1,72,f,y
7582,0,0.15,91,32,928.74,7,65,m,n
7583,18,0.26,7,62,16155.92,6,54,f,y
7584,14,0.19,29,39,0.0,9,75,m,y
7585,22,0.29,106,35,9702.94,4,64,f,n
7586,8,0.25,72,55,2807.32,10,42,m,n
7587,6,0.25,95,20,3508.94,6,39,m,n
7588,1,0.33,99,68,785.34,10,67,f,n
7589,4,0.13,98,25,5640.85,7,60,m,y
7590,4,0.21,76,46,1083.44,4,57,f,y
7591,2,0.17,142,38,532.8,9,42,f,y
7592,14,0.56,178,71,459.22,1,64,f,w
7593,8,0.38,21,67,1822.33,1,43,f,y
7594,10,0.22,124,46,2508.14,3,53,f,y
7595,9,0.2,113,36,930.81,9,76,f,w
7596,0,0.34,147,55,14470.47,5,45,f,y
7597,11,0.18,159,37,383.9,1,31,m,y
7598,15,0.33,179,62,0.0,5,39,m,y
7599,5,0.33,106,92,10117.76,6,69,f,y
7600,14,0.36,35,17,403.78,4,58,m,y
7601,4,0.34,129,88,12184.96,7,53,m,w
7602,10,0.32,61,55,3158.1,3,47,m,n
7603,9,0.49,99,46,838.48,5,62,m,y
7604,17,0.31,37,51,4991.78,6,42,f,y
7605,5,0.27,83,27,2721.89,7,59,f,y
7606,1,0.52,28,45,65582.38,10,44,f,n
7607,2,0.28,22,53,2669.97,2,41,f,y
7608,5,0.21,127,30,6885.6,5,45,m,w
7609,5,0.25,157,43,395.94,7,49,m,y
7610,8,0.23,144,57,0.0,7,54,m,n
7611,0,0.32,46,87,118408.64,3,58,f,y
7612,5,0.26,20,57,208.91,8,25,m,y
7613,6,0.26,96,60,9814.65,1,42,m,y
7614,8,0.36,57,81,8040.35,4,49,f,n
7615,10,0.22,167,52,10049.91,3,77,f,y
7616,9,0.49,65,59,8202.09,4,38,m,y
7617,11,0.42,62,43,713.3,9,57,m,n
7618,15,0.13,38,30,78.48,8,77,f,y
7619,0,0.18,154,25,1904.26,4,35,f,y
7620,4,0.22,157,57,44518.91,8,60,m,n
7621,1,0.23,25,68,0.0,1,42,m,y
7622,0,0.26,118,71,210.01,8,47,f,n
7623,3,0.69,73,42,5526.68,10,42,f,y
7624,36,0.19,106,35,24.97,2,44,f,y
7625,2,0.34,106,21,758.68,6,95,f,y
7626,4,0.37,179,62,3619.49,6,67,f,w
7627,18,0.36,38,33,441.82,3,71,m,w
7628,1,0.16,36,22,166.56,5,62,m,w
7629,1,0.24,167,44,2968.04,2,30,f,y
7630,3,0.31,27,85,176.95,8,60,f,n
7631,8,0.38,111,69,928.29,8,71,f,y
7632,7,0.37,35,57,4172.26,5,42,m,y
7633,2,0.3,10,33,655.22,7,69,f,n
7634,18,0.16,174,46,0.0,8,65,m,y
7635,0,0.4,178,52,949.32,4,82,f,y
7636,16,0.88,66,85,40906.02,2,48,m,y
7637,1,0.34,122,38,1414.03,5,38,f,n
7638,5,0.21,18,31,741.95,7,49,f,y
7639,7,0.15,142,22,968.28,4,76,m,y
7640,21,0.19,168,43,0.0,4,27,m,w
7641,2,0.2,23,33,14252.3,4,25,f,y
7642,19,0.18,132,33,2506.77,9,56,f,y
7643,27,0.29,145,60,3093.93,9,48,m,n
7644,25,0.09,124,10,140.16,10,55,m,n
7645,5,0.26,174,72,0.0,8,69,m,y
7646,1,0.54,149,71,1440.16,8,46,f,n
7647,5,0.21,18,49,14465.75,7,26,m,y
7648,13,0.24,129,76,4472.82,1,85,m,n
7649,3,0.37,151,82,9628.14,8,40,f,y
7650,11,0.38,81,51,5126.6,4,39,f,y
7651,6,0.18,123,55,2401.92,1,71,m,n
7652,6,0.45,103,44,489.03,1,49,f,n
7653,3,0.16,38,34,1512.69,3,54,f,n
7654,9,0.38,87,40,0.0,3,62,f,w
7655,3,0.32,72,30,997.51,10,71,m,w
7656,4,0.33,59,72,5514.37,1,49,f,y
7657,0,0.3,11,65,11030.58,8,77,m,y
7658,11,0.35,41,48,1132.93,4,25,m,n
7659,7,0.16,60,35,1266.12,4,66,m,n
7660,10,0.14,132,15,4109.07,6,42,f,w
7661,25,0.17,76,36,935.68,9,75,f,y
7662,2,0.26,99,64,17059.8,9,57,f,y
7663,10,0.36,148,58,853.54,8,44,m,y
7664,3,0.32,27,65,5221.29,1,64,f,y
7665,1,0.22,54,42,90599.27,10,68,f,y
7666,6,0.23,171,42,1577.11,10,64,m,y
7667,26,0.21,141,31,532.53,2,39,f,n
7668,24,0.23,141,25,874.9,3,47,m,y
7669,19,0.16,105,15,494.43,5,54,f,y
7670,5,0.46,42,91,9081.93,5,54,m,n
7671,8,0.19,83,38,467.94,10,66,f,y
7672,0,0.23,126,64,1467.2,8,25,f,n
7673,1,0.21,158,67,9492.66,2,60,f,y
7674,2,0.19,26,34,621.62,2,50,m,n
7675,2,0.4,106,85,7622.64,8,42,m,n
7676,17,0.33,132,83,1962.54,1,43,m,n
7677,5,0.27,164,59,91091.31,9,51,f,y
7678,4,0.11,11,29,3180.61,2,25,f,y
7679,0,0.22,175,30,4004.12,5,44,m,y
7680,12,0.21,124,48,5096.93,3,41,m,n
7681,0,0.23,161,34,1803.25,5,62,f,y
7682,14,0.16,169,44,0.0,8,42,f,n
7683,1,0.2,133,61,1613.61,8,51,m,y
7684,5,0.51,45,42,0.0,6,78,m,w
7685,3,0.3,146,81,0.0,9,69,m,n
7686,21,0.32,137,19,0.0,7,68,f,n
7687,27,0.5,103,58,7518.3,2,47,f,y
7688,13,0.33,127,69,5612.52,1,63,f,w
7689,7,0.61,106,89,1045.75,8,51,m,y
7690,5,0.37,69,74,5256.99,1,52,f,y
7691,2,0.19,103,55,7359.22,8,61,m,n
7692,7,0.2,85,24,1611.99,9,46,m,y
7693,8,0.33,28,65,0.0,1,77,f,w
7694,21,0.44,92,100,0.0,7,52,m,y
7695,7,0.15,148,15,434.19,5,64,m,y
7696,15,0.28,94,78,0.0,8,76,f,y
7697,4,0.38,98,28,251.57,4,70,m,y
7698,6,0.34,105,49,974.06,2,33,f,y
7699,19,0.37,132,43,0.0,7,61,f,y
7700,11,0.3,84,66,22006.88,7,67,f,n
7701,20,0.15,106,31,1823.93,8,68,m,n
7702,1,0.52,104,32,3020.46,9,38,m,n
7703,1,0.44,179,62,22103.49,6,45,m,n
7704,2,0.27,44,37,1473.77,3,69,m,y
7705,14,0.17,52,28,7995.16,5,43,f,n
7706,4,0.29,42,64,1736.43,3,50,m,n
7707,0,0.29,174,38,3487.54,10,78,m,n
7708,2,0.33,97,93,19638.25,9,54,f,n
7709,0,0.39,178,30,618.65,5,44,f,y
7710,11,0.32,35,76,20305.61,7,41,f,n
7711,3,0.27,73,59,752.33,10,59,m,y
7712,8,0.27,12,74,0.0,7,35,f,y
7713,3,0.4,102,80,12724.14,7,51,f,y
7714,22,0.2,52,27,1321.85,10,59,m,y
7715,2,0.24,52,40,3376.32,4,74,m,w
7716,6,0.18,84,25,3999.64,4,65,m,w
7717,6,0.25,131,54,1271.18,3,44,f,y
7718,7,0.23,104,42,2222.58,4,72,m,y
7719,1,0.26,106,71,10797.71,9,50,f,y
7720,3,0.19,138,35,7932.56,5,36,f,n
7721,1,0.45,92,47,3470.25,6,52,f,y
7722,0,0.39,155,55,3935.16,4,76,m,w
7723,8,0.31,100,69,12903.58,1,57,m,n
7724,36,0.29,156,21,13985.32,7,55,m,w
7725,9,0.28,97,51,17540.23,7,79,m,n
7726,12,0.18,178,39,480.68,6,33,f,n
7727,0,0.35,57,81,4850.38,4,35,m,n
7728,10,0.41,179,33,2204.1,10,30,m,n
7729,6,0.14,43,44,270.68,8,60,m,n
7730,2,0.35,173,69,1250.51,8,57,m,y
7731,7,0.25,148,43,1846.38,1,78,f,w
7732,9,0.16,118,25,2824.1,9,58,f,w
7733,22,0.35,145,48,331.09,8,48,f,n
7734,1,0.3,82,63,3070.09,2,55,m,n
7735,9,0.17,72,31,389.94,9,56,f,y
7736,6,0.31,126,52,0.0,4,29,f,y
7737,7,0.38,24,50,1895.78,10,95,m,w
7738,0,0.36,95,32,4646.69,6,62,m,y
7739,4,0.5,35,67,2248.95,2,58,f,y
7740,7,0.22,97,54,8793.07,10,64,f,y
7741,1,0.21,23,49,1184.78,4,65,f,n
7742,2,0.27,68,83,752.0,2,52,m,y
7743,7,0.25,12,56,15443.84,9,45,m,y
7744,9,0.31,93,48,310.41,9,63,f,y
7745,1,0.28,121,58,27402.01,5,60,f,n
7746,7,0.13,68,22,1486.76,3,42,f,n
7747,4,0.5,93,26,6850.48,3,76,f,y
7748,1,0.23,80,70,34299.54,1,59,m,y
7749,0,0.37,128,50,570.51,8,65,f,n
7750,12,0.15,44,21,132.8,3,75,f,w
7751,2,0.11,176,14,261.87,4,55,f,n
7752,1,0.2,143,64,2119.45,2,59,m,n
7753,8,0.2,112,44,1422.34,8,67,m,w
7754,3,0.21,25,36,655.81,3,44,f,y
7755,0,0.28,111,69,7131.19,2,55,f,y
7756,23,0.38,172,87,0.0,1,56,f,n
7757,8,0.18,104,32,727.75,10,40,f,n
7758,1,0.2,120,65,446.34,2,89,f,n
7759,0,0.19,161,35,390.67,2,33,f,w
7760,5,0.21,163,50,171.11,4,35,m,n
7761,36,0.45,63,93,597.33,1,74,m,w
7762,3,0.29,75,39,11127.62,1,65,m,y
7763,16,0.11,67,17,380.45,6,39,f,y
7764,10,0.49,134,44,13005.59,5,64,m,n
7765,2,0.19,158,44,2532.66,1,77,m,y
7766,0,0.32,172,64,10608.8,6,54,f,y
7767,17,0.28,144,46,1858.26,8,93,f,w
7768,13,0.18,64,37,761.43,5,29,f,n
7769,9,0.15,170,34,2399.64,3,65,m,y
7770,30,0.26,162,24,0.0,3,72,f,w
7771,22,0.32,103,54,0.0,2,68,m,y
7772,1,0.29,87,45,678.19,9,51,m,y
7773,5,0.28,142,45,543.39,9,50,m,n
7774,1,0.37,51,28,3335.67,7,61,m,n
7775,17,0.47,142,82,445.13,1,67,m,y
7776,0,0.2,76,61,3992.88,1,64,f,y
7777,9,0.32,108,82,7067.89,4,70,m,y
7778,9,0.44,47,100,61743.07,2,39,f,w
7779,1,0.22,167,53,295.94,3,51,m,n
7780,20,0.23,33,49,0.0,2,40,m,y
7781,7,0.16,105,47,0.0,1,49,f,y
7782,19,0.47,66,43,332.82,3,70,f,y
7783,5,0.25,45,51,0.0,7,56,f,n
7784,13,0.19,64,39,557.01,10,94,f,w
7785,13,0.35,178,53,0.0,9,57,f,y
7786,8,0.19,172,38,4392.44,10,55,f,w
7787,4,0.35,175,34,1837.9,9,56,f,y
7788,18,0.39,144,69,1757.77,8,45,f,y
7789,14,0.18,171,33,4581.5,6,54,m,y
7790,2,0.2,62,52,9635.74,1,71,f,n
7791,4,0.21,128,66,26459.75,8,56,m,w
7792,1,0.32,145,93,2444.88,8,43,m,n
7793,0,0.21,175,46,2773.52,9,41,f,n
7794,0,0.17,142,39,2068.37,10,48,m,y
7795,0,0.45,155,32,2079.02,6,56,m,y
7796,3,0.39,171,20,0.0,3,72,m,n
7797,20,0.29,62,49,7410.8,6,34,f,n
7798,7,0.28,72,72,674.04,8,50,m,n
7799,16,0.29,35,58,67832.61,7,57,m,y
7800,0,0.26,126,50,976.48,8,27,f,y
7801,8,0.24,159,53,1685.59,3,42,f,y
7802,5,0.28,59,54,3402.11,8,44,m,n
7803,1,0.26,37,70,22754.3,5,43,m,n
7804,1,0.31,27,51,9250.65,7,57,m,y
7805,1,0.28,141,51,130.04,4,52,m,y
7806,2,0.26,114,29,698.17,3,46,m,y
7807,0,0.25,71,35,19442.49,6,61,m,y
7808,3,0.19,19,38,0.0,9,80,f,w
7809,31,0.33,138,66,345402.64,4,79,f,w
7810,7,0.29,18,43,10152.18,9,26,f,n
7811,6,0.13,92,26,3123.98,3,63,m,y
7812,6,0.56,129,54,5183.12,6,52,m,n
7813,7,0.18,82,29,764.53,5,57,f,n
7814,10,0.33,88,83,33468.41,9,49,m,y
7815,12,0.23,29,17,1355.26,6,56,f,w
7816,0,0.37,40,71,468.75,2,57,f,n
7817,1,0.38,73,92,14876.42,4,46,f,y
7818,1,0.26,159,38,524.65,5,41,m,n
7819,3,0.25,79,58,981.9,9,48,m,n
7820,2,0.35,171,75,22349.69,1,58,f,n
7821,13,0.33,39,70,11100.44,9,63,f,y
7822,4,0.15,39,28,0.0,10,67,m,y
7823,14,0.32,24,48,0.0,1,47,f,y
7824,10,0.39,8,51,677.38,1,59,m,n
7825,4,0.28,121,61,0.0,4,69,m,y
7826,25,0.23,41,43,620.31,6,72,f,n
7827,12,0.34,9,62,43.94,2,54,f,n
7828,9,0.38,127,61,0.0,1,51,f,y
7829,12,0.27,159,49,8035.14,4,57,m,n
7830,4,0.42,136,70,4272.98,8,37,m,y
7831,0,0.28,133,75,38458.33,6,52,f,y
7832,4,0.21,14,46,3297.22,5,66,m,y
7833,5,0.43,51,75,17904.6,1,64,m,w
7834,0,0.37,19,68,6095.42,3,50,f,n
7835,3,0.25,8,33,5620.72,7,58,m,y
7836,21,0.42,7,87,0.0,10,42,f,w
7837,1,0.21,91,50,39.25,3,65,m,n
7838,7,0.39,166,48,16926.48,5,53,f,y
7839,14,0.18,105,39,0.0,6,50,f,y
7840,10,0.15,143,27,4194.08,9,49,m,y
7841,1,0.3,116,39,3436.69,3,54,m,n
7842,4,0.21,58,44,2958.06,6,48,m,n
7843,6,0.32,177,52,528.08,2,64,m,y
7844,1,0.38,171,68,19435.71,9,49,f,y
7845,2,0.49,154,100,1914960.97,9,78,f,y
7846,8,0.23,168,40,313.49,7,76,f,y
7847,14,0.31,88,60,924.98,9,41,f,n
7848,22,0.2,27,29,0.0,4,56,m,y
7849,1,0.26,25,24,2629.6,10,45,m,n
7850,6,0.22,105,68,1340.08,1,50,f,n
7851,8,0.25,115,60,0.0,1,85,f,y
7852,10,0.34,73,61,29749.22,2,50,f,y
7853,8,0.18,101,35,907.26,10,60,m,y
7854,12,0.22,13,36,0.0,3,63,f,y
7855,4,0.31,56,90,1732.99,2,39,m,n
7856,5,0.15,159,15,3192.78,4,42,f,n
7857,1,0.09,56,26,303.48,8,36,f,y
7858,0,0.26,159,47,128.14,3,41,m,y
7859,1,0.32,52,71,5004.15,4,25,f,y
7860,9,0.46,48,59,1079.86,2,63,f,y
7861,2,0.15,142,40,1407.24,1,85,f,w
7862,11,0.25,168,71,0.0,8,57,f,y
7863,0,0.17,152,33,6745.17,7,33,m,n
7864,3,0.18,85,33,2480.21,10,45,f,n
7865,0,0.45,161,54,3284.51,2,48,m,y
7866,11,0.28,8,59,0.0,8,39,m,n
7867,4,0.15,151,32,1463.04,10,67,m,w
7868,1,0.15,18,32,17423.95,3,67,f,y
7869,6,0.18,160,42,827.77,7,37,m,y
7870,27,0.36,45,100,9285.6,1,65,m,y
7871,0,0.16,44,36,5805.47,3,77,m,w
7872,7,0.22,63,54,0.0,9,83,f,y
7873,9,0.16,62,16,113.17,4,95,f,w
7874,14,0.24,29,77,1187.58,1,41,m,n
7875,3,0.24,124,64,7249.19,6,95,f,w
7876,8,0.39,27,96,18204.74,1,49,m,y
7877,0,0.33,56,52,6603.68,10,46,f,n
7878,0,0.52,81,59,6217.04,1,59,f,y
7879,10,0.18,171,36,357.96,2,46,f,y
7880,4,0.26,132,42,2121.16,3,60,m,w
7881,5,0.3,66,67,2900.76,2,35,f,y
7882,16,0.32,54,59,0.0,8,51,f,w
7883,1,0.3,28,64,104.1,6,74,f,n
7884,1,0.62,9,66,12104.37,1,54,f,w
7885,3,0.23,81,37,391.21,6,57,m,y
7886,3,0.12,42,33,300.03,1,62,f,n
7887,6,0.33,98,47,2828.48,9,72,m,y
7888,4,0.31,139,61,45409.34,3,30,f,y
7889,2,0.26,161,51,4775.88,1,63,m,n
7890,15,0.24,141,55,4805.46,1,50,f,n
7891,1,0.27,153,54,1454.11,2,57,m,y
7892,0,0.24,149,44,235.14,6,70,m,y
7893,1,0.34,146,96,66217.34,1,37,m,y
7894,5,0.23,84,54,1006.17,7,39,m,y
7895,7,0.23,67,45,1531.18,4,25,f,y
7896,1,0.17,116,40,1223.41,7,46,f,n
7897,6,0.26,125,47,2915.61,4,74,f,y
7898,0,0.22,58,39,528.97,4,53,f,y
7899,7,0.2,127,45,3349.28,4,34,f,w
7900,6,0.29,33,52,2590.26,10,47,m,y
7901,4,0.42,23,50,1961.61,10,32,m,n
7902,20,0.21,12,46,0.0,8,38,m,n
7903,4,0.06,26,18,3679.03,2,60,f,n
7904,3,0.22,46,54,7533.38,8,37,m,n
7905,2,0.43,172,46,12010.45,10,71,m,w
7906,3,0.61,113,100,1073361.8,1,53,f,y
7907,1,0.36,143,40,427.57,7,56,f,y
7908,1,0.2,36,31,2820.59,7,50,f,n
7909,4,0.33,47,79,4572.71,6,66,f,y
7910,0,0.21,64,42,1039.71,4,66,f,y
7911,7,0.23,123,55,0.0,5,60,f,n
7912,5,0.47,109,77,507.41,1,63,f,n
7913,1,0.36,171,81,3991.11,2,51,f,y
7914,0,0.24,48,6,1946.76,10,63,m,w
7915,6,0.32,135,87,14179.87,7,49,m,n
7916,0,0.23,139,68,12391.7,2,55,m,w
7917,32,0.14,82,43,387.9,8,50,m,n
7918,5,0.27,162,53,4740.41,7,48,f,y
7919,6,0.18,163,25,595.75,10,44,m,n
7920,17,0.31,94,43,3816.62,8,62,m,n
7921,23,0.23,173,60,0.0,4,74,f,w
7922,21,0.22,104,49,0.0,1,72,f,w
7923,4,0.25,42,21,151.74,7,36,f,y
7924,1,0.23,123,40,5882.64,1,74,f,y
7925,17,0.47,140,30,382.3,7,50,f,y
7926,2,0.42,151,53,3842.82,9,64,f,n
7927,3,0.18,141,38,14174.75,5,41,m,n
7928,0,0.32,105,88,20243.72,2,57,m,y
7929,15,0.41,60,89,37145.92,1,59,m,y
7930,19,0.2,110,48,0.0,8,32,f,n
7931,13,0.31,79,70,1237.48,4,64,f,y
7932,2,0.2,63,57,4182.89,8,75,f,y
7933,13,0.12,109,32,776.3,2,52,f,y
7934,1,0.26,21,35,1434.05,3,75,m,w
7935,12,0.67,158,60,0.0,3,52,f,n
7936,22,0.47,34,52,1412.59,4,67,f,y
7937,2,0.37,13,39,5962.78,9,25,m,y
7938,5,0.56,105,38,68443.56,9,91,f,w
7939,7,0.22,128,49,439.74,5,77,m,w
7940,4,0.22,57,37,1026.65,7,50,m,n
7941,2,0.19,96,42,12557.11,9,25,f,y
7942,4,0.3,82,76,7446.54,1,59,f,y
7943,7,0.25,159,80,2014.5,2,33,m,n
7944,4,0.32,111,53,13982.62,6,61,f,y
7945,9,0.19,30,27,30.32,3,61,f,y
7946,0,0.39,97,45,827.83,7,40,f,n
7947,5,0.31,78,78,33233.85,5,71,m,w
7948,17,0.24,126,48,3928.9,10,67,m,n
7949,36,0.19,31,60,0.0,8,69,m,n
7950,6,0.34,95,92,0.0,1,55,f,y
7951,5,0.15,91,32,702.23,9,33,m,y
7952,3,0.39,134,23,3035.23,10,69,m,y
7953,2,0.53,145,58,9423.03,6,50,f,n
7954,2,0.37,157,80,3129.37,5,34,f,y
7955,0,0.26,35,65,6550.8,8,75,f,w
7956,30,0.31,19,65,13960.86,4,86,f,y
7957,1,0.22,156,43,1105.42,9,54,m,y
7958,6,0.25,135,47,2351.34,5,87,m,n
7959,0,0.21,136,46,8191.96,1,56,f,n
7960,0,0.56,11,75,83659.65,8,49,f,y
7961,12,0.18,154,26,10290.39,9,45,f,n
7962,7,0.31,25,41,252.42,5,79,f,y
7963,1,0.36,154,61,7705.63,5,43,f,n
7964,5,0.5,45,44,17636.91,6,66,f,n
7965,3,0.13,158,24,5588.17,9,46,f,y
7966,5,0.19,120,44,0.0,5,48,f,n
7967,0,0.23,129,47,638.29,2,70,m,y
7968,17,0.27,76,51,1884.92,3,49,m,n
7969,6,0.23,38,29,5439.56,10,48,f,n
7970,6,0.38,56,84,25995.06,3,71,m,y
7971,1,0.4,95,67,1801.54,9,78,f,y
7972,6,0.42,95,65,0.0,8,64,m,y
7973,32,0.23,122,35,245.51,6,45,m,w
7974,1,0.19,84,45,13000.71,5,47,m,y
7975,9,0.15,25,31,7049.75,10,56,m,n
7976,3,0.17,24,45,420.06,2,59,m,n
7977,11,0.43,61,61,1498.12,9,40,m,n
7978,5,0.23,6,30,3337.74,10,65,f,y
7979,18,0.21,172,53,11582.81,8,56,m,y
7980,0,0.32,42,76,10907.11,5,29,m,y
7981,4,0.26,23,69,5359.99,6,41,m,y
7982,3,0.18,84,31,19305.04,9,47,f,y
7983,17,0.26,139,71,1275.8,1,53,f,y
7984,0,0.21,106,51,21605.78,4,83,f,n
7985,1,0.22,27,38,2156.28,5,58,m,y
7986,5,0.26,16,53,4438.24,9,42,m,y
7987,6,0.47,77,40,0.0,5,58,f,y
7988,5,0.31,14,65,5212.43,5,49,f,y
7989,7,0.25,146,30,8289.22,3,59,m,y
7990,21,0.52,136,100,0.0,8,63,f,y
7991,8,0.4,140,45,5043.4,7,73,m,w
7992,5,0.25,51,50,211.04,8,54,m,y
7993,7,0.28,63,52,2095.85,4,79,f,w
7994,1,0.27,33,76,20588.18,8,68,f,y
7995,0,0.22,36,37,8801.49,10,44,m,n
7996,9,0.24,57,61,886.51,4,88,m,w
7997,11,0.16,142,46,640.55,1,59,f,n
7998,23,0.3,96,67,2510.25,4,42,f,n
7999,25,0.2,13,49,2038.26,5,79,f,y
8000,16,0.27,113,32,0.0,10,86,m,y
8001,19,0.28,91,62,0.0,8,54,f,y
8002,11,0.38,23,44,909.23,10,47,m,y
8003,18,0.26,125,64,505.7,6,52,m,y
8004,0,0.49,54,57,2825.02,10,65,m,y
8005,0,0.44,16,53,2256.71,5,74,f,y
8006,11,0.25,122,40,11829.41,3,63,m,y
8007,14,0.22,135,41,7566.63,4,56,f,y
8008,2,0.43,162,59,0.0,6,77,m,w
8009,0,0.46,58,41,142.42,6,50,m,w
8010,0,0.22,159,51,3751.75,6,70,m,y
8011,0,0.27,97,59,5635.62,2,50,m,y
8012,5,0.2,11,43,3111.81,8,61,m,y
8013,25,0.34,105,87,11468.36,8,53,m,n
8014,0,0.26,17,69,2333.42,6,54,m,y
8015,4,0.2,167,35,0.0,4,49,m,w
8016,6,0.16,126,47,2037.1,2,75,f,y
8017,7,0.48,132,75,11689.17,6,44,m,y
8018,4,0.22,42,37,2841.45,6,43,f,w
8019,13,0.39,130,52,3088.41,10,86,f,w
8020,1,0.15,170,25,267.36,3,69,m,n
8021,0,0.35,13,49,2879.26,2,25,f,y
8022,10,0.34,170,92,7850.44,4,46,f,n
8023,23,0.19,125,57,2590.1,8,27,m,y
8024,15,0.64,121,51,1111.36,5,40,f,y
8025,11,0.26,179,70,23748.36,3,25,f,y
8026,0,0.18,36,43,7260.8,5,52,f,y
8027,12,0.18,144,39,5618.51,9,37,f,n
8028,5,0.33,169,100,6849.56,8,55,m,y
8029,2,0.21,150,50,23876.07,10,30,m,n
8030,30,0.42,21,23,962.38,7,56,f,y
8031,15,0.32,35,77,0.0,4,48,f,y
8032,4,0.63,44,97,2692.4,2,77,f,w
8033,1,0.42,49,52,2592.95,9,76,f,w
8034,18,0.41,121,71,0.0,3,66,m,w
8035,4,0.13,42,25,3047.91,6,50,m,n
8036,21,0.33,159,50,0.0,7,84,f,y
8037,2,0.22,154,40,2888.08,3,31,f,w
8038,4,0.36,97,35,553.94,3,33,f,n
8039,18,0.33,24,66,8342.18,3,53,f,y
8040,0,0.15,105,26,17792.63,3,88,m,n
8041,30,0.39,144,83,0.0,3,51,f,y
8042,0,0.22,152,33,3648.76,7,52,f,y
8043,7,0.26,74,32,2787.93,5,33,f,w
8044,5,0.2,135,41,2582.28,4,69,m,y
8045,6,0.65,30,46,20690.2,6,69,m,n
8046,3,0.28,120,55,12661.24,8,66,f,y
8047,10,0.26,95,68,0.0,2,45,m,n
8048,11,0.39,35,82,9574361.91,3,44,f,n
8049,9,0.32,22,87,1640.52,2,35,m,y
8050,0,0.4,90,51,3949.96,7,56,m,y
8051,0,0.41,151,42,3126.75,2,38,f,w
8052,8,0.38,116,31,1583.27,5,37,m,n
8053,0,0.26,97,50,48799.25,10,48,f,n
8054,0,0.25,81,58,6977.66,9,47,m,y
8055,0,0.2,45,34,475.8,8,46,f,y
8056,0,0.23,139,49,1684.76,8,61,m,n
8057,9,0.16,93,34,8492.96,3,56,m,n
8058,31,0.4,176,67,28263.17,1,50,f,y
8059,6,0.14,150,43,3002.71,2,57,f,n
8060,8,0.19,175,45,258.85,7,40,m,y
8061,9,0.3,152,39,1472.04,4,56,f,y
8062,0,0.42,116,28,214.79,10,57,f,y
8063,8,0.38,60,70,19048.79,5,32,f,y
8064,15,0.31,97,50,0.0,1,69,f,y
8065,14,0.43,162,60,0.0,2,41,m,n
8066,2,0.27,118,60,0.0,9,56,m,y
8067,0,0.36,13,73,6164.66,6,72,m,w
8068,8,0.22,13,42,1799.3,7,68,f,n
8069,9,0.32,74,38,0.0,5,55,m,n
8070,22,0.39,48,61,0.0,9,49,m,y
8071,0,0.22,103,34,11415.91,10,69,m,y
8072,25,0.35,55,51,0.0,5,65,m,n
8073,0,0.35,9,82,1119.24,6,45,f,y
8074,4,0.23,113,22,1143.24,10,43,f,n
8075,4,0.23,41,48,10290.57,9,25,f,n
8076,0,0.25,138,61,4885.84,5,57,f,y
8077,11,0.32,24,33,0.0,4,53,f,n
8078,0,0.16,175,37,917.02,5,72,f,w
8079,13,0.18,115,21,541.53,5,60,m,y
8080,3,0.49,148,42,232.64,5,75,m,y
8081,1,0.14,19,46,1994.07,1,44,m,n
8082,5,0.51,53,62,1342.93,5,72,m,y
8083,0,0.1,77,12,2118.89,5,47,f,y
8084,1,0.36,109,89,4855.03,1,66,f,y
8085,21,0.3,80,63,100111.91,4,33,m,y
8086,19,0.21,113,60,5797.68,8,58,f,y
8087,1,0.34,115,56,1734.51,4,25,f,n
8088,1,0.26,87,57,540.79,7,50,m,n
8089,5,0.29,68,33,1134.85,6,61,f,n
8090,9,0.24,60,45,1166.88,5,47,f,w
8091,2,0.14,37,30,0.0,9,39,f,y
8092,2,0.24,169,60,23666.58,8,67,f,y
8093,36,0.24,114,29,1677.04,5,53,m,w
8094,5,0.17,90,37,1451.85,10,47,m,y
8095,17,0.48,117,84,9598.21,7,55,m,n
8096,3,0.24,111,34,265.1,9,94,f,y
8097,0,0.43,62,49,10423.15,7,72,m,w
8098,2,0.39,49,30,2213.81,3,72,m,w
8099,8,0.53,167,47,2128.21,10,61,f,y
8100,6,0.26,97,52,0.0,5,57,f,y
8101,3,0.23,143,48,6199.42,9,25,f,y
8102,5,0.32,117,28,4854.46,9,44,m,y
8103,36,0.36,145,81,9570.8,8,47,m,y
8104,9,0.24,174,47,25763.1,6,26,m,n
8105,8,0.34,136,22,729.74,7,37,f,y
8106,6,0.26,70,60,1969.32,7,25,m,y
8107,1,0.53,106,95,11551.07,1,54,f,y
8108,7,0.36,45,66,3478.63,8,67,f,y
8109,6,0.2,107,33,7143.83,6,71,m,y
8110,12,0.24,35,49,4608.14,7,61,m,n
8111,3,0.44,110,59,56817.12,10,40,f,n
8112,4,0.31,48,65,4710.21,10,26,f,y
8113,36,0.24,96,30,1328.6,2,28,f,y
8114,3,0.35,35,64,4859.56,7,35,m,n
8115,6,0.18,46,53,10913.92,8,41,m,y
8116,3,0.36,49,27,573.99,5,52,f,y
8117,8,0.23,42,44,0.0,1,39,f,n
8118,11,0.17,122,27,2438.03,6,60,m,y
8119,9,0.19,139,32,11769.38,3,51,f,y
8120,6,0.29,88,70,4037.65,5,55,f,w
8121,2,0.32,129,59,2685.99,9,72,m,y
8122,7,0.14,170,23,955.44,7,37,f,n
8123,11,0.26,6,70,0.0,8,61,m,y
8124,1,0.41,15,26,439.99,6,54,f,n
8125,4,0.26,31,68,100365.11,9,49,f,n
8126,16,0.36,150,60,231.13,3,68,m,y
8127,5,0.31,69,97,4107.41,1,68,f,n
8128,18,0.32,160,75,2366.24,10,40,f,n
8129,0,0.2,73,22,1969.28,4,52,f,y
8130,2,0.68,23,89,51228.7,8,59,m,n
8131,5,0.2,88,37,1106.25,6,50,f,y
8132,1,0.18,115,36,778.99,7,63,f,n
8133,6,0.27,95,40,53543.68,9,59,f,n
8134,5,0.32,25,83,2650.86,2,82,f,y
8135,21,0.2,126,41,0.0,7,32,m,y
8136,8,0.35,67,56,23952.19,4,53,m,y
8137,0,0.39,80,63,4924.13,7,41,f,n
8138,14,0.31,30,59,0.0,8,64,m,y
8139,8,0.45,129,87,3382.94,2,30,f,n
8140,1,0.37,88,70,9805.82,7,60,f,y
8141,2,0.26,101,48,9808.39,8,45,m,n
8142,9,0.27,70,69,359.91,1,43,f,n
8143,6,0.27,72,45,8486.87,10,33,m,n
8144,4,0.32,63,52,1244.53,5,48,f,n
8145,3,0.22,45,31,2036.31,9,71,m,y
8146,13,0.32,105,65,303.76,2,54,m,y
8147,12,0.38,176,37,0.0,6,64,m,w
8148,16,0.32,141,88,1269.21,2,79,f,y
8149,13,0.22,108,37,12608.05,3,58,m,n
8150,22,0.39,67,64,0.0,6,46,m,n
8151,0,0.18,167,32,665.74,5,62,m,n
8152,5,0.17,13,38,319.11,4,46,m,y
8153,3,0.2,30,33,11403.14,7,47,f,y
8154,3,0.25,159,44,3617.4,3,32,m,n
8155,20,0.27,174,63,2159.03,10,68,f,y
8156,12,0.3,85,45,3013.99,7,49,f,n
8157,0,0.25,77,40,618.83,9,57,f,y
8158,4,0.23,68,63,300.5,2,39,m,y
8159,2,0.16,80,31,5191.69,5,61,f,y
8160,6,0.32,12,61,441.97,1,43,m,n
8161,3,0.35,103,100,41848.43,7,52,f,y
8162,5,0.33,90,93,4538.74,2,68,f,y
8163,3,0.19,74,35,1983.18,5,66,f,w
8164,0,0.15,55,44,29288.24,1,54,f,n
8165,2,0.47,176,47,693.04,1,28,f,w
8166,9,0.27,127,60,34.95,4,95,f,y
8167,14,0.38,22,45,58427.07,7,81,m,w
8168,12,0.2,154,30,3570.4,7,65,m,y
8169,2,0.3,11,68,6529.38,8,43,m,n
8170,13,0.22,114,27,813.77,9,53,m,w
8171,14,0.36,80,77,0.0,4,46,f,y
8172,5,0.51,87,74,7447.1,2,73,f,y
8173,3,0.38,43,82,430.39,10,58,m,n
8174,13,0.66,68,42,7867.14,10,43,f,y
8175,0,0.25,133,53,726.93,3,47,m,n
8176,25,0.25,145,34,0.0,9,71,f,y
8177,3,0.45,155,50,21636.08,8,79,f,w
8178,1,0.28,8,39,346.23,6,77,f,y
8179,10,0.17,152,29,195.02,3,66,f,y
8180,4,0.41,176,59,13629.66,10,51,m,y
8181,5,0.23,92,51,81.8,8,25,f,y
8182,0,0.32,126,61,1934.72,2,59,m,y
8183,3,0.21,138,54,32484.36,4,54,m,y
8184,2,0.32,34,74,12491.16,4,57,f,y
8185,4,0.35,103,67,1632.72,9,55,m,w
8186,0,0.2,113,26,1118.16,8,35,f,y
8187,2,0.34,138,71,14971.45,7,63,f,n
8188,1,0.17,178,37,2364.94,4,64,m,y
8189,2,0.25,157,12,58.56,7,65,f,y
8190,5,0.4,108,100,704981.59,1,69,m,y
8191,25,0.19,154,58,0.0,8,64,f,n
8192,5,0.49,37,96,3273.83,8,48,f,n
8193,24,0.33,138,60,3927.15,9,53,m,y
8194,4,0.47,151,77,0.0,9,56,m,y
8195,0,0.36,40,57,566.89,1,56,m,y
8196,1,0.27,107,33,1016.82,10,69,f,y
8197,3,0.22,85,46,1197.51,7,64,m,y
8198,30,0.34,104,62,0.0,1,86,m,y
8199,13,0.19,93,34,6219.95,6,88,f,w
8200,0,0.17,138,25,358.93,5,56,f,y
8201,1,0.27,14,53,7371.48,2,25,f,y
8202,7,0.47,137,62,2610.35,3,73,f,y
8203,26,0.27,38,68,0.0,8,46,f,n
8204,4,0.33,96,82,5975.63,2,42,f,y
8205,14,0.23,155,53,3893.44,4,49,m,n
8206,3,0.16,16,0,101.99,3,48,f,n
8207,1,0.33,74,80,49007.36,7,64,m,y
8208,3,0.36,143,44,135.11,8,31,m,y
8209,7,0.17,136,41,3904.1,4,38,f,n
8210,7,0.26,148,48,5965.19,6,60,m,y
8211,4,0.52,128,97,15816.61,3,64,f,w
8212,9,0.18,115,32,313.45,7,64,m,n
8213,2,0.3,170,75,9636.41,8,43,m,y
8214,0,0.13,173,24,4119.51,7,40,f,w
8215,7,0.25,22,63,4035.34,4,47,f,n
8216,1,0.38,153,77,193184.41,10,58,f,y
8217,5,0.38,137,55,4398.54,9,77,f,y
8218,3,0.14,167,29,270.67,10,25,m,n
8219,0,0.15,100,40,71.14,8,51,f,w
8220,4,0.17,167,21,734.88,6,35,m,n
8221,16,0.58,72,85,0.0,2,30,f,n
8222,17,0.21,33,51,5186.3,10,69,m,y
8223,10,0.38,110,62,19391.99,7,63,f,n
8224,5,0.24,121,32,871.19,9,61,f,n
8225,3,0.25,169,47,6279.34,9,68,m,y
8226,0,0.24,168,53,4390.07,9,47,f,y
8227,10,0.25,174,52,590.23,9,48,m,n
8228,19,0.28,64,59,14038.45,6,87,m,w
8229,7,0.32,79,36,316.62,1,51,f,n
8230,36,0.59,150,38,8292.17,6,66,m,y
8231,8,0.52,35,53,8049.77,5,55,m,y
8232,1,0.31,57,83,11480.67,7,27,f,n
8233,5,0.13,156,42,242.68,8,25,f,n
8234,6,0.21,24,62,3599.53,1,46,m,y
8235,11,0.21,42,40,0.0,10,70,f,y
8236,8,0.18,112,24,197.53,4,66,f,w
8237,0,0.3,41,58,28266.77,4,68,f,w
8238,1,0.19,73,47,336.04,1,40,f,n
8239,0,0.56,159,85,541.49,4,79,f,y
8240,4,0.31,109,44,378.57,7,40,f,n
8241,4,0.35,126,62,2846.39,6,58,m,y
8242,5,0.2,160,21,435.86,4,54,m,w
8243,36,0.23,49,47,651.51,2,52,f,y
8244,0,0.22,38,39,3388.42,7,75,f,w
8245,26,0.28,115,71,0.0,8,44,f,n
8246,18,0.45,95,40,27226.96,9,34,m,n
8247,3,0.27,68,43,1571.96,9,55,f,y
8248,19,0.26,77,52,0.0,4,49,f,y
8249,4,0.18,85,21,416.69,3,95,f,w
8250,12,0.47,39,51,2831.42,5,65,f,y
8251,0,0.2,116,35,2264.72,6,48,f,y
8252,18,0.8,32,64,8890.76,8,39,m,w
8253,7,0.22,169,41,1186.93,3,26,f,n
8254,1,0.42,137,72,197797.16,6,39,f,n
8255,19,0.24,111,62,0.0,5,56,m,y
8256,0,0.26,58,53,1990.39,7,76,m,w
8257,0,0.19,42,43,22047.15,9,71,f,w
8258,21,0.24,105,51,0.0,7,58,f,n
8259,6,0.25,84,51,1825.43,6,50,m,w
8260,0,0.22,118,29,677.21,9,59,m,y
8261,0,0.25,75,60,5765.26,10,47,m,n
8262,10,0.15,159,14,3396.95,4,80,m,w
8263,7,0.45,95,58,4255.38,1,52,f,y
8264,6,0.29,125,70,0.0,8,53,f,y
8265,8,0.14,30,29,2263.67,6,25,f,w
8266,9,0.23,166,54,4281.68,6,52,f,y
8267,2,0.35,170,47,223.52,5,67,m,y
8268,36,0.16,171,24,257.04,10,38,m,y
8269,0,0.25,32,5,6058.93,3,43,m,y
8270,12,0.39,18,100,26344.43,6,66,m,w
8271,2,0.25,156,53,3355.46,1,32,m,y
8272,17,0.32,92,59,539.26,7,70,f,y
8273,1,0.24,104,29,1934.03,6,47,f,n
8274,36,0.38,93,65,21454.24,5,49,f,y
8275,5,0.72,170,41,2165.58,3,38,f,n
8276,3,0.23,145,75,7257.8,8,60,f,n
8277,0,0.34,59,46,2943.3,4,91,f,w
8278,3,0.34,25,42,28.89,9,66,m,n
8279,2,0.2,151,41,10563.22,9,42,f,y
8280,22,0.25,12,56,1463.44,5,72,m,y
8281,8,0.26,95,40,11834.03,7,50,m,y
8282,3,0.24,99,56,725.72,6,75,m,y
8283,0,0.37,135,77,116200.09,6,67,f,y
8284,5,0.16,59,31,6735.25,4,25,f,y
8285,11,0.33,13,66,3593.79,10,39,f,n
8286,14,0.42,166,86,0.0,8,69,f,y
8287,6,0.64,179,76,67073.77,10,57,f,y
8288,36,0.17,175,21,1305.93,3,39,f,y
8289,4,0.19,124,33,1654.74,5,45,f,y
8290,0,0.3,133,45,23380.02,1,26,f,n
8291,2,0.27,68,77,4259.03,1,53,m,n
8292,8,0.2,122,31,0.0,9,88,m,w
8293,7,0.2,114,44,12278.82,4,67,f,w
8294,3,0.25,93,17,1615.41,9,87,m,w
8295,17,0.2,166,31,0.0,7,68,f,n
8296,2,0.32,74,59,3744.36,10,70,f,y
8297,2,0.28,129,87,18147.5,8,84,f,y
8298,5,0.52,9,63,35282.66,9,60,m,n
8299,4,0.65,111,64,18914.81,1,52,f,y
8300,5,0.2,112,35,3697.86,7,70,f,y
8301,8,0.38,162,63,6252.75,8,76,f,y
8302,24,0.16,26,48,0.0,2,47,f,y
8303,7,0.3,159,37,3496.85,10,44,f,n
8304,2,0.33,91,37,799.87,9,57,f,y
8305,35,0.27,46,63,0.0,1,67,m,y
8306,15,0.3,83,56,327.58,3,66,f,y
8307,3,0.31,167,37,9628.9,9,33,m,n
8308,4,0.32,177,95,3125.99,1,83,m,w
8309,1,0.32,134,82,5391.69,4,45,m,y
8310,5,0.37,165,61,35541.61,10,51,f,n
8311,4,0.31,165,65,5274.01,6,41,m,y
8312,15,0.31,56,14,0.0,6,95,m,w
8313,2,0.63,123,28,338.87,4,58,f,n
8314,9,0.37,29,42,730.21,10,42,f,w
8315,1,0.14,177,24,8908.27,10,67,m,y
8316,3,0.22,81,37,223.23,10,66,f,y
8317,4,0.21,89,17,1478.63,10,52,f,y
8318,34,0.2,42,55,0.0,1,67,m,y
8319,9,0.34,89,36,0.0,5,42,f,y
8320,4,0.4,71,97,105000.76,5,47,f,y
8321,8,0.31,19,83,5574.64,3,25,f,y
8322,0,0.29,150,70,3281.36,3,35,f,n
8323,1,0.31,93,58,1346.64,4,82,f,y
8324,12,0.28,20,38,9938.42,3,79,m,w
8325,26,0.26,66,31,1209.34,3,55,f,n
8326,7,0.19,103,40,0.0,3,79,m,w
8327,1,0.48,122,96,8402.76,7,52,m,w
8328,21,0.14,141,28,34.04,9,51,m,n
8329,0,0.49,8,58,13253.32,1,55,f,n
8330,8,0.28,80,44,114.53,8,53,m,y
8331,4,0.34,160,57,1431.31,10,51,m,y
8332,28,0.21,142,59,2702.67,1,72,m,w
8333,3,0.28,20,71,8322.16,9,57,f,y
8334,5,0.19,37,58,1660.73,8,65,f,y
8335,15,0.19,16,37,6029.84,6,70,f,n
8336,3,0.47,136,80,14227.99,6,60,m,y
8337,4,0.27,31,37,820.68,10,40,m,n
8338,6,0.48,12,30,715.97,7,34,f,y
8339,6,0.2,97,63,864.32,8,57,f,n
8340,0,0.36,44,62,765.84,7,52,m,y
8341,3,0.39,9,63,21692.05,1,56,m,w
8342,1,0.27,35,52,2032.32,10,54,m,y
8343,28,0.23,171,59,4071.45,4,93,f,w
8344,2,0.31,56,51,739.66,4,35,m,y
8345,0,0.27,41,41,6404.92,9,25,f,y
8346,0,0.43,100,31,570.13,9,59,m,y
8347,5,0.46,118,77,3329.12,3,49,m,y
8348,8,0.33,122,67,2088.97,9,59,m,n
8349,0,0.24,65,60,1674.54,5,63,f,y
8350,0,0.18,56,42,278.62,6,74,f,y
8351,3,0.57,20,96,11423.29,7,32,m,y
8352,4,0.3,96,61,46277.47,3,46,f,n
8353,2,0.37,129,74,66763.27,4,61,m,y
8354,2,0.25,89,26,23003.63,5,66,f,y
8355,8,0.34,161,83,9158.19,1,87,f,w
8356,6,0.45,158,83,13430.05,8,69,m,w
8357,1,0.24,169,62,2920.72,7,54,f,w
8358,3,0.28,9,44,5467.79,2,41,f,n
8359,1,0.3,26,37,886.88,7,46,m,y
8360,0,0.15,96,26,14746.09,9,46,f,n
8361,9,0.18,74,38,2694.05,5,64,m,n
8362,16,0.24,143,31,0.0,6,58,f,w
8363,3,0.19,55,32,13701.44,5,35,m,y
8364,0,0.2,15,64,2308.91,1,48,f,n
8365,1,0.29,95,62,4205.35,6,68,m,y
8366,15,0.19,149,14,4701.77,7,60,m,n
8367,1,0.37,171,25,3304.55,5,63,m,y
8368,1,0.25,72,48,6663.62,3,60,m,y
8369,1,0.19,25,43,1099.06,6,79,f,n
8370,9,0.29,116,60,2131.62,7,58,m,y
8371,0,0.33,74,46,51.31,10,49,f,n
8372,17,0.24,30,61,0.0,10,41,m,n
8373,8,0.32,94,83,111205.98,9,58,f,n
8374,4,0.3,59,72,108974.67,7,25,f,y
8375,0,0.25,17,46,20058.67,3,52,f,w
8376,3,0.38,70,41,94.22,1,51,f,n
8377,3,0.29,72,32,0.0,7,34,f,y
8378,2,0.3,154,66,7953.84,8,41,f,n
8379,2,0.28,138,38,124.17,1,67,m,y
8380,2,0.44,84,58,2423.95,5,58,f,y
8381,8,0.23,137,55,5477.86,8,56,f,y
8382,8,0.33,24,49,4695.08,10,59,m,y
8383,20,0.42,86,38,1196.77,7,56,f,y
8384,6,0.33,60,82,32246.2,2,73,m,y
8385,4,0.38,66,62,13552.2,4,56,f,w
8386,8,0.54,106,30,2158.46,6,33,m,y
8387,2,0.36,157,81,617.26,7,79,f,y
8388,16,0.22,152,21,3977.54,7,60,f,w
8389,7,0.38,29,89,1676.38,3,46,f,y
8390,5,0.28,59,51,677.27,8,36,f,n
8391,1,0.15,154,18,277.41,7,60,f,y
8392,0,0.16,86,31,153.81,4,53,m,y
8393,1,0.42,24,49,2524.62,10,78,m,y
8394,11,0.31,156,45,0.0,4,49,m,w
8395,4,0.73,42,51,5500.55,4,42,m,y
8396,13,0.28,33,34,53313.55,5,68,m,y
8397,2,0.39,85,66,1590.83,2,68,f,w
8398,1,0.63,76,87,4619143.48,9,57,f,w
8399,1,0.28,154,76,906.49,6,65,f,y
8400,10,0.38,26,59,2812.92,8,54,m,n
8401,7,0.27,174,83,2344.89,1,58,m,y
8402,15,0.44,40,59,0.0,6,72,f,n
8403,6,0.34,115,46,6031.31,6,64,m,y
8404,7,0.29,6,73,389.69,8,52,m,y
8405,3,0.33,97,51,636.48,1,75,m,y
8406,9,0.27,96,55,4682.59,5,25,m,n
8407,3,0.23,75,16,0.0,3,85,m,n
8408,5,0.29,137,73,143286.56,6,29,m,y
8409,0,0.22,6,54,225.07,9,45,m,n
8410,3,0.3,154,46,14547.16,10,54,f,w
8411,1,0.23,104,43,4133.09,3,52,m,n
8412,5,0.25,97,58,29228.55,9,70,m,y
8413,0,0.2,87,43,3827.38,9,39,f,n
8414,3,0.47,121,86,0.0,1,58,f,y
8415,5,0.21,130,55,1661.45,2,46,m,y
8416,6,0.41,57,60,0.0,4,59,f,y
8417,2,0.32,104,83,4508.06,7,54,m,y
8418,0,0.29,58,75,150.94,2,56,m,n
8419,0,0.27,90,54,1407.2,7,46,f,w
8420,1,0.15,85,26,2434.22,5,47,f,y
8421,5,0.14,61,24,701.74,10,59,m,y
8422,3,0.37,108,84,0.0,7,69,f,y
8423,7,0.19,92,27,4297.36,9,46,f,y
8424,2,0.36,38,53,73100.74,9,41,m,n
8425,6,0.18,28,22,3178.36,3,64,m,n
8426,15,0.26,11,55,1258.33,3,54,m,y
8427,5,0.2,90,29,3716.27,7,67,f,n
8428,6,0.44,10,48,4627.39,5,41,m,y
8429,8,0.3,82,77,2414.33,5,28,f,w
8430,2,0.48,88,59,1559.59,5,47,m,y
8431,10,0.33,14,55,1282.92,9,43,m,n
8432,11,0.39,8,78,11610.69,4,53,f,y
8433,1,0.26,51,51,10270.35,6,45,f,y
8434,6,0.25,44,52,0.0,6,66,m,n
8435,4,0.44,18,84,22402.39,7,50,m,y
8436,0,0.25,46,50,289.51,2,57,f,w
8437,22,0.21,144,17,1057.46,6,57,m,y
8438,2,0.35,46,68,6533.01,9,57,m,w
8439,4,0.24,80,62,328.84,3,54,f,w
8440,3,0.3,40,74,27077.42,2,62,f,y
8441,10,0.34,168,96,16040.87,8,43,m,n
8442,7,0.37,72,68,9634.59,1,75,f,w
8443,8,0.18,137,30,352.68,8,51,f,y
8444,0,0.13,29,8,3237.67,5,35,m,n
8445,29,0.69,99,48,0.0,9,57,f,y
8446,2,0.29,101,44,328.9,9,42,m,n
8447,1,0.39,118,42,1113.14,4,64,m,y
8448,2,0.36,89,33,654.81,1,88,m,w
8449,9,0.34,169,52,674.37,5,43,m,y
8450,28,0.36,61,84,2996.49,7,59,f,n
8451,2,0.36,9,81,2161.19,9,28,m,n
8452,2,0.21,173,46,0.0,10,61,f,y
8453,23,0.27,176,42,11398.55,9,41,m,w
8454,7,0.37,63,84,19479.07,9,45,m,n
8455,6,0.19,67,37,15816.05,6,38,f,w
8456,2,0.19,140,60,592.56,2,65,f,y
8457,6,0.39,142,47,0.0,5,70,f,n
8458,0,0.21,27,52,10180.12,3,55,f,n
8459,6,0.17,9,25,106.63,6,42,m,n
8460,5,0.23,133,33,564.33,5,78,f,y
8461,7,0.36,169,79,564.12,10,43,m,y
8462,10,0.37,40,96,12783.91,1,25,f,n
8463,1,0.19,38,38,2484.71,10,61,f,y
8464,1,0.33,140,80,16838.35,10,38,m,w
8465,4,0.17,110,56,1141.18,2,69,m,y
8466,10,0.52,126,72,0.0,5,49,f,w
8467,1,0.31,69,54,2516.77,6,64,f,n
8468,4,0.39,126,70,671.24,1,76,m,w
8469,6,0.27,176,32,5298.08,7,36,f,y
8470,6,0.22,23,30,1579.21,3,46,f,n
8471,16,0.23,8,50,1067.41,1,53,m,y
8472,3,0.15,64,15,548.85,7,78,m,w
8473,1,0.27,121,47,2469.74,7,45,f,y
8474,1,0.26,44,61,28991.06,10,46,m,n
8475,14,0.33,69,78,7237.36,3,62,m,w
8476,5,0.18,86,16,651.63,6,46,f,y
8477,4,0.42,65,79,2450.96,4,57,f,n
8478,9,0.38,110,59,109356.18,4,31,f,y
8479,4,0.37,175,41,211.73,9,88,m,w
8480,36,0.15,114,19,1619.2,7,34,f,w
8481,4,0.26,10,41,608.9,6,50,f,y
8482,3,0.17,51,14,4301.85,9,54,m,y
8483,17,0.18,137,26,7258.61,3,83,f,w
8484,1,0.21,19,39,402.38,4,35,f,y
8485,0,0.2,16,50,4067.0,9,84,f,n
8486,5,0.2,27,44,693.29,4,66,f,y
8487,36,0.18,111,40,1372.52,7,61,m,y
8488,3,0.19,10,36,1586.84,9,40,f,y
8489,9,0.37,145,93,8200.36,4,63,f,y
8490,5,0.25,154,56,7815.33,9,44,f,y
8491,10,0.49,84,94,2202.28,7,73,f,w
8492,3,0.17,29,32,3164.08,4,40,m,n
8493,18,0.28,18,65,3245.66,3,53,m,y
8494,0,0.26,101,48,2519.42,6,46,m,n
8495,13,0.24,31,51,11982.3,3,40,f,n
8496,0,0.37,45,32,446.21,7,66,m,y
8497,36,0.2,31,32,0.0,1,63,f,n
8498,1,0.27,178,61,4900.04,7,73,m,w
8499,3,0.23,35,39,705.06,3,28,m,y
8500,4,0.23,69,41,8344.06,9,70,m,y
8501,29,0.45,116,61,0.0,6,92,f,n
8502,0,0.23,78,30,1192.8,7,48,f,n
8503,2,0.24,93,47,2726.76,9,83,f,y
8504,6,0.24,129,40,0.0,6,51,f,w
8505,6,0.19,171,33,5948.43,10,34,m,n
8506,1,0.35,151,65,10194.76,2,50,m,y
8507,4,0.15,142,34,0.0,6,70,f,y
8508,0,0.29,133,58,1569.8,6,42,f,y
8509,12,0.27,43,80,3842.88,2,45,m,y
8510,1,0.28,154,67,24514.76,7,63,f,y
8511,1,0.24,76,57,3314.09,9,55,m,n
8512,4,0.26,145,46,0.0,10,63,m,n
8513,14,0.28,41,72,15198.43,4,58,m,y
8514,4,0.3,127,59,38934.65,5,62,f,y
8515,5,0.39,16,83,30115.34,6,48,m,y
8516,0,0.43,133,67,16689.32,1,58,m,y
8517,4,0.34,32,64,15109.63,8,41,m,n
8518,20,0.4,79,83,15783.21,9,74,m,y
8519,0,0.51,86,100,4450.88,1,45,f,n
8520,3,0.22,112,41,3437.84,4,71,m,w
8521,6,0.25,70,40,2597.32,6,51,m,n
8522,12,0.15,167,29,72864.75,10,58,f,y
8523,13,0.37,132,98,0.0,1,47,m,y
8524,0,0.27,39,57,3845.1,3,39,m,y
8525,18,0.45,69,53,2343.56,7,28,m,n
8526,5,0.28,22,81,11762.88,8,39,f,n
8527,0,0.35,110,75,21167.45,8,50,f,n
8528,5,0.21,94,15,10368.01,5,58,m,n
8529,16,0.32,113,63,0.0,1,70,f,n
8530,1,0.34,144,72,1828.9,1,48,f,n
8531,16,0.41,153,65,5304.05,8,41,f,y
8532,6,0.29,73,50,1387.34,5,33,m,n
8533,1,0.36,167,39,99687.01,9,62,m,n
8534,5,0.38,47,89,17166.75,1,75,f,y
8535,3,0.36,174,47,3523.76,2,73,f,w
8536,10,0.34,150,53,9706.13,4,65,f,w
8537,7,0.21,17,32,7173.61,10,64,m,y
8538,7,0.21,73,43,3902.44,7,80,m,w
8539,6,0.39,46,33,1229.03,4,59,f,y
8540,10,0.18,147,54,502.43,8,64,f,y
8541,2,0.39,9,45,4383.55,7,50,m,y
8542,7,0.28,131,43,37247.38,5,34,m,n
8543,2,0.28,82,45,1290.21,7,44,m,y
8544,0,0.23,79,49,687.24,8,54,f,y
8545,10,0.23,147,50,0.0,3,55,f,n
8546,2,0.33,14,62,10086.96,3,83,f,y
8547,0,0.17,176,33,778.77,2,56,f,y
8548,1,0.18,153,25,1761.48,4,72,m,y
8549,36,0.23,6,26,1288.85,4,48,f,y
8550,14,0.3,113,81,10076.4,4,50,f,y
8551,6,0.21,98,36,4284.44,2,35,f,y
8552,3,0.84,77,62,879.85,7,43,f,y
8553,3,0.17,22,37,290.44,10,62,m,y
8554,3,0.39,94,92,3173.07,3,55,f,y
8555,33,0.25,25,45,405.8,10,69,f,w
8556,11,0.16,64,48,601.05,1,57,f,y
8557,3,0.29,146,74,43949.24,2,49,m,n
8558,0,0.24,126,59,52337.32,5,87,f,y
8559,2,0.4,82,58,18624.0,9,53,m,y
8560,1,0.45,55,55,142.2,4,72,m,y
8561,1,0.35,99,41,53654.29,6,48,m,n
8562,23,0.49,173,59,0.0,3,65,f,y
8563,2,0.27,140,37,3762.1,9,68,m,n
8564,1,0.36,60,55,33971.75,2,58,m,n
8565,14,0.32,56,83,0.0,8,25,f,y
8566,13,0.37,81,54,11119.07,3,55,f,w
8567,4,0.5,135,66,1246.92,8,73,f,y
8568,7,0.2,19,35,4073.86,3,62,m,y
8569,31,0.31,111,27,13203.97,4,61,f,y
8570,23,0.19,150,41,3650.44,8,29,m,y
8571,2,0.19,82,15,2660.27,10,44,m,y
8572,4,0.46,134,65,756.87,4,61,m,n
8573,2,0.48,124,71,26719.19,9,61,f,y
8574,1,0.41,116,74,4588.72,9,73,m,w
8575,1,0.2,6,37,94.4,6,52,m,y
8576,7,0.22,116,70,3865.93,1,61,m,w
8577,6,0.56,31,26,2169.42,9,55,f,y
8578,13,0.17,121,13,0.0,9,40,f,n
8579,3,0.08,179,5,2832.3,7,25,f,n
8580,9,0.48,18,36,2494.82,9,61,m,y
8581,36,0.3,39,78,15498.23,8,57,m,y
8582,4,0.53,67,51,1291.58,9,45,m,y
8583,7,0.34,78,80,0.0,9,30,f,y
8584,9,0.35,56,21,0.0,7,64,m,y
8585,7,0.38,46,47,4083.05,6,51,m,n
8586,1,0.17,60,35,1975.78,2,63,f,y
8587,6,0.27,161,61,1865.01,7,82,m,n
8588,0,0.35,99,70,3460.25,1,25,m,y
8589,14,0.36,140,41,1832.61,6,44,m,n
8590,4,0.3,7,81,77866.89,6,51,m,y
8591,5,0.33,7,86,11665.18,7,76,f,y
8592,0,0.22,161,52,32785.04,2,30,f,y
8593,1,0.18,59,37,3187.77,4,84,m,y
8594,3,0.17,99,44,10827.0,2,57,m,n
8595,16,0.38,63,85,18741.04,4,53,f,n
8596,1,0.33,66,77,3030.79,3,52,f,n
8597,3,0.44,109,55,439.11,2,48,m,n
8598,16,0.39,173,67,5628.11,2,70,f,w
8599,11,0.32,23,82,231.89,3,38,m,n
8600,3,0.5,147,52,9828.44,10,60,f,y
8601,0,0.18,30,34,2341.0,4,49,f,y
8602,6,0.29,143,51,5527.66,7,43,f,y
8603,2,0.24,105,51,1231.49,4,93,f,n
8604,7,0.25,53,55,2268.51,7,61,m,y
8605,0,0.18,58,17,2090.0,4,64,f,y
8606,2,0.47,142,41,529.29,3,72,f,y
8607,1,0.25,144,62,14245.59,8,33,f,n
8608,10,0.16,32,25,0.0,3,81,m,w
8609,10,0.2,64,56,255.62,8,25,f,y
8610,11,0.18,146,46,5485.92,2,43,f,n
8611,29,0.21,144,35,0.0,3,48,m,n
8612,7,0.34,62,28,2415.97,4,63,m,w
8613,14,0.24,115,52,0.0,3,58,m,y
8614,7,0.11,111,11,1469.24,6,52,f,n
8615,4,0.26,29,42,952.8,9,54,f,y
8616,12,0.29,173,50,3292.2,10,40,f,n
8617,4,0.3,84,78,24316.66,8,32,m,n
8618,23,0.27,89,66,1180.56,4,65,f,n
8619,0,0.22,7,63,7642.37,2,65,f,y
8620,8,0.21,148,28,0.0,10,78,m,w
8621,25,0.22,53,60,0.0,1,43,m,y
8622,3,0.29,103,75,5028.06,4,65,m,y
8623,1,0.16,51,36,1344.33,5,50,f,n
8624,2,0.13,100,38,252.58,2,72,m,w
8625,0,0.34,163,36,250.76,3,70,m,w
8626,3,0.29,161,76,6986.56,4,58,m,n
8627,9,0.22,102,58,5349.51,3,49,f,y
8628,12,0.24,174,62,0.0,8,69,m,y
8629,6,0.45,118,59,459.77,2,64,m,y
8630,10,0.24,26,40,1616.81,9,44,m,y
8631,0,0.17,92,41,2239.96,6,35,m,y
8632,1,0.31,47,60,683.27,1,50,m,y
8633,3,0.25,18,65,1251.5,8,77,f,y
8634,16,0.37,50,58,7145.03,10,72,f,w
8635,3,0.28,95,45,609.97,6,38,f,n
8636,0,0.23,152,55,1771.53,4,37,f,n
8637,1,0.31,160,64,18465.36,6,74,m,y
8638,11,0.2,173,38,0.0,2,37,f,y
8639,12,0.23,140,51,191.35,1,62,m,y
8640,7,0.36,30,53,6172.14,6,45,m,y
8641,36,0.44,109,82,0.0,8,79,f,w
8642,8,0.25,169,29,26.76,5,43,f,y
8643,2,0.25,76,80,1329.66,8,72,f,w
8644,7,0.29,124,67,7149.65,3,57,f,w
8645,0,0.23,89,45,11635.38,6,58,f,y
8646,8,0.26,157,76,18041.02,1,25,f,y
8647,22,0.18,97,26,0.0,3,25,f,n
8648,8,0.19,118,41,270.69,4,51,f,n
8649,8,0.24,74,18,4137.89,5,58,m,n
8650,6,0.36,57,45,362.54,3,38,m,n
8651,8,0.42,169,47,349.55,8,38,f,y
8652,18,0.19,38,46,0.0,5,63,m,y
8653,0,0.33,58,68,309.25,7,63,m,y
8654,0,0.17,43,31,4788.63,5,52,m,y
8655,0,0.38,177,100,14905.8,8,66,m,y
8656,29,0.22,10,69,0.0,1,37,f,y
8657,0,0.32,123,43,15358.53,3,49,f,n
8658,2,0.19,36,36,4244.75,3,79,f,n
8659,21,0.27,142,44,0.0,10,56,f,y
8660,18,0.32,37,36,2031.85,10,56,f,y
8661,0,0.16,174,18,786.98,3,89,f,n
8662,10,0.71,10,55,3108.17,6,34,f,y
8663,10,0.27,59,20,600.82,9,66,m,n
8664,9,0.2,33,33,0.0,6,79,m,w
8665,13,0.24,176,24,2716.65,5,50,m,n
8666,11,0.28,17,56,4438.87,1,67,f,y
8667,22,0.22,22,70,16731.07,2,40,f,n
8668,25,0.22,13,55,3053.42,1,44,f,y
8669,3,0.36,23,80,24312.67,6,60,f,y
8670,1,0.21,122,37,4030.11,3,66,m,y
8671,23,0.21,15,46,11648.18,5,71,m,w
8672,2,0.34,44,60,767.5,6,78,f,y
8673,0,0.64,46,51,1175.88,5,53,m,w
8674,0,0.21,113,38,691.41,3,72,f,y
8675,6,0.55,49,75,72783.15,2,49,f,y
8676,2,0.43,48,93,2632.82,2,68,f,n
8677,5,0.24,116,64,7877.65,2,58,m,y
8678,11,0.34,24,78,7098.3,10,61,f,y
8679,1,0.26,26,36,1029.78,4,61,f,y
8680,0,0.28,8,31,1300.66,4,30,f,y
8681,11,0.26,109,25,456.44,3,38,f,y
8682,8,0.31,61,68,6341.43,8,56,f,n
8683,3,0.12,132,20,7388.37,4,29,m,n
8684,1,0.4,176,69,702.16,8,67,f,w
8685,0,0.23,134,51,78954.84,3,68,f,n
8686,2,0.17,93,48,120.56,2,59,m,n
8687,35,0.2,41,56,6968.47,8,38,m,n
8688,3,0.11,11,18,135.65,6,75,m,w
8689,12,0.38,79,80,77117.4,2,85,f,y
8690,11,0.14,51,28,890.99,7,57,m,y
8691,0,0.17,156,39,512.47,10,62,m,n
8692,2,0.18,25,43,6005.09,7,58,f,y
8693,15,0.18,171,44,0.0,4,62,f,w
8694,3,0.31,40,63,130.15,8,53,m,y
8695,10,0.29,167,58,246.51,3,54,m,y
8696,3,0.25,52,31,11185.13,9,68,m,n
8697,3,0.17,41,31,2347.46,5,90,m,y
8698,7,0.29,21,37,6257.3,3,33,m,w
8699,2,0.32,113,78,9487.22,9,53,f,w
8700,5,0.32,70,82,71514.32,2,37,f,n
8701,10,0.47,68,90,11627.62,2,78,f,y
8702,0,0.25,57,65,6848.08,3,46,m,y
8703,17,0.31,78,21,6688.91,9,33,f,n
8704,5,0.25,65,53,4433.48,10,64,f,w
8705,7,0.34,106,86,573940.63,3,81,m,y
8706,10,0.45,22,71,2832.44,5,64,m,y
8707,1,0.26,43,29,975.87,9,58,f,y
8708,15,0.24,34,53,5894.46,10,61,f,y
8709,3,0.39,36,74,410.6,6,76,m,w
8710,0,0.44,59,53,2052.19,6,41,f,y
8711,19,0.35,107,48,122.63,1,53,f,y
8712,12,0.43,31,86,34759.82,2,48,f,n
8713,3,0.92,146,100,9602.84,9,37,m,n
8714,15,0.14,24,40,491.88,8,50,f,n
8715,8,0.46,116,100,0.0,2,71,m,w
8716,12,0.3,32,72,36095.73,5,63,f,y
8717,27,0.52,18,67,0.0,5,64,f,y
8718,0,0.16,57,33,3144.23,6,57,m,w
8719,12,0.28,103,39,0.0,4,62,f,w
8720,0,0.12,24,16,2824.49,9,42,m,n
8721,9,0.64,88,42,759.57,5,50,f,n
8722,13,0.33,8,70,2786.4,4,57,m,w
8723,4,0.31,72,62,1661.42,9,59,f,y
8724,2,0.21,31,44,1444.52,2,59,m,y
8725,2,0.27,11,42,375.98,2,52,f,n
8726,3,0.63,146,76,220683.41,3,49,f,w
8727,10,0.49,32,39,1390.52,10,95,f,w
8728,36,0.24,110,54,29162.73,4,68,m,n
8729,32,0.34,93,70,23137.94,10,61,f,y
8730,1,0.24,15,36,5314.57,9,51,m,y
8731,1,0.2,21,46,4830.06,5,48,f,y
8732,1,0.36,28,79,67675.59,2,53,f,w
8733,6,0.33,52,45,6851.58,3,59,f,y
8734,7,0.45,17,79,6264.37,8,26,f,y
8735,18,0.29,161,37,3057.73,6,31,m,w
8736,4,0.12,82,18,380.27,5,45,f,y
8737,16,0.51,23,70,8738.24,4,58,m,n
8738,1,0.27,63,64,4629.08,4,51,f,y
8739,14,0.43,135,100,0.0,8,77,f,y
8740,3,0.32,179,55,0.0,6,32,f,n
8741,14,0.2,150,45,1141.79,5,43,f,w
8742,3,0.15,92,18,444.46,5,77,m,y
8743,10,0.19,69,36,3314.56,6,56,f,n
8744,15,0.34,92,54,0.0,3,68,m,y
8745,1,0.27,59,40,447.35,7,85,f,y
8746,0,0.22,176,54,648.7,1,44,f,y
8747,10,0.14,83,23,0.0,5,53,m,w
8748,9,0.27,19,28,195.69,6,50,m,n
8749,1,0.47,177,61,1746.89,2,25,m,y
8750,36,0.39,43,100,515589.4,2,50,f,n
8751,1,0.49,110,67,8039.8,9,68,m,y
8752,5,0.35,21,59,10809.09,2,63,f,y
8753,2,0.5,87,50,145.8,3,64,f,y
8754,0,0.22,79,58,3535.19,1,49,m,n
8755,4,0.22,35,23,1726.75,9,45,f,n
8756,36,0.18,73,51,0.0,1,74,f,w
8757,25,0.22,76,13,351.05,4,47,m,y
8758,3,0.55,85,29,228.89,7,59,f,y
8759,5,0.28,120,80,0.0,2,57,m,n
8760,18,0.18,42,56,7639.44,8,76,m,y
8761,19,0.45,60,29,0.0,8,69,f,w
8762,12,0.18,172,42,2781.34,3,35,m,y
8763,2,0.3,102,68,15161.43,4,37,f,y
8764,3,0.26,104,41,2194.2,7,63,f,y
8765,6,0.32,117,39,810.75,5,54,f,y
8766,15,0.34,123,88,2141159.96,5,48,m,y
8767,4,0.16,167,49,6619.62,2,70,m,y
8768,7,0.31,62,46,0.0,6,57,m,y
8769,4,0.23,102,56,19381.41,4,55,f,y
8770,7,0.26,67,60,1627.25,5,66,f,y
8771,0,0.23,44,50,2606.93,5,49,m,y
8772,3,0.48,79,98,7360.42,2,78,m,y
8773,11,0.38,72,95,0.0,8,43,m,y
8774,0,0.16,34,32,902.66,1,64,m,y
8775,13,0.15,36,46,0.0,2,76,f,w
8776,33,0.28,65,53,2110.89,7,34,f,n
8777,5,0.36,44,61,15084.39,7,49,f,y
8778,1,0.49,6,36,117.32,2,72,m,y
8779,15,0.26,61,62,1897.56,1,72,f,n
8780,12,0.2,106,24,20950.25,10,52,m,w
8781,30,0.34,96,98,0.0,1,43,f,y
8782,2,0.41,154,78,22138.26,1,69,m,y
8783,1,0.28,176,50,15197.22,6,72,f,y
8784,1,0.21,135,39,5412.79,10,37,f,n
8785,4,0.1,147,14,538.87,7,36,m,n
8786,10,0.47,111,82,44428.17,2,58,f,y
8787,1,0.46,136,83,7786.03,6,64,f,y
8788,4,0.21,147,47,3266.84,4,50,m,n
8789,2,0.4,10,46,2358.85,9,65,m,y
8790,4,0.2,86,37,590.88,8,44,f,n
8791,0,0.28,172,44,3804.64,8,25,f,n
8792,3,0.29,134,59,0.0,2,48,f,y
8793,0,0.21,125,52,199.43,5,55,f,y
8794,11,0.38,48,100,27051.4,2,50,f,y
8795,0,0.3,97,64,444.85,3,37,f,n
8796,3,0.15,83,45,1784.55,8,27,f,n
8797,1,0.16,20,22,686.15,5,47,m,n
8798,10,0.25,51,64,7368.99,4,68,f,y
8799,1,0.34,12,25,949.27,5,73,m,w
8800,8,0.1,175,30,452.99,8,72,m,w
8801,7,0.34,120,71,0.0,10,42,f,y
8802,7,0.31,12,47,2505.25,7,37,m,y
8803,2,0.15,93,21,2907.23,6,62,m,n
8804,17,0.15,95,48,188.15,2,64,m,n
8805,1,0.4,24,90,35045.15,10,61,f,y
8806,3,0.17,58,20,248.97,5,25,f,n
8807,10,0.2,95,44,10784.72,10,41,f,y
8808,2,0.31,21,83,73700.64,9,54,f,y
8809,7,0.33,67,40,115.45,9,62,m,n
8810,10,0.21,70,47,3647.94,9,66,m,y
8811,6,0.21,117,35,585.4,3,57,m,y
8812,3,0.31,41,36,473.66,9,59,m,w
8813,12,0.35,168,19,0.0,9,56,m,n
8814,0,0.22,29,40,1612.45,5,65,m,w
8815,2,0.26,74,50,385.57,6,59,m,n
8816,3,0.33,124,52,10194.81,7,55,f,n
8817,4,0.31,162,81,21811.78,10,50,f,n
8818,0,0.34,134,36,17749.28,10,56,f,y
8819,9,0.24,128,54,0.0,10,62,f,y
8820,1,0.24,142,46,7498.8,6,59,m,y
8821,17,0.53,105,66,10804.25,5,60,f,w
8822,2,0.64,20,95,21178.57,1,75,m,y
8823,2,0.18,79,25,12942.1,4,58,f,y
8824,1,0.2,149,54,1632.69,8,45,f,n
8825,11,0.14,41,41,0.0,8,68,f,y
8826,21,0.15,58,27,36.16,6,34,f,y
8827,12,0.33,84,69,39960.08,3,38,f,y
8828,15,0.27,136,49,131.38,8,60,f,n
8829,8,0.17,152,24,3425.64,7,62,m,y
8830,3,0.26,46,62,18360.64,9,36,f,y
8831,11,0.14,42,31,12775.42,3,49,m,y
8832,1,0.19,141,34,3670.6,6,45,f,y
8833,0,0.31,93,69,38083.05,1,47,m,y
8834,3,0.4,19,88,2112.02,8,69,m,w
8835,7,0.37,40,65,1583.85,2,65,f,y
8836,8,0.21,149,28,0.0,5,54,m,y
8837,4,0.39,76,27,434.27,6,46,f,w
8838,15,0.31,168,35,992.85,4,34,m,n
8839,13,0.31,13,35,786.17,9,76,f,y
8840,0,0.17,17,40,539.95,3,63,f,y
8841,9,0.21,115,65,0.0,2,44,f,n
8842,10,0.37,85,58,14369.52,3,65,m,y
8843,11,0.3,120,70,14947.11,5,53,m,y
8844,12,0.3,73,87,18238.07,1,50,f,n
8845,1,0.2,168,37,201.0,10,61,m,y
8846,1,0.33,50,48,2206.03,4,43,m,n
8847,6,0.24,46,41,2393.84,1,49,f,y
8848,3,0.15,66,32,682.12,9,56,f,y
8849,7,0.3,81,30,984.18,3,47,m,n
8850,5,0.3,148,79,1649.4,2,65,m,y
8851,2,0.29,104,35,466.8,5,83,m,n
8852,9,0.53,72,76,6824.49,1,43,f,n
8853,4,0.27,7,38,11083.71,10,30,m,n
8854,13,0.27,127,35,5373.31,7,25,f,y
8855,0,0.14,139,15,515.94,9,52,m,n
8856,2,0.3,21,65,1178.04,1,45,m,y
8857,0,0.34,28,68,10578.24,8,58,f,n
8858,4,0.27,100,78,6886.9,8,56,m,n
8859,1,0.18,119,30,275.85,7,30,f,n
8860,1,0.14,46,26,92.13,10,27,f,n
8861,9,0.26,163,20,153.78,4,59,m,y
8862,12,0.35,124,67,2215.64,7,57,f,y
8863,2,0.28,127,76,12304.26,2,48,m,y
8864,7,0.31,60,62,25684.71,6,30,m,n
8865,6,0.29,137,43,364.62,5,62,m,y
8866,0,0.25,115,59,5298.65,5,74,f,w
8867,22,0.31,105,64,74554.08,8,59,m,w
8868,3,0.27,33,55,864.46,1,42,f,y
8869,2,0.29,33,59,4956.65,8,55,f,y
8870,7,0.25,128,54,4728.35,4,34,m,n
8871,3,0.22,31,52,4666.81,10,70,m,y
8872,2,0.17,172,24,652.9,6,56,f,y
8873,10,0.2,18,47,19489.48,6,28,f,y
8874,10,0.14,76,38,248.49,1,50,f,y
8875,9,0.25,59,55,5361.88,8,61,f,n
8876,15,0.44,18,44,1132.34,4,50,m,w
8877,5,0.25,125,58,3630.85,9,50,f,y
8878,8,0.31,64,62,8795.95,7,36,f,n
8879,36,0.16,9,30,7007.28,4,63,f,y
8880,2,0.24,85,54,1551.06,1,45,f,n
8881,14,0.35,65,54,0.0,9,25,f,n
8882,1,0.33,52,37,368.83,10,49,f,y
8883,4,0.35,82,59,11298.55,6,69,f,w
8884,4,0.26,10,64,14360.7,6,49,m,y
8885,11,0.18,41,37,733.91,1,81,f,y
8886,9,0.34,24,40,9040.62,5,61,m,n
8887,11,0.25,35,21,69792.3,4,60,m,y
8888,6,0.37,116,67,1795.05,1,53,m,y
8889,0,0.13,46,22,1259.08,7,53,m,n
8890,7,0.35,33,58,1959.64,4,51,m,y
8891,2,0.27,36,54,50113.47,3,50,f,y
8892,4,0.39,176,100,7160.76,2,62,m,y
8893,0,0.21,142,62,3413.37,8,40,f,y
8894,1,0.31,17,77,12468.34,5,38,m,y
8895,4,0.27,145,44,476.66,10,38,m,y
8896,9,0.35,47,61,29166.4,9,85,m,w
8897,3,0.25,95,40,708.3,5,62,m,w
8898,4,0.51,21,40,1036.28,10,59,f,y
8899,8,0.19,104,54,1102.27,1,39,f,y
8900,1,0.25,137,39,1102.18,10,64,m,n
8901,0,0.35,120,54,3212.44,5,53,m,w
8902,17,0.29,18,72,518.48,5,58,f,y
8903,3,0.19,65,60,7620.44,8,40,m,n
8904,3,0.16,33,26,197.72,6,57,m,y
8905,12,0.2,114,49,1722.58,5,48,f,w
8906,2,0.35,145,96,1056.63,8,43,m,y
8907,14,0.25,157,81,5419.4,1,66,f,w
8908,8,0.38,97,63,10807.81,5,31,f,y
8909,12,0.46,134,61,5151.42,3,63,m,w
8910,5,0.21,167,41,868.29,5,65,m,y
8911,0,0.29,136,49,54598.95,3,41,f,n
8912,11,0.29,27,21,5182.01,4,42,m,n
8913,2,0.19,90,37,1181.82,9,51,f,n
8914,8,0.26,32,44,2316.09,2,59,f,n
8915,0,0.45,154,59,2686.31,10,52,m,y
8916,9,0.32,146,65,6016.29,1,61,f,n
8917,1,0.42,49,86,21945.75,4,81,m,w
8918,1,0.15,85,46,4169.07,8,47,m,y
8919,3,0.19,115,42,241.86,5,29,f,n
8920,23,0.19,29,18,6056.67,9,67,f,w
8921,3,0.23,179,52,12169.78,10,80,f,w
8922,2,0.27,22,52,2955.41,3,60,m,n
8923,2,0.35,10,32,1760.0,9,38,f,n
8924,9,0.4,43,32,0.0,1,53,m,n
8925,20,0.3,64,79,0.0,2,38,f,n
8926,4,0.2,160,43,8521.01,9,64,f,w
8927,6,0.37,110,26,154.44,9,34,f,n
8928,13,0.29,101,59,989.7,10,50,f,n
8929,6,0.19,95,36,3854.24,5,39,f,y
8930,8,0.78,76,74,0.0,10,56,f,y
8931,10,0.44,105,53,1259.76,4,49,f,n
8932,18,0.24,60,44,650.78,9,57,f,n
8933,2,0.3,76,81,2848087.7,10,55,f,y
8934,0,0.3,176,68,33000.19,2,40,f,y
8935,28,0.31,96,44,2164.1,3,64,f,y
8936,36,0.12,171,39,0.0,8,54,m,n
8937,18,0.28,117,77,7099.42,1,40,m,n
8938,2,0.17,93,51,680.72,2,88,f,w
8939,5,0.4,66,46,19198.85,5,62,f,y
8940,11,0.16,178,36,848.77,7,52,f,y
8941,1,0.54,113,62,768.78,10,76,m,y
8942,19,0.17,162,39,1022.02,9,82,m,y
8943,14,0.2,39,50,34373.59,3,52,f,n
8944,9,0.28,154,59,6453.85,4,60,f,y
8945,15,0.19,50,33,1758.88,10,40,m,y
8946,6,0.3,134,96,36073.31,1,52,f,y
8947,1,0.3,143,45,1425.62,1,52,f,y
8948,2,0.22,99,70,5140.4,1,57,m,y
8949,7,0.25,33,66,18262.85,4,59,m,y
8950,28,0.28,111,53,1758.77,9,63,m,y
8951,0,0.25,35,67,3676.32,8,58,m,y
8952,8,0.25,33,61,0.0,4,36,m,y
8953,11,0.09,162,25,287.61,8,40,m,n
8954,15,0.66,36,87,15015.12,7,46,m,w
8955,23,0.35,112,64,426.22,6,50,f,n
8956,0,0.19,88,39,314.11,10,70,f,n
8957,1,0.19,114,48,2902.79,2,37,f,n
8958,1,0.31,36,50,28636.35,3,49,m,y
8959,16,0.21,46,51,0.0,4,69,f,y
8960,1,0.25,69,51,271.33,7,50,f,y
8961,0,0.15,127,47,1011.98,8,61,f,y
8962,0,0.28,175,60,4302.85,8,52,f,n
8963,4,0.4,49,53,4142.82,4,58,f,y
8964,7,0.36,164,26,2275.51,9,51,f,w
8965,2,0.32,121,72,5865.86,8,65,f,y
8966,2,0.33,144,37,3132.3,5,31,m,n
8967,0,0.35,41,51,15747.89,3,49,m,n
8968,4,0.2,113,64,487.03,2,59,m,w
8969,5,0.22,37,49,1154.75,9,63,m,n
8970,8,0.2,109,64,8726.28,1,77,m,y
8971,6,0.33,172,83,13562.41,7,49,f,n
8972,2,0.22,72,53,16741.47,7,77,m,y
8973,16,0.21,97,44,1416.91,1,45,f,n
8974,3,0.13,30,18,241.28,7,74,f,y
8975,9,0.21,33,61,0.0,1,67,m,y
8976,9,0.51,152,29,152.93,2,41,f,n
8977,0,0.38,162,29,1558.28,9,59,m,y
8978,6,0.23,24,66,3480.02,8,54,f,y
8979,4,0.26,61,62,5803.64,9,64,f,y
8980,16,0.3,151,38,345.86,9,51,m,n
8981,4,0.29,178,44,6980.11,4,50,f,n
8982,0,0.23,118,47,11699.53,5,75,f,w
8983,16,0.55,93,99,17876.89,10,53,m,w
8984,17,0.16,107,34,1712.56,7,67,f,y
8985,10,0.32,131,39,2506.93,6,51,f,y
8986,6,0.37,87,26,0.0,9,79,m,w
8987,13,0.15,46,44,1371.52,2,44,f,n
8988,1,0.27,131,60,5846.13,8,45,m,y
8989,9,0.23,18,74,1851.77,2,77,f,y
8990,1,0.31,104,46,7338.31,2,48,m,y
8991,11,0.34,88,53,0.0,3,79,f,y
8992,1,0.21,29,31,3486.64,4,68,f,y
8993,10,0.14,166,20,288.08,6,52,m,y
8994,1,0.22,102,50,5879.83,6,27,m,y
8995,12,0.31,78,59,3602.22,2,54,m,y
8996,1,0.31,8,46,100104.61,6,56,f,n
8997,4,0.24,8,54,8183.3,8,72,m,w
8998,16,0.22,35,53,6205.17,5,78,f,y
8999,10,0.36,151,100,2407.93,1,44,f,n
9000,15,0.18,176,56,0.0,8,67,f,w
9001,8,0.44,71,57,7449.95,6,66,m,y
9002,3,0.23,32,71,52646.82,2,71,m,w
9003,3,0.27,105,52,7278.88,7,62,m,y
9004,1,0.3,110,39,4104.7,8,25,f,n
9005,4,0.21,115,47,3040.31,2,52,f,y
9006,18,0.17,24,56,29407.51,1,37,f,y
9007,11,0.34,21,43,1070.01,6,51,m,w
9008,0,0.13,31,25,2560.22,6,69,f,w
9009,1,0.17,19,30,1652.44,8,59,m,y
9010,8,0.42,52,67,7525.89,7,72,m,w
9011,1,0.25,151,55,2008.92,8,60,f,y
9012,4,0.16,161,28,1745.63,10,35,m,n
9013,20,0.29,116,74,0.0,10,25,f,y
9014,20,0.57,152,31,1368.84,5,57,f,y
9015,2,0.27,35,79,60458.89,2,51,f,n
9016,7,0.17,110,38,118359.72,5,40,m,y
9017,9,0.2,154,49,0.0,2,29,m,y
9018,1,0.28,154,31,621.2,9,43,m,y
9019,0,0.34,53,78,21230.72,5,52,m,y
9020,3,0.13,163,36,1958.08,1,64,f,n
9021,25,0.26,47,63,0.0,9,57,f,y
9022,14,0.31,170,43,5192.27,10,79,m,w
9023,0,0.48,46,53,13895.35,5,39,f,y
9024,16,0.29,179,83,0.0,1,68,f,y
9025,8,0.45,101,44,92035.65,9,55,m,y
9026,5,0.3,99,80,484.76,9,65,m,n
9027,6,0.28,93,72,345112.33,10,48,m,y
9028,10,0.29,6,75,11442.5,10,71,f,n
9029,5,0.34,59,80,0.0,9,59,f,y
9030,5,0.23,121,36,335.84,6,44,f,n
9031,3,0.17,40,31,2977.49,10,54,m,y
9032,11,0.09,149,11,598.84,10,51,f,n
9033,3,0.26,10,40,1212.49,2,62,m,y
9034,16,0.27,164,62,29223.73,7,37,f,y
9035,11,0.31,114,75,0.0,2,54,f,y
9036,5,0.21,42,5,0.0,4,60,m,y
9037,6,0.18,124,41,51465.32,4,55,f,y
9038,23,0.37,158,83,9056.52,10,75,f,w
9039,5,0.43,112,66,21738.97,7,66,f,y
9040,11,0.2,118,36,570.0,6,54,m,y
9041,1,0.33,158,69,2360.7,10,58,m,y
9042,2,0.53,72,65,1035.2,7,59,f,y
9043,1,0.28,43,32,2080.09,6,61,f,y
9044,3,0.28,135,74,0.0,1,27,m,n
9045,21,0.29,153,75,15449.17,4,50,f,y
9046,0,0.08,91,0,3138.12,3,32,m,n
9047,10,0.21,16,25,33.91,7,74,f,y
9048,14,0.19,124,42,3094.38,7,54,m,y
9049,5,0.15,87,19,474.15,4,52,m,y
9050,10,0.29,164,45,9858.39,7,68,f,y
9051,19,0.4,40,27,338.38,4,61,m,y
9052,7,0.21,177,46,0.0,9,38,f,y
9053,20,0.24,50,52,703.4,3,53,f,y
9054,2,0.29,154,41,6380.44,10,49,m,n
9055,0,0.1,153,27,4.55,2,28,m,y
9056,1,0.27,14,67,3865.84,5,44,f,n
9057,22,0.22,100,51,3109.36,9,52,m,y
9058,5,0.39,142,77,0.0,3,53,f,w
9059,5,0.41,166,100,4928.41,1,32,f,y
9060,15,0.14,6,27,0.0,9,72,f,y
9061,13,0.27,8,63,354.44,5,53,f,w
9062,4,0.25,172,61,0.0,2,55,m,y
9063,10,0.28,145,65,0.0,6,61,f,y
9064,5,0.22,99,38,303.21,3,43,f,n
9065,3,0.47,149,58,6777.54,9,61,m,y
9066,4,0.55,93,53,12704.03,3,49,f,w
9067,9,0.63,32,48,784.83,2,41,f,n
9068,2,0.15,34,34,828.46,3,63,m,n
9069,1,0.37,132,65,1590.48,6,77,m,w
9070,2,0.5,125,59,3236.89,3,65,f,y
9071,17,0.42,110,45,0.0,9,68,m,y
9072,7,0.19,83,46,11982.6,9,47,m,n
9073,3,0.5,74,94,20323.05,9,31,m,y
9074,7,0.29,112,73,2283.16,2,77,m,y
9075,14,0.35,107,37,0.0,7,85,m,n
9076,4,0.25,11,39,365.01,2,78,f,w
9077,1,0.25,157,62,21344.89,1,49,m,y
9078,2,0.28,45,66,4200.66,5,37,f,n
9079,10,0.19,38,63,4152.49,8,39,m,y
9080,2,0.24,142,37,0.0,3,29,m,y
9081,2,0.19,72,29,912.62,7,53,m,n
9082,19,0.15,156,20,0.0,6,79,m,w
9083,7,0.18,27,38,0.0,1,52,m,y
9084,0,0.32,77,69,6113.37,7,59,f,y
9085,12,0.31,83,58,1115.05,3,75,f,y
9086,2,0.28,99,40,5741.22,4,48,m,n
9087,5,0.24,121,57,41544.07,10,85,m,y
9088,0,0.23,141,66,5527.9,2,84,m,y
9089,25,0.3,152,78,1157.57,1,53,f,n
9090,14,0.23,114,49,124.24,5,46,f,y
9091,33,0.35,171,47,6832.8,6,65,m,y
9092,8,0.26,139,63,2654.44,2,49,m,n
9093,11,0.26,39,44,1054.68,10,37,f,n
9094,1,0.29,79,54,1370.59,6,74,m,w
9095,3,0.39,100,71,6222.38,6,73,f,y
9096,3,0.36,144,78,0.0,8,57,m,w
9097,0,0.29,48,56,3728.23,8,36,f,n
9098,3,0.32,40,86,73097.88,6,36,f,y
9099,8,0.35,144,53,1275.81,7,56,f,n
9100,1,0.37,173,54,22313.44,4,47,f,y
9101,2,0.27,165,40,6677.82,5,49,m,n
9102,3,0.37,95,44,433.17,6,70,f,n
9103,22,0.3,70,70,1462.89,6,65,m,n
9104,12,0.24,53,60,997.7,3,75,f,y
9105,1,0.28,44,63,15534.95,9,40,f,n
9106,19,0.37,158,65,0.0,4,49,m,y
9107,12,0.39,109,80,19007.47,8,66,m,w
9108,4,0.24,178,32,3285.54,4,61,f,n
9109,2,0.2,162,43,5934.59,6,77,f,y
9110,3,0.22,106,27,571.27,1,61,f,y
9111,5,0.16,37,50,4452.23,2,82,m,w
9112,8,0.14,128,28,0.0,6,63,m,y
9113,16,0.15,99,30,411.37,3,70,m,n
9114,0,0.29,129,72,4670.57,7,50,f,y
9115,3,0.33,128,90,2491.37,1,55,f,n
9116,7,0.33,87,67,1388.41,3,68,f,y
9117,8,0.26,113,47,782.37,3,79,f,n
9118,3,0.37,72,80,7120.66,1,65,f,w
9119,3,0.26,17,66,8412.01,4,53,f,n
9120,5,0.28,25,60,500.05,8,75,f,y
9121,3,0.19,55,27,111.82,7,25,f,w
9122,8,0.26,141,31,851.67,7,33,m,y
9123,1,0.55,164,45,796.52,5,65,f,n
9124,1,0.22,157,42,218.76,4,55,m,y
9125,0,0.14,131,21,236.47,10,64,m,y
9126,2,0.34,146,30,675.48,6,55,f,y
9127,9,0.22,47,61,0.0,2,63,f,y
9128,0,0.48,83,91,294784.67,1,42,f,n
9129,6,0.22,84,55,1541.4,7,63,m,w
9130,4,0.19,31,45,22510.29,4,69,f,y
9131,12,0.35,171,66,17564.29,7,73,f,y
9132,14,0.26,115,59,164.5,6,85,m,w
9133,22,0.28,43,59,15216.79,9,58,f,y
9134,4,0.11,102,20,409.54,10,59,m,y
9135,22,0.31,143,63,4810.43,6,32,m,y
9136,1,0.2,16,48,12242.51,3,47,f,y
9137,0,0.42,136,58,1309.08,7,52,m,y
9138,2,0.32,128,51,5247.27,9,70,m,n
9139,14,0.25,28,47,31874.52,10,45,m,y
9140,0,0.38,67,77,50557.76,6,66,m,w
9141,3,0.18,46,22,9510.3,7,54,m,y
9142,20,0.17,126,49,43923.25,8,52,m,y
9143,6,0.23,174,35,558.34,4,58,m,y
9144,0,0.5,98,68,29203.03,5,49,m,n
9145,2,0.21,9,20,163.42,4,48,m,y
9146,8,0.36,136,60,0.0,1,29,m,y
9147,0,0.24,56,53,6790.69,6,51,f,n
9148,5,0.21,112,37,14407.51,7,47,f,y
9149,36,0.31,77,90,0.0,2,47,m,n
9150,3,0.26,75,24,4542.94,6,61,f,w
9151,2,0.23,74,42,1632.35,2,64,f,y
9152,0,0.22,13,29,1571.09,10,58,f,y
9153,0,0.35,128,100,22259.9,5,69,m,y
9154,13,0.36,141,54,2048.53,1,63,f,n
9155,2,0.35,152,18,3019.68,3,50,m,y
9156,0,0.31,117,47,6390.83,4,48,m,n
9157,6,0.39,77,43,2931.81,4,59,m,n
9158,1,0.39,13,69,1107.78,2,63,m,y
9159,0,0.33,77,52,1607.63,8,75,f,w
9160,4,0.26,12,26,512.96,6,72,f,y
9161,0,0.23,51,58,4158.38,9,46,f,n
9162,0,0.18,155,38,2991.52,6,53,m,n
9163,4,0.35,86,38,4352.61,3,65,m,y
9164,1,0.23,177,59,5626.12,2,71,m,y
9165,6,0.32,10,44,7173.14,9,69,m,n
9166,9,0.19,158,40,1156.11,3,54,f,n
9167,2,0.34,176,62,4713.35,6,36,f,y
9168,11,0.28,148,66,10916.01,10,40,f,n
9169,1,0.24,164,58,13340.67,2,59,f,y
9170,15,0.2,88,39,139.93,7,60,m,w
9171,0,0.24,49,60,1948.37,1,38,m,n
9172,17,0.58,145,44,6246.05,9,55,f,y
9173,2,0.26,69,48,2727.5,1,64,m,y
9174,8,0.39,28,48,3069.43,9,37,f,n
9175,2,0.2,55,42,351.73,1,71,m,w
9176,2,0.15,130,48,3353.35,1,49,m,y
9177,3,0.3,41,55,1541.7,8,73,f,n
9178,4,0.49,144,47,1189.06,1,46,f,y
9179,0,0.28,91,79,3820.97,8,39,m,y
9180,0,0.24,61,27,1164.69,3,48,f,n
9181,14,0.22,74,36,251.24,4,53,m,y
9182,6,0.26,42,58,219.7,2,49,f,n
9183,1,0.2,143,49,14916.8,6,51,m,w
9184,2,0.39,47,65,3592.82,7,60,m,w
9185,0,0.36,163,37,749.93,10,52,f,y
9186,1,0.14,99,28,1166.22,3,54,m,n
9187,4,0.2,27,25,2178.1,9,29,f,n
9188,6,0.42,171,74,641.48,3,60,f,y
9189,8,0.6,61,46,6475.37,7,53,m,y
9190,7,0.22,119,45,5316.11,4,79,f,w
9191,1,0.14,127,16,1068.38,5,40,f,y
9192,3,0.39,169,43,0.0,9,27,m,n
9193,8,0.28,83,37,0.0,3,64,f,y
9194,4,0.58,144,72,61051.04,3,60,f,y
9195,8,0.18,140,23,0.0,9,39,f,y
9196,9,0.28,101,45,0.0,9,32,f,y
9197,3,0.22,87,54,12577.0,4,78,f,y
9198,2,0.52,39,56,2495.62,1,76,f,n
9199,4,0.23,68,60,2338.52,1,25,f,y
9200,4,0.24,7,35,451.54,9,48,m,y
9201,19,0.22,140,27,0.0,6,79,m,y
9202,20,0.22,48,36,0.0,5,47,m,n
9203,2,0.34,100,43,26990.06,10,47,f,y
9204,0,0.32,23,60,59880.37,3,50,f,n
9205,9,0.24,153,54,6950.12,3,38,m,n
9206,0,0.35,12,100,33502.06,2,29,m,y
9207,5,0.53,57,57,10395.78,7,70,m,y
9208,7,0.39,42,53,3578.41,9,27,m,n
9209,1,0.49,103,34,2513.5,6,58,f,n
9210,2,0.3,51,75,888.22,10,68,f,y
9211,34,0.22,108,53,1425.78,1,33,f,n
9212,1,0.16,47,35,8028.46,6,41,m,y
9213,0,0.2,65,44,8893.18,8,73,f,y
9214,1,0.21,133,59,7545.9,8,62,f,y
9215,1,0.34,109,78,139143.16,10,45,f,y
9216,3,0.24,85,52,15880.07,3,73,f,w
9217,13,0.21,83,68,182.29,1,73,m,w
9218,5,0.16,129,27,4269.8,5,59,m,n
9219,11,0.26,37,44,2498.16,6,41,f,y
9220,21,0.19,171,42,0.0,10,48,f,y
9221,0,0.33,172,62,7835.21,9,59,f,y
9222,3,0.2,31,27,5221.22,2,52,m,y
9223,5,0.3,35,82,940.65,1,69,f,y
9224,5,0.59,174,100,37684.17,7,32,m,n
9225,13,0.3,108,96,81924.77,2,32,f,y
9226,3,0.27,142,54,2114.84,2,57,f,w
9227,0,0.21,37,8,1231.36,3,47,f,n
9228,5,0.39,58,61,17176.9,4,45,f,n
9229,5,0.27,140,52,9219.61,7,28,m,n
9230,8,0.16,156,40,737.32,1,55,m,y
9231,8,0.54,86,55,45022.16,6,54,m,y
9232,30,0.45,154,46,931.26,7,64,m,w
9233,13,0.56,81,28,0.0,3,56,f,n
9234,8,0.33,156,52,3310.07,3,53,m,y
9235,21,0.27,74,38,0.0,2,72,f,n
9236,0,0.57,23,84,14505.65,5,35,m,n
9237,6,0.26,42,52,3333.55,7,63,f,y
9238,3,0.17,140,33,1254.24,3,29,f,y
9239,25,0.33,66,65,4131.8,7,42,m,n
9240,2,0.24,136,58,2419.51,8,36,m,y
9241,2,0.35,6,49,8715.2,3,66,m,y
9242,0,0.35,65,70,2663.22,1,54,f,y
9243,1,0.12,139,14,368.12,3,54,f,w
9244,3,0.14,129,25,3017.61,6,38,m,n
9245,3,0.2,76,37,1776.47,1,50,f,y
9246,0,0.26,96,31,3480.05,9,43,m,y
9247,15,0.29,36,55,3310.29,3,60,f,y
9248,2,0.41,13,82,7775.13,3,40,m,y
9249,8,0.36,124,57,0.0,7,74,f,y
9250,16,0.27,148,53,0.0,7,29,f,y
9251,15,0.33,12,71,0.0,6,42,f,y
9252,3,0.31,140,53,4936.07,7,80,m,w
9253,4,0.26,166,38,0.0,5,48,m,y
9254,6,0.22,174,50,3880.03,8,35,f,y
9255,1,0.19,140,38,1141.02,10,58,m,y
9256,6,0.31,25,64,39035.63,2,47,m,n
9257,36,0.29,76,62,6176.55,5,42,f,y
9258,6,0.22,147,35,32087.43,9,38,m,n
9259,7,0.3,123,59,29938.56,4,95,m,w
9260,0,0.28,148,69,536.9,8,51,f,w
9261,3,0.37,143,71,12774.13,3,26,f,n
9262,2,0.21,130,30,815.47,6,77,m,y
9263,5,0.2,70,52,1140.67,8,64,f,y
9264,7,0.47,161,34,587.61,9,43,f,n
9265,1,0.66,103,60,6112.37,7,41,m,y
9266,1,0.2,8,48,104.4,6,65,f,y
9267,3,0.28,136,40,525.97,6,51,f,w
9268,14,0.42,80,50,27278.27,6,26,m,n
9269,0,0.49,73,45,2543.54,10,81,f,w
9270,3,0.39,172,58,2878.14,9,48,m,n
9271,6,0.35,165,27,48112.69,3,77,f,w
9272,1,0.21,21,39,730.33,4,74,f,w
9273,1,0.34,22,38,5622.77,3,39,m,y
9274,7,0.18,144,12,940.91,9,70,f,w
9275,6,0.27,105,54,273.03,5,45,f,y
9276,11,0.36,37,48,3839.53,10,26,m,n
9277,2,0.11,126,27,734.67,8,48,f,y
9278,6,0.51,123,69,19323.61,8,60,m,y
9279,17,0.23,160,38,4508.27,9,48,f,n
9280,4,0.36,117,40,3118.99,10,50,f,y
9281,3,0.16,103,27,0.0,7,72,f,n
9282,13,0.39,10,40,2418.65,3,56,f,y
9283,12,0.37,94,79,15263.44,5,42,f,n
9284,3,0.14,97,19,1038.13,3,65,f,y
9285,2,0.42,151,100,50574.48,2,57,f,y
9286,8,0.29,8,76,0.0,3,25,f,n
9287,2,0.25,33,53,11085.18,10,61,f,y
9288,4,0.25,39,42,1849.74,9,60,m,y
9289,5,0.38,91,86,902.69,9,55,f,y
9290,13,0.24,155,47,5176.65,8,68,f,w
9291,22,0.15,122,31,182.29,7,44,f,n
9292,6,0.34,35,63,3148.42,1,60,f,y
9293,7,0.3,53,81,0.0,9,31,m,n
9294,3,0.49,70,53,1523.08,10,61,m,n
9295,4,0.34,152,86,18181.54,2,84,m,w
9296,9,0.6,46,53,4920.97,6,40,f,y
9297,28,0.19,98,41,295.81,10,43,f,n
9298,0,0.31,102,37,1063.91,5,44,f,y
9299,11,0.29,86,50,34809.74,6,56,m,n
9300,3,0.36,107,57,2422.46,8,39,f,n
9301,4,0.14,46,43,4122.13,8,61,f,w
9302,3,0.28,128,62,1881.87,10,67,f,y
9303,6,0.27,38,54,7629.04,2,63,m,w
9304,7,0.14,87,18,539.88,7,28,f,y
9305,8,0.49,150,82,2745.73,2,69,f,y
9306,7,0.33,89,58,0.0,1,69,f,y
9307,11,0.23,179,60,6198.89,8,67,f,n
9308,7,0.14,95,24,0.0,9,60,f,y
9309,31,0.28,76,39,1220.98,7,58,m,y
9310,3,0.29,110,36,7742.81,4,70,m,y
9311,7,0.22,62,47,9138.34,7,83,f,w
9312,0,0.15,25,29,6629.91,4,40,m,n
9313,3,0.19,174,43,17708.37,7,71,m,w
9314,1,0.37,80,36,1896.13,4,53,m,y
9315,6,0.28,43,62,5391.64,9,53,f,w
9316,17,0.32,32,38,0.0,5,31,f,n
9317,9,0.31,142,71,7423.72,7,50,m,n
9318,36,0.34,171,63,0.0,8,40,f,n
9319,13,0.37,118,46,223.88,5,48,f,w
9320,17,0.31,158,87,5500.41,1,38,m,n
9321,10,0.75,19,52,1928.8,4,48,m,n
9322,2,0.35,42,92,16407.5,3,48,f,y
9323,4,0.19,97,19,764.08,7,56,f,n
9324,9,0.27,175,37,744.99,6,30,m,n
9325,7,0.18,59,39,2405.14,6,33,m,n
9326,6,0.27,130,88,6862.81,2,60,m,y
9327,2,0.1,168,14,435.83,6,43,m,y
9328,23,0.29,128,90,230719.32,8,71,m,n
9329,0,0.26,36,35,2013.81,5,58,f,n
9330,24,0.63,103,74,0.0,9,64,f,n
9331,2,0.18,128,36,1112.31,2,76,f,y
9332,5,0.38,179,57,10789.14,7,50,m,y
9333,5,0.24,150,60,20741.06,6,46,f,y
9334,0,0.31,118,72,33270.84,6,68,m,y
9335,13,0.2,90,43,0.0,4,62,m,y
9336,0,0.42,95,86,613726.07,10,52,f,n
9337,0,0.64,97,91,4757.48,9,75,f,w
9338,1,0.34,133,82,736.68,6,51,m,y
9339,6,0.25,27,69,306.4,8,55,f,y
9340,5,0.3,174,79,11530.76,8,55,f,n
9341,12,0.12,8,20,813.88,4,40,f,w
9342,6,0.29,97,32,1043.33,5,56,f,w
9343,5,0.46,68,68,0.0,2,75,f,y
9344,1,0.15,71,30,956.74,4,61,f,y
9345,2,0.17,51,24,1192.46,6,55,f,y
9346,5,0.35,141,45,2256.55,2,52,m,n
9347,14,0.17,44,48,4474.11,2,59,m,n
9348,4,0.25,158,28,522.52,10,66,f,y
9349,3,0.29,99,73,1040.21,7,64,f,w
9350,11,0.31,52,44,14668.97,10,50,m,y
9351,10,0.35,167,66,3201.51,5,59,f,w
9352,13,0.46,73,36,0.0,3,62,m,y
9353,13,0.23,62,34,14129.12,3,39,f,y
9354,3,0.14,158,9,238.24,7,57,m,y
9355,2,0.23,92,37,11421.68,3,25,f,y
9356,17,0.21,67,22,4251.62,10,62,f,n
9357,9,0.64,44,86,16617.87,5,64,m,y
9358,0,0.23,119,74,2761.47,2,66,m,n
9359,3,0.24,127,35,350.21,3,49,f,y
9360,6,0.32,140,67,6005.2,4,59,f,y
9361,19,0.5,100,49,1414.86,1,76,f,w
9362,2,0.37,11,55,1165.43,4,76,f,w
9363,2,0.41,128,50,134.84,4,54,m,y
9364,9,0.12,88,20,179.26,3,57,f,w
9365,8,0.4,24,51,68981.72,10,71,f,w
9366,7,0.37,24,60,2807.13,9,32,f,y
9367,4,0.42,39,100,9241.61,3,50,f,n
9368,16,0.24,176,67,0.0,2,75,f,y
9369,3,0.32,146,76,9765.12,7,69,f,y
9370,5,0.19,169,11,208.69,9,60,m,n
9371,0,0.28,30,72,1636.15,6,32,m,y
9372,0,0.12,102,15,275.79,5,54,f,y
9373,27,0.38,61,90,0.0,1,46,f,y
9374,0,0.28,26,65,12513.36,3,59,f,n
9375,8,0.39,39,63,0.0,9,42,f,n
9376,0,0.32,115,61,14570.76,8,39,m,y
9377,25,0.18,30,20,409.96,9,25,f,n
9378,5,0.29,87,43,516.72,8,73,m,y
9379,11,0.34,112,100,22815.65,1,49,m,n
9380,2,0.52,16,100,161877.87,8,57,m,w
9381,13,0.26,24,77,7399.53,8,54,f,n
9382,5,0.33,167,56,17453.97,5,38,m,n
9383,15,0.31,135,48,1006.28,6,36,f,n
9384,1,0.29,35,63,1282.31,2,39,m,y
9385,5,0.39,114,100,0.0,1,44,m,n
9386,2,0.39,43,58,1215.57,8,60,f,y
9387,0,0.36,20,66,719.7,7,43,f,y
9388,2,0.18,80,30,0.0,4,81,m,y
9389,1,0.34,65,47,5051.97,7,70,m,y
9390,4,0.16,137,44,0.0,2,67,f,y
9391,9,0.29,88,81,46855.68,2,53,m,w
9392,0,0.27,19,24,1035.6,7,77,f,y
9393,24,0.68,119,95,433.91,3,51,m,y
9394,6,0.33,86,13,13568.13,6,54,m,y
9395,34,0.13,13,14,7766.73,7,57,m,n
9396,27,0.38,82,47,0.0,7,65,f,y
9397,6,0.17,98,14,723.83,10,64,f,y
9398,0,0.22,116,36,1770.88,4,47,m,n
9399,11,0.21,144,28,30.47,3,47,f,n
9400,22,0.26,85,43,0.0,1,64,f,y
9401,17,0.24,55,43,287.53,7,65,f,y
9402,10,0.18,92,41,18621.02,9,49,m,n
9403,0,0.2,81,62,1097.78,1,31,m,y
9404,3,0.36,43,83,2863.24,5,51,f,y
9405,6,0.23,157,42,2236.78,4,64,m,y
9406,27,0.27,100,18,0.0,10,82,m,w
9407,3,0.13,171,34,685.52,2,37,f,y
9408,24,0.4,130,87,0.0,7,48,m,y
9409,5,0.43,70,94,26392.2,7,49,m,y
9410,0,0.18,95,51,678.04,8,75,m,w
9411,0,0.14,22,23,1014.84,3,54,f,y
9412,1,0.42,105,81,5886.35,6,41,m,n
9413,16,0.15,150,25,982.58,4,63,f,n
9414,4,0.38,32,100,33435.57,3,48,f,w
9415,13,0.29,94,71,3434.84,4,36,f,n
9416,4,0.29,30,56,5368.8,1,41,m,y
9417,6,0.28,107,42,484.56,7,81,m,y
9418,7,0.51,101,50,0.0,7,60,f,y
9419,5,0.27,63,52,2554.67,7,56,m,n
9420,6,0.22,129,62,19269.88,2,51,f,n
9421,5,0.34,6,94,9646.1,1,59,f,n
9422,4,0.35,146,74,0.0,9,59,f,y
9423,18,0.23,26,69,1993.76,2,59,m,n
9424,2,0.38,6,62,31264.06,5,56,f,w
9425,28,0.14,164,25,0.0,5,68,m,w
9426,11,0.14,66,43,18931.08,8,55,m,n
9427,6,0.2,8,58,4018.95,1,40,f,n
9428,2,0.2,162,50,7019.78,7,45,f,n
9429,1,0.17,87,37,180.94,3,25,f,y
9430,10,0.11,30,32,397.55,2,85,f,y
9431,0,0.42,167,85,183877.21,5,67,f,y
9432,4,0.4,23,74,25296.66,4,42,m,y
9433,2,0.34,33,82,210140.52,9,50,m,n
9434,0,0.16,9,44,388.26,1,45,f,n
9435,27,0.3,124,33,0.0,3,78,m,n
9436,3,0.25,121,61,55358.31,3,33,f,y
9437,2,0.29,154,62,10602.75,4,56,m,y
9438,0,0.27,75,46,8280.38,7,53,m,y
9439,16,0.28,26,51,19712.93,5,67,m,y
9440,0,0.2,99,30,3505.81,10,53,f,w
9441,0,0.29,153,52,10892.77,6,28,f,y
9442,2,0.33,131,58,2733.22,3,51,m,y
9443,4,0.17,174,29,0.0,5,40,m,y
9444,7,0.26,126,69,10534.6,2,56,f,n
9445,6,0.4,133,77,44498.7,4,76,m,w
9446,3,0.17,36,36,123.31,3,28,f,y
9447,9,0.25,105,54,0.0,3,42,f,n
9448,4,0.13,158,24,504.65,4,46,f,n
9449,7,0.31,74,95,6892.61,8,49,f,y
9450,15,0.21,22,52,0.0,8,66,m,y
9451,21,0.2,153,54,0.0,1,52,f,y
9452,14,0.28,50,24,490.2,5,61,f,y
9453,8,0.2,116,47,115.96,2,45,f,n
9454,0,0.21,55,41,19033.85,10,58,m,y
9455,2,0.5,125,53,5356.42,6,66,f,y
9456,1,0.31,166,53,23039.97,3,44,f,y
9457,10,0.25,103,24,0.0,10,66,f,y
9458,1,0.29,121,14,37.18,10,55,m,w
9459,2,0.24,128,50,853.56,9,70,m,y
9460,3,0.22,34,31,527.59,9,51,f,y
9461,3,0.23,155,58,702.23,8,60,f,n
9462,1,0.25,8,71,2877.69,2,54,m,y
9463,9,0.18,11,58,8248.82,2,53,f,y
9464,3,0.15,173,43,2189.09,2,58,m,y
9465,6,0.33,81,39,0.0,5,63,m,y
9466,1,0.23,10,56,14152.3,10,36,m,y
9467,0,0.48,8,64,13045.07,9,76,m,y
9468,7,0.2,9,38,5525.09,7,27,m,y
9469,10,0.28,10,55,12087.18,7,44,m,n
9470,8,0.55,62,100,10658.03,3,53,m,y
9471,0,0.18,104,28,3122.46,3,61,f,w
9472,3,0.22,175,49,2628.46,10,78,f,y
9473,19,0.35,88,100,316794.59,3,27,f,n
9474,9,0.51,161,68,6123.68,1,47,m,n
9475,12,0.22,60,53,3517.34,8,25,m,y
9476,0,0.49,171,87,38743.89,2,55,f,n
9477,4,0.32,28,71,2005.82,7,59,f,n
9478,20,0.38,140,40,0.0,9,78,m,y
9479,1,0.22,43,68,1957.85,2,56,m,w
9480,14,0.17,114,36,120.09,1,70,f,y
9481,0,0.2,90,29,1623.82,5,63,f,y
9482,2,0.63,42,73,45909.68,10,48,m,n
9483,2,0.14,139,6,759.12,5,33,f,y
9484,0,0.28,143,89,2022.55,1,59,f,n
9485,9,0.42,160,43,4897.78,9,32,f,n
9486,13,0.53,121,62,0.0,3,74,m,w
9487,3,0.34,111,94,6441.32,2,52,f,y
9488,7,0.39,62,59,2785.61,7,72,m,w
9489,1,0.17,97,37,3343.61,5,47,f,y
9490,1,0.27,21,57,249.81,4,59,f,y
9491,4,0.31,119,63,6932.28,4,58,f,y
9492,1,0.41,64,53,1474.99,9,54,f,n
9493,12,0.26,161,66,8234.81,9,48,m,y
9494,2,0.25,8,65,1306.07,1,60,m,y
9495,0,0.32,122,66,578.32,10,41,f,y
9496,16,0.33,163,57,0.0,7,36,f,n
9497,19,0.2,24,62,20469.13,8,73,m,w
9498,7,0.21,102,41,9438.78,5,65,f,y
9499,1,0.11,141,19,455.44,7,55,m,y
9500,10,0.17,24,50,12011.49,8,79,m,w
9501,1,0.25,41,59,20786.47,8,50,m,y
9502,2,0.18,117,33,696.78,9,74,f,w
9503,2,0.26,65,47,1078.44,5,57,m,y
9504,11,0.32,39,54,0.0,2,39,f,y
9505,0,0.21,160,39,14527.21,6,82,m,y
9506,8,0.28,172,50,713.44,1,69,m,y
9507,1,0.23,47,11,2198.83,10,53,f,n
9508,6,0.21,47,26,738.82,6,65,f,y
9509,2,0.27,93,61,27583.32,3,48,m,n
9510,1,0.34,164,42,1820.56,3,67,m,y
9511,9,0.17,27,25,1186.78,7,25,f,y
9512,14,0.23,92,29,0.0,4,39,m,n
9513,18,0.18,46,21,240.76,5,69,f,n
9514,4,0.35,29,66,22720.54,6,51,m,n
9515,3,0.42,173,59,25911.96,10,58,m,n
9516,10,0.19,165,32,7216.82,6,34,f,y
9517,20,0.37,56,40,0.0,2,82,f,w
9518,13,0.09,38,10,386.07,3,72,m,y
9519,4,0.3,33,87,5653.22,1,51,m,y
9520,6,0.46,95,54,30005.67,3,48,m,n
9521,1,0.07,87,19,1491.02,8,70,f,y
9522,3,0.31,127,67,3885.04,4,84,f,w
9523,0,0.32,84,95,15301.97,2,69,m,y
9524,3,0.24,107,11,1684.86,4,87,m,y
9525,5,0.15,27,29,6494.53,7,41,m,y
9526,5,0.17,23,36,6322.12,9,42,m,n
9527,4,0.16,7,31,1072.55,5,37,m,y
9528,0,0.29,99,67,823.16,5,61,f,y
9529,6,0.41,94,54,2412.33,5,57,m,n
9530,3,0.4,159,47,3718.13,10,52,m,y
9531,5,0.18,44,36,80775.49,9,67,f,y
9532,0,0.17,22,17,333.99,7,73,m,w
9533,6,0.35,21,64,16028.64,3,32,m,n
9534,13,0.24,160,61,14086.82,2,46,m,y
9535,0,0.44,136,29,272.78,9,67,m,w
9536,2,0.31,47,60,6132.31,3,47,f,y
9537,3,0.18,68,38,387.51,8,43,f,y
9538,0,0.28,34,43,418.0,4,70,m,n
9539,4,0.32,135,32,4852.64,5,35,m,n
9540,1,0.25,112,70,12083.5,8,50,m,y
9541,1,0.42,109,39,4676.24,5,59,f,y
9542,7,0.23,19,46,1027.23,10,46,f,y
9543,4,0.26,17,52,24453.24,2,66,f,y
9544,12,0.43,29,86,3476.63,6,46,m,n
9545,0,0.44,33,53,6034.6,7,76,m,n
9546,16,0.31,151,69,0.0,1,53,f,y
9547,6,0.5,106,55,5547.35,10,65,f,y
9548,9,0.34,139,55,1620.62,9,66,f,w
9549,3,0.42,35,70,25014.5,6,45,m,y
9550,0,0.29,39,31,312.65,4,25,f,n
9551,2,0.27,161,57,490.67,2,60,f,w
9552,2,0.42,80,50,17005.82,9,56,f,y
9553,3,0.19,21,33,1861.5,6,63,m,n
9554,10,0.16,159,28,293.58,9,51,f,n
9555,11,0.13,164,34,159.69,2,48,m,y
9556,19,0.23,32,34,151.74,5,85,f,y
9557,0,0.53,117,75,2101.72,6,32,m,n
9558,7,0.26,54,43,3879.61,5,66,f,y
9559,1,0.36,142,32,11563.19,6,46,f,n
9560,13,0.3,31,77,12487.07,3,49,m,y
9561,3,0.42,11,81,0.0,9,50,f,n
9562,1,0.71,140,97,9710.03,2,42,m,y
9563,4,0.3,18,71,711.38,2,63,m,y
9564,6,0.26,15,16,62.25,5,75,m,y
9565,16,0.26,48,44,0.0,10,62,m,n
9566,9,0.39,115,45,2796.58,3,56,f,y
9567,9,0.29,117,64,0.0,2,40,m,y
9568,8,0.22,106,49,34790.65,6,62,f,y
9569,2,0.29,23,72,13212.37,6,87,f,y
9570,0,0.32,16,74,6586.7,7,49,f,y
9571,7,0.54,15,46,21934.1,4,49,f,n
9572,4,0.26,161,51,383.63,8,46,m,n
9573,1,0.23,58,38,5222.95,3,47,f,n
9574,26,0.26,59,54,93819.49,10,25,m,y
9575,3,0.32,158,34,214.35,1,61,f,y
9576,2,0.32,11,78,16000.99,5,42,f,w
9577,0,0.25,111,44,82263.98,6,30,f,y
9578,11,0.17,144,36,16092.36,3,66,m,n
9579,1,0.16,38,36,10352.24,2,38,f,n
9580,4,0.44,74,59,12850.83,3,49,f,n
9581,7,0.14,101,28,552.23,3,76,f,y
9582,0,0.19,179,45,65253.62,7,33,m,y
9583,4,0.21,93,49,0.0,1,32,f,y
9584,0,0.27,60,37,574.87,4,59,m,n
9585,4,0.21,56,51,14988.57,3,72,f,w
9586,1,0.24,30,42,691.35,10,31,f,n
9587,0,0.1,110,15,342.81,7,61,m,y
9588,1,0.41,28,99,346.04,1,63,m,n
9589,8,0.24,51,36,0.0,8,25,f,n
9590,13,0.58,177,99,0.0,10,66,m,y
9591,6,0.56,146,73,19055.81,7,68,m,y
9592,0,0.34,150,59,3356.88,8,50,f,n
9593,0,0.25,19,56,295.94,8,73,f,n
9594,27,0.32,163,82,49081.51,9,72,f,y
9595,19,0.45,110,100,0.0,1,56,m,y
9596,12,0.59,127,52,24053.02,9,48,m,n
9597,6,0.4,163,63,40483.16,1,40,f,y
9598,3,0.24,38,32,1180.93,3,54,f,y
9599,14,0.37,125,24,97.32,7,63,f,n
9600,11,0.21,36,54,0.0,8,50,f,n
9601,4,0.26,28,41,18487.9,5,25,m,n
9602,4,0.28,120,70,9298.16,1,74,m,n
9603,5,0.22,59,33,0.0,3,57,f,y
9604,0,0.55,89,46,1383.82,7,49,f,n
9605,10,0.24,61,68,0.0,2,67,f,w
9606,2,0.11,97,35,716.34,2,77,f,y
9607,33,0.18,13,44,0.0,9,25,f,y
9608,3,0.16,155,30,14098.04,6,61,f,y
9609,3,0.26,67,41,799.71,4,33,m,n
9610,9,0.46,59,86,0.0,10,62,f,y
9611,10,0.17,168,30,6278.95,9,56,f,y
9612,8,0.24,124,58,109.49,7,64,m,y
9613,5,0.15,113,17,30.31,7,47,f,y
9614,3,0.38,93,84,18236.05,8,26,m,y
9615,1,0.34,20,87,9143.8,3,48,f,w
9616,7,0.33,119,75,266.9,2,61,f,n
9617,1,0.25,10,59,114.82,1,70,f,y
9618,3,0.15,22,44,1994.42,2,37,f,y
9619,6,0.2,97,31,16891.58,3,70,f,y
9620,7,0.28,122,64,25633.71,5,45,f,n
9621,21,0.33,136,81,4902.35,8,60,f,y
9622,1,0.28,152,38,156.69,3,47,m,w
9623,5,0.53,107,60,9842.98,7,57,m,n
9624,15,0.43,170,90,23667.01,5,68,f,y
9625,2,0.19,154,43,1166.67,5,36,f,n
9626,5,0.34,106,80,5786.25,8,44,m,n
9627,7,0.3,56,38,303.95,10,57,m,y
9628,9,0.36,59,83,11451.25,5,91,m,n
9629,8,0.29,144,50,6834.44,10,42,f,n
9630,5,0.3,163,67,28120.51,7,85,f,n
9631,2,0.26,95,66,12642.48,10,85,m,y
9632,12,0.23,118,65,21145.21,8,53,f,y
9633,21,0.2,176,42,0.0,8,50,m,y
9634,9,0.23,41,16,820.44,3,44,f,y
9635,3,0.39,95,87,3113.06,4,53,f,w
9636,36,0.32,125,78,0.0,8,33,f,n
9637,2,0.26,96,51,1733.57,5,53,m,n
9638,36,0.3,159,89,0.0,1,77,m,n
9639,5,0.15,103,19,395.19,7,45,f,n
9640,6,0.17,65,33,685.76,3,51,m,w
9641,6,0.29,95,57,8227.95,2,29,f,y
9642,1,0.38,27,75,3071.07,10,60,f,n
9643,9,0.29,29,40,0.0,5,58,m,y
9644,5,0.17,145,51,243.58,1,55,f,w
9645,2,0.25,80,53,0.0,9,51,m,w
9646,10,0.27,65,32,443.31,10,50,f,n
9647,10,0.49,154,91,26179.28,5,62,f,y
9648,0,0.63,85,42,5514.45,6,54,m,y
9649,2,0.39,169,16,326.16,7,59,f,y
9650,2,0.14,12,26,1820.81,9,58,m,y
9651,3,0.33,58,41,1656.68,5,71,f,n
9652,4,0.34,161,61,8407.1,4,65,m,y
9653,14,0.18,29,43,4699.18,3,57,m,n
9654,9,0.35,58,22,1070.85,5,77,f,y
9655,16,0.3,18,62,0.0,10,61,m,w
9656,9,0.39,83,63,2063.46,10,74,f,y
9657,1,0.3,100,57,6954.18,3,64,f,y
9658,4,0.16,77,23,1043.05,5,27,f,n
9659,8,0.22,6,50,0.0,8,74,f,w
9660,5,0.37,109,62,19401.31,2,57,f,y
9661,1,0.24,120,56,3683.38,4,54,m,n
9662,0,0.17,86,29,133.52,8,59,f,y
9663,3,0.3,46,49,5596.36,5,49,f,n
9664,13,0.23,18,44,984.58,8,58,m,w
9665,11,0.16,32,19,1495.02,6,46,m,n
9666,20,0.22,128,65,0.0,1,74,f,w
9667,6,0.19,45,36,940.5,5,53,f,n
9668,4,0.2,165,30,8694.74,10,49,f,w
9669,12,0.36,81,100,0.0,2,41,f,n
9670,5,0.31,176,42,14231.8,7,59,m,n
9671,1,0.15,57,21,260.44,10,57,f,y
9672,36,0.28,85,68,0.0,4,60,f,y
9673,0,0.25,39,67,3616.91,2,39,m,n
9674,19,0.33,139,99,599.16,1,30,m,n
9675,1,0.35,53,58,270261.23,5,64,m,y
9676,17,0.46,151,82,0.0,10,77,f,y
9677,21,0.25,86,63,2021.03,8,39,m,n
9678,12,0.32,172,69,0.0,8,78,m,n
9679,22,0.18,12,37,2435.96,10,59,m,y
9680,9,0.24,11,66,22483.05,2,54,m,y
9681,3,0.24,58,57,11409.49,6,49,m,n
9682,19,0.27,6,67,0.0,7,34,f,y
9683,0,0.15,34,12,1397.4,10,69,m,y
9684,2,0.27,97,55,0.0,1,43,f,n
9685,16,0.22,108,53,0.0,5,43,f,n
9686,8,0.27,128,48,2461.9,6,69,f,y
9687,13,0.2,107,30,310.27,7,26,f,y
9688,5,0.16,103,35,7037.96,9,32,m,n
9689,12,0.36,64,33,0.0,3,54,m,n
9690,4,0.29,146,67,1289.6,8,59,m,y
9691,2,0.2,50,41,25.18,10,62,f,y
9692,10,0.44,179,100,3605918.35,3,50,m,n
9693,1,0.52,127,68,2230.82,9,92,f,w
9694,2,0.22,28,71,10353.47,8,51,f,y
9695,0,0.42,37,23,17990.83,9,51,f,y
9696,7,0.27,77,39,1120.85,5,43,f,y
9697,4,0.2,116,24,115.51,9,56,f,y
9698,12,0.22,80,39,3254.45,3,64,m,y
9699,0,0.22,146,53,804.26,7,73,f,n
9700,0,0.17,58,38,2145.44,3,32,m,n
9701,9,0.23,25,40,6556.38,6,51,f,y
9702,1,0.29,134,69,5669.12,8,61,f,w
9703,4,0.65,62,63,738.58,2,63,m,n
9704,4,0.26,71,59,3625.13,8,55,f,y
9705,0,0.36,144,76,59343.49,1,63,f,w
9706,17,0.3,51,50,11062.56,4,42,f,n
9707,7,0.37,35,35,240.39,7,78,f,w
9708,1,0.26,12,62,13043.2,1,69,f,y
9709,0,0.16,157,31,23135.65,6,34,m,y
9710,0,0.25,100,58,3360.57,10,38,m,n
9711,9,0.32,48,75,0.0,6,39,f,n
9712,21,0.18,84,37,3946.8,7,65,f,y
9713,11,0.34,41,44,672.92,9,35,m,n
9714,4,0.26,134,55,3069.66,7,50,m,y
9715,29,0.17,12,25,3153.92,3,61,m,n
9716,1,0.2,49,27,573.93,4,54,f,y
9717,1,0.14,66,35,739.22,1,58,m,n
9718,14,0.14,31,27,3614.96,5,39,m,y
9719,1,0.4,112,72,1633.28,7,63,f,w
9720,1,0.3,112,53,2643.43,3,45,m,y
9721,6,0.25,126,59,688.91,6,50,f,w
9722,13,0.19,163,45,0.0,3,58,m,y
9723,3,0.19,6,20,126.25,4,56,m,n
9724,5,0.24,68,28,39.67,5,55,f,y
9725,25,0.13,20,18,0.0,6,43,f,n
9726,2,0.15,60,18,7394.06,6,50,m,n
9727,3,0.46,62,81,0.0,1,55,f,n
9728,2,0.21,122,44,59.5,8,34,m,y
9729,5,0.32,25,25,54.59,3,48,f,n
9730,1,0.25,155,41,1631.63,4,60,m,y
9731,2,0.36,94,87,12380.06,8,35,f,y
9732,22,0.35,122,72,0.0,5,72,f,y
9733,1,0.29,169,76,7783.98,6,74,m,n
9734,12,0.23,170,74,0.0,1,36,m,n
9735,4,0.32,179,62,707.34,8,75,f,y
9736,2,0.24,124,33,1595.26,5,52,m,y
9737,2,0.3,160,84,110953.14,1,61,m,n
9738,1,0.26,152,41,1879.32,7,47,m,w
9739,4,0.22,88,45,2217.18,2,68,f,n
9740,3,0.32,21,47,187.1,6,61,f,n
9741,4,0.25,59,38,1813.09,3,42,m,n
9742,6,0.27,100,38,371.44,6,37,f,n
9743,0,0.33,167,68,5740.33,9,33,f,w
9744,12,0.14,84,25,931.37,6,57,m,y
9745,10,0.38,41,59,1040.43,1,63,f,y
9746,3,0.29,132,62,588.49,6,64,f,w
9747,3,0.24,95,54,19906.12,3,53,f,w
9748,27,0.5,99,37,7142.31,4,37,m,y
9749,11,0.28,164,42,0.0,4,44,f,n
9750,1,0.4,94,33,13077.24,9,72,f,w
9751,0,0.27,137,79,13361.01,8,47,f,n
9752,26,0.31,17,52,17925.59,7,57,f,y
9753,10,0.26,66,51,14616.99,5,38,m,n
9754,18,0.3,152,81,12265.22,10,60,f,y
9755,4,0.24,124,42,4198.7,4,48,f,y
9756,4,0.27,14,58,5910.67,3,70,m,w
9757,0,0.16,30,49,1806.66,1,66,m,n
9758,36,0.38,59,65,2927.43,9,47,m,n
9759,11,0.29,117,68,5286.23,8,53,f,n
9760,3,0.16,46,51,236.28,1,46,f,n
9761,5,0.15,55,40,938.91,2,33,f,n
9762,2,0.53,122,60,789.81,1,42,m,y
9763,0,0.29,140,52,2245.75,1,57,f,n
9764,7,0.52,32,71,0.0,9,59,f,y
9765,6,0.19,116,18,748.02,5,57,m,n
9766,5,0.37,60,47,0.0,3,50,m,y
9767,36,0.34,112,89,17697.37,2,68,m,y
9768,18,0.28,139,68,1400.34,8,55,f,y
9769,7,0.23,168,66,364.56,8,65,f,n
9770,3,0.29,165,29,1538.66,6,28,f,w
9771,1,0.29,11,70,2215.03,2,25,m,w
9772,14,0.19,23,56,1025.71,1,59,f,y
9773,1,0.23,164,41,3044.77,6,33,f,y
9774,0,0.25,57,59,3863.23,1,51,m,y
9775,9,0.16,149,36,2416.43,6,50,m,y
9776,2,0.28,86,33,5791.27,10,78,f,w
9777,18,0.14,138,43,900.91,2,60,f,w
9778,17,0.28,150,50,1380.19,7,57,m,y
9779,6,0.32,164,55,34683.31,10,67,m,y
9780,10,0.13,21,41,348.49,2,60,f,y
9781,1,0.22,26,60,80.1,2,48,f,y
9782,7,0.33,174,43,1626.13,6,71,f,w
9783,5,0.2,44,46,1190.35,4,38,m,n
9784,2,0.27,42,51,17005.16,6,59,m,n
9785,18,0.17,174,51,6446.32,8,31,m,n
9786,16,0.57,58,67,710.53,10,58,f,y
9787,13,0.24,79,53,0.0,3,57,f,y
9788,16,0.24,37,44,44008.88,5,80,f,y
9789,21,0.22,30,37,1926.26,5,31,m,n
9790,6,0.26,69,40,555.93,10,45,f,n
9791,5,0.13,166,13,573.71,9,67,f,n
9792,23,0.19,108,24,12460.06,7,60,f,y
9793,17,0.43,107,41,0.0,9,57,f,n
9794,7,0.14,43,43,44409.26,8,40,f,y
9795,1,0.09,97,13,604.89,3,46,f,y
9796,11,0.79,84,62,17144.95,2,73,m,y
9797,1,0.23,141,39,820.69,3,54,f,y
9798,15,0.3,6,70,0.0,6,60,m,n
9799,9,0.13,64,18,128.09,10,53,f,n
9800,6,0.23,40,21,0.0,4,37,f,y
9801,24,0.28,21,60,0.0,1,69,m,y
9802,8,0.34,147,85,5900.8,10,62,f,y
9803,2,0.19,10,36,207.73,10,89,f,y
9804,2,0.44,85,72,5332.43,9,39,f,y
9805,1,0.3,26,40,68.05,6,67,f,n
9806,17,0.31,63,53,0.0,1,35,f,y
9807,2,0.21,62,32,353.11,3,57,f,n
9808,24,0.29,144,83,6263.57,1,69,m,y
9809,4,0.2,76,28,51.1,9,25,m,y
9810,15,0.29,126,51,0.0,4,51,m,y
9811,4,0.4,141,89,807.98,2,46,f,n
9812,25,0.26,147,51,3548.43,4,44,m,n
9813,12,0.31,113,62,385.28,2,60,f,y
9814,22,0.22,166,31,203.06,6,71,m,w
9815,13,0.25,157,60,870.32,6,53,f,y
9816,8,0.28,43,74,1457.42,7,58,m,w
9817,18,0.29,84,54,422.79,9,56,f,y
9818,0,0.28,55,56,2207.31,9,55,f,n
9819,4,0.28,94,62,58863.66,4,38,f,n
9820,4,0.26,69,41,1860.96,9,71,f,n
9821,15,0.4,130,91,59082.8,8,59,f,y
9822,6,0.32,135,95,3388.7,1,60,f,y
9823,6,0.29,172,55,6123.85,7,42,f,n
9824,2,0.17,147,32,1738.85,7,48,m,n
9825,6,0.29,145,45,24132.27,10,52,f,y
9826,19,0.27,86,45,22308.2,4,31,f,y
9827,12,0.26,83,29,25067.91,7,29,m,y
9828,10,0.34,15,36,4279.72,10,45,f,n
9829,9,0.19,49,35,0.0,10,62,f,y
9830,4,0.57,45,100,5681.01,5,45,f,y
9831,12,0.14,114,27,955.31,5,39,f,n
9832,3,0.27,75,41,31125.26,5,42,m,y
9833,14,0.28,36,63,0.0,6,48,m,y
9834,26,0.35,42,55,0.0,7,49,m,y
9835,3,0.25,176,67,2545.25,5,87,m,w
9836,10,0.48,114,84,0.0,9,70,f,y
9837,17,0.29,102,22,2360.18,9,70,m,w
9838,6,0.32,76,68,4170.83,7,72,f,y
9839,12,0.48,43,54,11829.53,10,40,f,y
9840,7,0.37,13,90,120115.18,3,36,f,n
9841,15,0.42,39,45,1598.32,4,38,m,n
9842,17,0.17,150,39,0.0,4,75,m,y
9843,8,0.17,22,22,29.71,7,46,m,y
9844,2,0.34,99,100,27878.15,2,36,m,y
9845,7,0.22,87,51,8520.53,5,48,f,n
9846,2,0.25,58,47,754.69,4,51,f,y
9847,0,0.28,148,39,707.3,10,59,m,n
9848,36,0.22,69,44,0.0,9,58,f,n
9849,4,0.23,114,65,6057.22,1,42,m,n
9850,4,0.32,62,25,3514.93,10,65,f,n
9851,6,0.13,153,26,54.17,3,45,m,n
9852,11,0.46,66,75,0.0,6,52,f,y
9853,11,0.2,30,50,790.1,4,65,m,y
9854,6,0.19,83,47,879.52,3,45,m,y
9855,13,0.4,32,24,1636.02,6,46,m,n
9856,1,0.18,104,30,102.03,3,63,m,n
9857,15,0.22,33,51,5730.39,7,42,f,y
9858,1,0.21,139,62,5180.04,1,49,m,n
9859,8,0.36,46,70,0.0,9,63,f,y
9860,0,0.37,64,49,2812.03,10,85,f,n
9861,35,0.12,83,18,41.55,2,64,f,y
9862,8,0.28,54,68,8191.89,4,62,f,y
9863,20,0.23,113,46,5784.07,6,62,m,n
9864,6,0.28,105,68,18219.01,6,38,f,y
9865,36,0.24,10,70,985.23,8,56,f,y
9866,6,0.23,16,48,2306.3,8,54,f,w
9867,4,0.3,91,58,931.15,4,59,f,n
9868,11,0.37,45,68,4111.52,6,56,f,y
9869,0,0.2,119,45,1517.31,9,60,m,y
9870,2,0.23,75,59,11476.49,7,50,f,y
9871,6,0.24,172,50,2284.78,8,55,f,w
9872,4,0.4,75,61,24370.16,8,36,m,n
9873,5,0.29,115,53,696.47,2,50,f,n
9874,15,0.17,25,32,0.0,7,75,m,y
9875,1,0.2,137,32,3168.14,3,59,m,y
9876,0,0.2,18,42,6096.15,7,54,f,y
9877,5,0.25,54,77,17861.1,2,83,f,n
9878,1,0.39,81,57,780.45,1,34,f,y
9879,0,0.17,14,34,19763.81,9,38,f,n
9880,10,0.28,64,37,189.9,10,80,m,n
9881,4,0.27,121,58,1373.24,10,55,f,y
9882,10,0.17,8,45,457.58,1,51,m,n
9883,1,0.44,16,55,310.72,1,37,m,y
9884,2,0.38,10,39,3118.14,3,61,m,n
9885,8,0.28,168,82,0.0,1,63,f,y
9886,8,0.24,118,47,5264.62,7,38,f,y
9887,11,0.33,157,51,0.0,7,52,f,y
9888,0,0.31,87,47,18570.85,8,49,f,w
9889,13,0.25,130,64,2312.05,2,58,m,n
9890,7,0.48,139,60,1164.28,7,38,f,y
9891,1,0.27,91,57,2134.34,9,73,m,y
9892,4,0.14,47,27,72.77,10,68,m,n
9893,3,0.58,48,43,3929.79,5,49,f,y
9894,1,0.43,147,38,31725.98,10,51,f,w
9895,16,0.3,30,33,490.62,3,52,f,w
9896,6,0.41,23,47,8957.1,9,43,f,n
9897,4,0.35,157,81,3834.68,1,48,f,w
9898,1,0.17,111,24,2317.56,3,50,f,y
9899,7,0.35,6,99,7305.93,2,79,m,y
9900,1,0.28,20,78,12117.68,2,69,m,y
9901,6,0.29,39,41,4205.8,3,69,m,y
9902,3,0.16,7,26,0.0,10,60,m,w
9903,6,0.22,169,44,1510.6,7,38,m,y
9904,9,0.23,156,37,1201.95,6,54,f,w
9905,23,0.2,157,29,37641.79,9,69,f,n
9906,7,0.3,115,83,4329.53,10,36,f,y
9907,3,0.26,165,50,38773.47,10,64,m,y
9908,14,0.19,56,25,573.8,3,89,m,y
9909,9,0.37,51,78,0.0,5,70,m,y
9910,4,0.45,146,66,4712.95,9,76,f,n
9911,0,0.28,102,62,2176.9,3,58,m,y
9912,13,0.21,111,28,62.04,8,69,f,y
9913,10,0.59,19,96,70706.92,9,44,f,n
9914,4,0.45,22,44,842.8,7,66,f,y
9915,6,0.38,127,18,587.84,6,64,m,y
9916,11,0.3,149,23,0.0,6,59,f,n
9917,5,0.24,165,36,21133.74,6,74,f,y
9918,8,0.32,112,50,3663.59,5,46,f,y
9919,5,0.22,17,55,53611.58,7,52,m,n
9920,7,0.15,136,26,305.91,7,56,m,w
9921,5,0.68,80,57,2960.08,7,39,m,n
9922,2,0.27,48,71,4900.48,3,58,f,y
9923,7,0.1,138,15,202.29,6,29,f,n
9924,5,0.22,32,48,1519.04,9,70,f,y
9925,2,0.26,132,42,12609.02,9,55,f,w
9926,16,0.25,61,58,3438.07,4,47,m,y
9927,3,0.26,109,65,7799.83,9,42,f,y
9928,3,0.21,85,63,190.06,2,51,m,w
9929,0,0.24,73,56,1744.45,8,65,f,w
9930,1,0.28,96,67,1766.74,2,63,f,n
9931,4,0.29,20,69,11963.62,5,44,f,y
9932,6,0.5,152,48,446.52,6,42,f,y
9933,0,0.47,31,99,3743.23,2,64,f,n
9934,7,0.34,178,75,14187.58,9,44,f,n
9935,6,0.09,15,8,1601.92,6,55,m,y
9936,0,0.42,103,66,2269.23,8,56,f,y
9937,8,0.31,107,80,1753.62,4,59,f,w
9938,12,0.41,159,82,1024.06,3,67,f,y
9939,9,0.32,141,56,3322.55,4,36,f,n
9940,3,0.54,85,100,11511.01,1,26,f,y
9941,0,0.27,37,75,1900.45,1,46,f,n
9942,6,0.18,26,50,221.09,8,82,m,w
9943,9,0.17,101,38,462.91,1,85,f,y
9944,15,0.49,50,77,0.0,5,82,f,w
9945,0,0.21,17,47,3430.24,10,52,f,y
9946,2,0.48,108,44,762.98,9,28,m,y
9947,0,0.27,79,38,171258.21,3,25,f,n
9948,4,0.14,75,29,2023.43,10,45,m,n
9949,2,0.3,42,66,13442.2,2,52,f,n
9950,0,0.2,117,25,568.93,5,74,m,y
9951,11,0.29,164,62,3692.23,2,68,f,y
9952,8,0.23,136,37,927.04,10,58,m,w
9953,4,0.44,74,93,4593.51,1,41,m,y
9954,1,0.37,103,46,3848.89,9,40,f,n
9955,6,0.34,38,69,4106.48,10,58,m,y
9956,2,0.22,41,52,9310.18,9,65,m,w
9957,1,0.22,8,49,1097.7,1,60,m,w
9958,5,0.16,136,35,1777.26,4,39,f,y
9959,2,0.3,111,83,25155.88,5,64,f,n
9960,6,0.32,33,85,73899.71,2,61,m,y
9961,0,0.45,142,18,7315.5,9,38,f,y
9962,2,0.16,31,31,1126.23,9,43,m,y
9963,9,0.43,162,71,383.74,9,65,f,y
9964,1,0.07,15,20,421.35,8,51,f,y
9965,7,0.15,160,31,430.76,6,78,f,n
9966,0,0.32,114,43,181.15,1,62,f,y
9967,8,0.22,67,40,5540.49,10,47,m,y
9968,8,0.54,101,49,1061.07,5,54,m,y
9969,2,0.26,151,83,5368.16,8,55,f,y
9970,10,0.28,91,63,815.13,4,44,m,n
9971,1,0.22,150,42,246.11,8,41,m,n
9972,4,0.22,54,19,0.0,6,65,m,w
9973,18,0.28,159,67,0.0,1,67,m,y
9974,11,0.46,10,90,2699.09,1,64,f,y
9975,15,0.25,78,31,1208.86,3,77,m,w
9976,3,0.47,49,64,6691.43,1,46,m,n
9977,30,0.31,157,36,4005.9,4,80,f,n
9978,8,0.5,126,37,582.45,3,41,m,n
9979,0,0.3,12,40,250.96,7,39,f,y
9980,0,0.17,25,31,29354.8,9,28,m,y
9981,9,0.27,113,48,5294.26,7,48,f,n
9982,23,0.22,152,41,4903.36,5,47,m,y
9983,10,0.24,69,58,2877.49,1,62,m,y
9984,5,0.18,48,20,0.0,5,58,m,y
9985,1,0.45,49,47,1330.9,1,37,f,y
9986,12,0.28,158,32,0.0,6,49,f,n
9987,6,0.32,22,57,1135.72,8,49,f,y
9988,1,0.36,44,25,3987.89,7,28,m,w
9989,1,0.2,158,66,346.8,1,40,m,n
9990,3,0.36,104,72,6164.58,8,43,m,y
9991,3,0.25,44,21,70.85,9,76,m,y
9992,4,0.28,44,54,1235.82,10,57,m,y
9993,4,0.22,21,61,1391.44,2,64,f,n
9994,12,0.29,58,92,5512.83,1,32,f,y
9995,2,0.68,111,96,61775.78,6,72,f,y
9996,2,0.23,162,37,672.74,4,74,f,y
9997,0,0.18,15,38,6131.4,7,25,f,n
9998,11,0.27,7,35,532.33,3,44,m,n
9999,6,0.41,146,70,2262.71,3,62,f,n
10000,3,0.52,7,86,7499.77,8,64,f,w
